2025-03-22 13:25:07,148 INFO - Loaded executor: SequentialExecutor
2025-03-22 13:25:07,193 INFO - Starting the scheduler
2025-03-22 13:25:07,194 INFO - Processing each file at most -1 times
2025-03-22 13:25:07,198 INFO - Launched DagFileProcessorManager with pid: 138736
2025-03-22 13:25:07,200 INFO - Adopting or resetting orphaned tasks for active dag runs
2025-03-22 13:25:07,203 INFO - Configured default timezone UTC
2025-03-22 13:30:33,585 INFO - Adopting or resetting orphaned tasks for active dag runs
2025-03-22 13:30:48,502 INFO - Exiting gracefully upon receiving signal 15
2025-03-22 13:30:48,545 INFO - Sending 15 to group 138736. PIDs of all processes in the group: []
2025-03-22 13:30:48,546 INFO - Sending the signal 15 to group 138736
2025-03-22 13:30:48,546 INFO - Sending the signal 15 to process 138736 as process group is missing.
2025-03-22 13:30:48,546 INFO - Sending 15 to group 138736. PIDs of all processes in the group: []
2025-03-22 13:30:48,547 INFO - Sending the signal 15 to group 138736
2025-03-22 13:30:48,547 INFO - Sending the signal 15 to process 138736 as process group is missing.
2025-03-22 13:30:48,547 INFO - Exited execute loop
2025-03-22 13:31:16,445 INFO - Loaded executor: SequentialExecutor
2025-03-22 13:31:16,477 INFO - Starting the scheduler
2025-03-22 13:31:16,478 INFO - Processing each file at most -1 times
2025-03-22 13:31:16,481 INFO - Launched DagFileProcessorManager with pid: 139854
2025-03-22 13:31:16,482 INFO - Adopting or resetting orphaned tasks for active dag runs
2025-03-22 13:31:16,484 INFO - Configured default timezone UTC
2025-03-22 13:34:53,684 INFO - Exiting gracefully upon receiving signal 15
2025-03-22 13:34:53,729 INFO - Sending 15 to group 139854. PIDs of all processes in the group: []
2025-03-22 13:34:53,729 INFO - Sending the signal 15 to group 139854
2025-03-22 13:34:53,729 INFO - Sending the signal 15 to process 139854 as process group is missing.
2025-03-22 13:34:53,730 INFO - Sending 15 to group 139854. PIDs of all processes in the group: []
2025-03-22 13:34:53,730 INFO - Sending the signal 15 to group 139854
2025-03-22 13:34:53,730 INFO - Sending the signal 15 to process 139854 as process group is missing.
2025-03-22 13:34:53,730 INFO - Exited execute loop
2025-03-22 13:37:46,788 INFO - Loaded executor: SequentialExecutor
2025-03-22 13:37:46,819 INFO - Starting the scheduler
2025-03-22 13:37:46,820 INFO - Processing each file at most -1 times
2025-03-22 13:37:46,824 INFO - Launched DagFileProcessorManager with pid: 141090
2025-03-22 13:37:46,825 INFO - Adopting or resetting orphaned tasks for active dag runs
2025-03-22 13:37:46,827 INFO - Configured default timezone UTC
2025-03-22 13:43:13,250 INFO - Adopting or resetting orphaned tasks for active dag runs
2025-03-22 13:49:02,205 INFO - Adopting or resetting orphaned tasks for active dag runs
2025-03-22 13:54:28,676 INFO - Adopting or resetting orphaned tasks for active dag runs
2025-03-22 14:33:26,547 INFO - Heartbeat recovered after 2299.22 seconds
2025-03-22 14:38:07,967 INFO - Adopting or resetting orphaned tasks for active dag runs
2025-03-22 14:43:14,706 INFO - Exiting gracefully upon receiving signal 15
2025-03-22 14:43:14,910 INFO - Sending 15 to group 141090. PIDs of all processes in the group: []
2025-03-22 14:43:14,910 INFO - Sending the signal 15 to group 141090
2025-03-22 14:43:14,911 INFO - Sending the signal 15 to process 141090 as process group is missing.
2025-03-22 14:43:14,912 INFO - Sending 15 to group 141090. PIDs of all processes in the group: []
2025-03-22 14:43:14,912 INFO - Sending the signal 15 to group 141090
2025-03-22 14:43:14,914 INFO - Sending the signal 15 to process 141090 as process group is missing.
2025-03-22 14:43:14,914 INFO - Exited execute loop
2025-03-22 15:05:31,403 INFO - Loaded executor: SequentialExecutor
2025-03-22 15:05:31,442 INFO - Starting the scheduler
2025-03-22 15:05:31,443 INFO - Processing each file at most -1 times
2025-03-22 15:05:31,447 INFO - Launched DagFileProcessorManager with pid: 149319
2025-03-22 15:05:31,449 INFO - Adopting or resetting orphaned tasks for active dag runs
2025-03-22 15:05:31,451 INFO - Configured default timezone UTC
2025-03-22 15:07:36,513 INFO - Exiting gracefully upon receiving signal 15
2025-03-22 15:07:36,602 INFO - Sending 15 to group 149319. PIDs of all processes in the group: []
2025-03-22 15:07:36,602 INFO - Sending the signal 15 to group 149319
2025-03-22 15:07:36,602 INFO - Sending the signal 15 to process 149319 as process group is missing.
2025-03-22 15:07:36,603 INFO - Sending 15 to group 149319. PIDs of all processes in the group: []
2025-03-22 15:07:36,603 INFO - Sending the signal 15 to group 149319
2025-03-22 15:07:36,603 INFO - Sending the signal 15 to process 149319 as process group is missing.
2025-03-22 15:07:36,603 INFO - Exited execute loop
2025-03-22 15:08:33,029 INFO - Loaded executor: SequentialExecutor
2025-03-22 15:08:33,065 INFO - Starting the scheduler
2025-03-22 15:08:33,066 INFO - Processing each file at most -1 times
2025-03-22 15:08:33,069 INFO - Launched DagFileProcessorManager with pid: 149870
2025-03-22 15:08:33,072 INFO - Adopting or resetting orphaned tasks for active dag runs
2025-03-22 15:08:33,073 INFO - Configured default timezone UTC
2025-03-22 15:09:18,077 INFO - Exiting gracefully upon receiving signal 15
2025-03-22 15:09:18,126 INFO - Sending 15 to group 149870. PIDs of all processes in the group: []
2025-03-22 15:09:18,127 INFO - Sending the signal 15 to group 149870
2025-03-22 15:09:18,127 INFO - Sending the signal 15 to process 149870 as process group is missing.
2025-03-22 15:09:18,127 INFO - Sending 15 to group 149870. PIDs of all processes in the group: []
2025-03-22 15:09:18,127 INFO - Sending the signal 15 to group 149870
2025-03-22 15:09:18,128 INFO - Sending the signal 15 to process 149870 as process group is missing.
2025-03-22 15:09:18,128 INFO - Exited execute loop
2025-03-22 15:09:48,450 INFO - Loaded executor: SequentialExecutor
2025-03-22 15:09:48,481 INFO - Starting the scheduler
2025-03-22 15:09:48,482 INFO - Processing each file at most -1 times
2025-03-22 15:09:48,485 INFO - Launched DagFileProcessorManager with pid: 150122
2025-03-22 15:09:48,487 INFO - Adopting or resetting orphaned tasks for active dag runs
2025-03-22 15:09:48,488 INFO - Configured default timezone UTC
2025-03-22 15:10:43,889 INFO - Exiting gracefully upon receiving signal 15
2025-03-22 15:10:43,934 INFO - Sending 15 to group 150122. PIDs of all processes in the group: []
2025-03-22 15:10:43,934 INFO - Sending the signal 15 to group 150122
2025-03-22 15:10:43,935 INFO - Sending the signal 15 to process 150122 as process group is missing.
2025-03-22 15:10:43,935 INFO - Sending 15 to group 150122. PIDs of all processes in the group: []
2025-03-22 15:10:43,935 INFO - Sending the signal 15 to group 150122
2025-03-22 15:10:43,935 INFO - Sending the signal 15 to process 150122 as process group is missing.
2025-03-22 15:10:43,935 INFO - Exited execute loop
2025-03-22 15:22:22,940 INFO - Loaded executor: SequentialExecutor
2025-03-22 15:22:22,976 INFO - Starting the scheduler
2025-03-22 15:22:22,977 INFO - Processing each file at most -1 times
2025-03-22 15:22:22,981 INFO - Launched DagFileProcessorManager with pid: 152383
2025-03-22 15:22:22,982 INFO - Adopting or resetting orphaned tasks for active dag runs
2025-03-22 15:22:22,984 INFO - Configured default timezone UTC
2025-03-22 15:23:00,825 INFO - Exiting gracefully upon receiving signal 15
2025-03-22 15:23:00,869 INFO - Sending 15 to group 152383. PIDs of all processes in the group: []
2025-03-22 15:23:00,869 INFO - Sending the signal 15 to group 152383
2025-03-22 15:23:00,870 INFO - Sending the signal 15 to process 152383 as process group is missing.
2025-03-22 15:23:00,870 INFO - Sending 15 to group 152383. PIDs of all processes in the group: []
2025-03-22 15:23:00,870 INFO - Sending the signal 15 to group 152383
2025-03-22 15:23:00,870 INFO - Sending the signal 15 to process 152383 as process group is missing.
2025-03-22 15:23:00,870 INFO - Exited execute loop
2025-03-22 19:30:21,664 INFO - Loaded executor: LocalExecutor
2025-03-23 09:21:36,237 INFO - Loaded executor: LocalExecutor
2025-03-23 09:56:56,607 INFO - Loaded executor: LocalExecutor
2025-03-23 10:02:37,354 INFO - Loaded executor: LocalExecutor
2025-03-23 10:02:42,409 INFO - Starting the scheduler
2025-03-23 10:02:42,410 INFO - Processing each file at most -1 times
2025-03-23 10:02:42,534 INFO - Launched DagFileProcessorManager with pid: 1561
2025-03-23 10:02:42,537 INFO - Adopting or resetting orphaned tasks for active dag runs
2025-03-23 10:02:42,542 INFO - Configured default timezone UTC
2025-03-23 10:02:42,619 INFO - Setting next_dagrun for dbt_model_execution to 2025-03-23 00:00:00+00:00, run_after=2025-03-24 00:00:00+00:00
2025-03-23 10:02:42,671 INFO - 1 tasks up for execution:
	<TaskInstance: dbt_model_execution.run_dbt_model scheduled__2025-03-22T00:00:00+00:00 [scheduled]>
2025-03-23 10:02:42,672 INFO - DAG dbt_model_execution has 0/16 running and queued tasks
2025-03-23 10:02:42,672 INFO - Setting the following tasks to queued state:
	<TaskInstance: dbt_model_execution.run_dbt_model scheduled__2025-03-22T00:00:00+00:00 [scheduled]>
2025-03-23 10:02:42,674 INFO - Trying to enqueue tasks: [<TaskInstance: dbt_model_execution.run_dbt_model scheduled__2025-03-22T00:00:00+00:00 [scheduled]>] for executor: LocalExecutor(parallelism=32)
2025-03-23 10:02:42,675 INFO - Sending TaskInstanceKey(dag_id='dbt_model_execution', task_id='run_dbt_model', run_id='scheduled__2025-03-22T00:00:00+00:00', try_number=1, map_index=-1) to LocalExecutor with priority 1 and queue default
2025-03-23 10:02:42,675 INFO - Adding to queue: ['airflow', 'tasks', 'run', 'dbt_model_execution', 'run_dbt_model', 'scheduled__2025-03-22T00:00:00+00:00', '--local', '--subdir', 'DAGS_FOLDER/testdbt.py']
2025-03-23 10:02:42,679 INFO - QueuedLocalWorker running ['airflow', 'tasks', 'run', 'dbt_model_execution', 'run_dbt_model', 'scheduled__2025-03-22T00:00:00+00:00', '--local', '--subdir', 'DAGS_FOLDER/testdbt.py']
2025-03-23 10:02:42,712 INFO - Filling up the DagBag from /home/ravi/analytics_platform/Insurance_analytics/***/dags/testdbt.py
2025-03-23 10:02:42,741 INFO - Running <TaskInstance: dbt_model_execution.run_dbt_model scheduled__2025-03-22T00:00:00+00:00 [queued]> on host LAPTOP-4RSLRQ9T.
2025-03-23 10:02:52,595 INFO - Marking run <DagRun dbt_model_execution @ 2025-03-22 00:00:00+00:00: scheduled__2025-03-22T00:00:00+00:00, state:running, queued_at: 2025-03-23 10:02:42.593959+00:00. externally triggered: False> successful
2025-03-23 10:02:52,595 INFO - DagRun Finished: dag_id=dbt_model_execution, execution_date=2025-03-22 00:00:00+00:00, run_id=scheduled__2025-03-22T00:00:00+00:00, run_start_date=2025-03-23 10:02:42.633920+00:00, run_end_date=2025-03-23 10:02:52.595549+00:00, run_duration=9.961629, state=success, external_trigger=False, run_type=scheduled, data_interval_start=2025-03-22 00:00:00+00:00, data_interval_end=2025-03-23 00:00:00+00:00, dag_hash=ea0c48e6ae8bbda421c95aed5ef34a3c
2025-03-23 10:02:52,600 INFO - Setting next_dagrun for dbt_model_execution to 2025-03-23 00:00:00+00:00, run_after=2025-03-24 00:00:00+00:00
2025-03-23 10:02:52,610 INFO - Received executor event with state success for task instance TaskInstanceKey(dag_id='dbt_model_execution', task_id='run_dbt_model', run_id='scheduled__2025-03-22T00:00:00+00:00', try_number=1, map_index=-1)
2025-03-23 10:02:52,614 INFO - TaskInstance Finished: dag_id=dbt_model_execution, task_id=run_dbt_model, run_id=scheduled__2025-03-22T00:00:00+00:00, map_index=-1, run_start_date=2025-03-23 10:02:42.802052+00:00, run_end_date=2025-03-23 10:02:52.254632+00:00, run_duration=9.45258, state=success, executor=LocalExecutor(parallelism=32), executor_state=success, try_number=1, max_tries=1, job_id=46, pool=default_pool, queue=default, priority_weight=1, operator=BashOperator, queued_dttm=2025-03-23 10:02:42.672765+00:00, queued_by_job_id=45, pid=1586
2025-03-23 10:08:11,931 INFO - Adopting or resetting orphaned tasks for active dag runs
2025-03-23 10:08:58,672 INFO - Exiting gracefully upon receiving signal 15
2025-03-23 10:08:58,744 INFO - Sending 15 to group 1561. PIDs of all processes in the group: []
2025-03-23 10:08:58,744 INFO - Sending the signal 15 to group 1561
2025-03-23 10:08:58,745 INFO - Sending the signal 15 to process 1561 as process group is missing.
2025-03-23 10:08:58,745 INFO - Shutting down LocalExecutor; waiting for running tasks to finish.  Signal again if you don't want to wait.
2025-03-23 10:08:58,845 INFO - Sending 15 to group 1561. PIDs of all processes in the group: []
2025-03-23 10:08:58,845 INFO - Sending the signal 15 to group 1561
2025-03-23 10:08:58,845 INFO - Sending the signal 15 to process 1561 as process group is missing.
2025-03-23 10:08:58,846 INFO - Exited execute loop
2025-03-23 10:09:10,096 INFO - Loaded executor: LocalExecutor
2025-03-23 10:09:18,041 INFO - Starting the scheduler
2025-03-23 10:09:18,042 INFO - Processing each file at most -1 times
2025-03-23 10:09:18,152 INFO - Launched DagFileProcessorManager with pid: 3151
2025-03-23 10:09:18,158 INFO - Adopting or resetting orphaned tasks for active dag runs
2025-03-23 10:09:18,205 INFO - Configured default timezone UTC
2025-03-23 10:14:44,661 INFO - Adopting or resetting orphaned tasks for active dag runs
2025-03-23 10:20:11,091 INFO - Adopting or resetting orphaned tasks for active dag runs
2025-03-23 10:25:40,453 INFO - Adopting or resetting orphaned tasks for active dag runs
2025-03-23 10:31:06,816 INFO - Adopting or resetting orphaned tasks for active dag runs
2025-03-23 10:36:33,238 INFO - Adopting or resetting orphaned tasks for active dag runs
2025-03-23 10:37:24,585 INFO - Setting next_dagrun for snowflake_data_pipeline to 2025-03-22 01:00:00+00:00, run_after=2025-03-22 02:00:00+00:00
2025-03-23 10:37:24,650 INFO - 2 tasks up for execution:
	<TaskInstance: snowflake_data_pipeline.check_new_data scheduled__2025-03-22T00:00:00+00:00 [scheduled]>
	<TaskInstance: snowflake_data_pipeline.check_new_data manual__2025-03-23T10:37:24.347928+00:00 [scheduled]>
2025-03-23 10:37:24,651 INFO - DAG snowflake_data_pipeline has 0/16 running and queued tasks
2025-03-23 10:37:24,651 INFO - DAG snowflake_data_pipeline has 1/16 running and queued tasks
2025-03-23 10:37:24,651 INFO - Setting the following tasks to queued state:
	<TaskInstance: snowflake_data_pipeline.check_new_data scheduled__2025-03-22T00:00:00+00:00 [scheduled]>
	<TaskInstance: snowflake_data_pipeline.check_new_data manual__2025-03-23T10:37:24.347928+00:00 [scheduled]>
2025-03-23 10:37:24,655 INFO - Trying to enqueue tasks: [<TaskInstance: snowflake_data_pipeline.check_new_data scheduled__2025-03-22T00:00:00+00:00 [scheduled]>, <TaskInstance: snowflake_data_pipeline.check_new_data manual__2025-03-23T10:37:24.347928+00:00 [scheduled]>] for executor: LocalExecutor(parallelism=32)
2025-03-23 10:37:24,659 INFO - Sending TaskInstanceKey(dag_id='snowflake_data_pipeline', task_id='check_new_data', run_id='scheduled__2025-03-22T00:00:00+00:00', try_number=1, map_index=-1) to LocalExecutor with priority 2 and queue default
2025-03-23 10:37:24,659 INFO - Adding to queue: ['airflow', 'tasks', 'run', 'snowflake_data_pipeline', 'check_new_data', 'scheduled__2025-03-22T00:00:00+00:00', '--local', '--subdir', 'DAGS_FOLDER/check_data_availabilty.py']
2025-03-23 10:37:24,660 INFO - Sending TaskInstanceKey(dag_id='snowflake_data_pipeline', task_id='check_new_data', run_id='manual__2025-03-23T10:37:24.347928+00:00', try_number=1, map_index=-1) to LocalExecutor with priority 2 and queue default
2025-03-23 10:37:24,660 INFO - Adding to queue: ['airflow', 'tasks', 'run', 'snowflake_data_pipeline', 'check_new_data', 'manual__2025-03-23T10:37:24.347928+00:00', '--local', '--subdir', 'DAGS_FOLDER/check_data_availabilty.py']
2025-03-23 10:37:24,712 INFO - Setting next_dagrun for snowflake_data_pipeline to 2025-03-22 02:00:00+00:00, run_after=2025-03-22 03:00:00+00:00
2025-03-23 10:37:24,721 INFO - QueuedLocalWorker running ['airflow', 'tasks', 'run', 'snowflake_data_pipeline', 'check_new_data', 'manual__2025-03-23T10:37:24.347928+00:00', '--local', '--subdir', 'DAGS_FOLDER/check_data_availabilty.py']
2025-03-23 10:37:24,720 INFO - QueuedLocalWorker running ['airflow', 'tasks', 'run', 'snowflake_data_pipeline', 'check_new_data', 'scheduled__2025-03-22T00:00:00+00:00', '--local', '--subdir', 'DAGS_FOLDER/check_data_availabilty.py']
2025-03-23 10:37:24,765 INFO - 1 tasks up for execution:
	<TaskInstance: snowflake_data_pipeline.check_new_data scheduled__2025-03-22T01:00:00+00:00 [scheduled]>
2025-03-23 10:37:24,765 INFO - DAG snowflake_data_pipeline has 2/16 running and queued tasks
2025-03-23 10:37:24,765 INFO - Setting the following tasks to queued state:
	<TaskInstance: snowflake_data_pipeline.check_new_data scheduled__2025-03-22T01:00:00+00:00 [scheduled]>
2025-03-23 10:37:24,767 INFO - Trying to enqueue tasks: [<TaskInstance: snowflake_data_pipeline.check_new_data scheduled__2025-03-22T01:00:00+00:00 [scheduled]>] for executor: LocalExecutor(parallelism=32)
2025-03-23 10:37:24,768 INFO - Sending TaskInstanceKey(dag_id='snowflake_data_pipeline', task_id='check_new_data', run_id='scheduled__2025-03-22T01:00:00+00:00', try_number=1, map_index=-1) to LocalExecutor with priority 2 and queue default
2025-03-23 10:37:24,768 INFO - Adding to queue: ['airflow', 'tasks', 'run', 'snowflake_data_pipeline', 'check_new_data', 'scheduled__2025-03-22T01:00:00+00:00', '--local', '--subdir', 'DAGS_FOLDER/check_data_availabilty.py']
2025-03-23 10:37:24,793 INFO - QueuedLocalWorker running ['airflow', 'tasks', 'run', 'snowflake_data_pipeline', 'check_new_data', 'scheduled__2025-03-22T01:00:00+00:00', '--local', '--subdir', 'DAGS_FOLDER/check_data_availabilty.py']
2025-03-23 10:37:24,799 INFO - Setting next_dagrun for snowflake_data_pipeline to 2025-03-22 03:00:00+00:00, run_after=2025-03-22 04:00:00+00:00
2025-03-23 10:37:24,843 INFO - 1 tasks up for execution:
	<TaskInstance: snowflake_data_pipeline.check_new_data scheduled__2025-03-22T02:00:00+00:00 [scheduled]>
2025-03-23 10:37:24,843 INFO - DAG snowflake_data_pipeline has 3/16 running and queued tasks
2025-03-23 10:37:24,843 INFO - Setting the following tasks to queued state:
	<TaskInstance: snowflake_data_pipeline.check_new_data scheduled__2025-03-22T02:00:00+00:00 [scheduled]>
2025-03-23 10:37:24,844 INFO - Trying to enqueue tasks: [<TaskInstance: snowflake_data_pipeline.check_new_data scheduled__2025-03-22T02:00:00+00:00 [scheduled]>] for executor: LocalExecutor(parallelism=32)
2025-03-23 10:37:24,845 INFO - Sending TaskInstanceKey(dag_id='snowflake_data_pipeline', task_id='check_new_data', run_id='scheduled__2025-03-22T02:00:00+00:00', try_number=1, map_index=-1) to LocalExecutor with priority 2 and queue default
2025-03-23 10:37:24,845 INFO - Adding to queue: ['airflow', 'tasks', 'run', 'snowflake_data_pipeline', 'check_new_data', 'scheduled__2025-03-22T02:00:00+00:00', '--local', '--subdir', 'DAGS_FOLDER/check_data_availabilty.py']
2025-03-23 10:37:24,861 INFO - QueuedLocalWorker running ['airflow', 'tasks', 'run', 'snowflake_data_pipeline', 'check_new_data', 'scheduled__2025-03-22T02:00:00+00:00', '--local', '--subdir', 'DAGS_FOLDER/check_data_availabilty.py']
2025-03-23 10:37:24,868 INFO - Setting next_dagrun for snowflake_data_pipeline to 2025-03-22 04:00:00+00:00, run_after=2025-03-22 05:00:00+00:00
2025-03-23 10:37:24,922 INFO - 1 tasks up for execution:
	<TaskInstance: snowflake_data_pipeline.check_new_data scheduled__2025-03-22T03:00:00+00:00 [scheduled]>
2025-03-23 10:37:24,922 INFO - DAG snowflake_data_pipeline has 4/16 running and queued tasks
2025-03-23 10:37:24,922 INFO - Setting the following tasks to queued state:
	<TaskInstance: snowflake_data_pipeline.check_new_data scheduled__2025-03-22T03:00:00+00:00 [scheduled]>
2025-03-23 10:37:24,923 INFO - Trying to enqueue tasks: [<TaskInstance: snowflake_data_pipeline.check_new_data scheduled__2025-03-22T03:00:00+00:00 [scheduled]>] for executor: LocalExecutor(parallelism=32)
2025-03-23 10:37:24,924 INFO - Sending TaskInstanceKey(dag_id='snowflake_data_pipeline', task_id='check_new_data', run_id='scheduled__2025-03-22T03:00:00+00:00', try_number=1, map_index=-1) to LocalExecutor with priority 2 and queue default
2025-03-23 10:37:24,924 INFO - Adding to queue: ['airflow', 'tasks', 'run', 'snowflake_data_pipeline', 'check_new_data', 'scheduled__2025-03-22T03:00:00+00:00', '--local', '--subdir', 'DAGS_FOLDER/check_data_availabilty.py']
2025-03-23 10:37:24,938 INFO - QueuedLocalWorker running ['airflow', 'tasks', 'run', 'snowflake_data_pipeline', 'check_new_data', 'scheduled__2025-03-22T03:00:00+00:00', '--local', '--subdir', 'DAGS_FOLDER/check_data_availabilty.py']
2025-03-23 10:37:24,934 INFO - Filling up the DagBag from /home/ravi/analytics_platform/Insurance_analytics/***/dags/check_data_availabilty.py
2025-03-23 10:37:24,935 INFO - Filling up the DagBag from /home/ravi/analytics_platform/Insurance_analytics/***/dags/check_data_availabilty.py
2025-03-23 10:37:24,935 INFO - Filling up the DagBag from /home/ravi/analytics_platform/Insurance_analytics/***/dags/check_data_availabilty.py
2025-03-23 10:37:24,939 INFO - Filling up the DagBag from /home/ravi/analytics_platform/Insurance_analytics/***/dags/check_data_availabilty.py
2025-03-23 10:37:24,952 INFO - Setting next_dagrun for snowflake_data_pipeline to 2025-03-22 05:00:00+00:00, run_after=2025-03-22 06:00:00+00:00
2025-03-23 10:37:24,988 INFO - Filling up the DagBag from /home/ravi/analytics_platform/Insurance_analytics/***/dags/check_data_availabilty.py
2025-03-23 10:37:25,009 INFO - 1 tasks up for execution:
	<TaskInstance: snowflake_data_pipeline.check_new_data scheduled__2025-03-22T04:00:00+00:00 [scheduled]>
2025-03-23 10:37:25,010 INFO - DAG snowflake_data_pipeline has 5/16 running and queued tasks
2025-03-23 10:37:25,010 INFO - Setting the following tasks to queued state:
	<TaskInstance: snowflake_data_pipeline.check_new_data scheduled__2025-03-22T04:00:00+00:00 [scheduled]>
2025-03-23 10:37:25,012 INFO - Trying to enqueue tasks: [<TaskInstance: snowflake_data_pipeline.check_new_data scheduled__2025-03-22T04:00:00+00:00 [scheduled]>] for executor: LocalExecutor(parallelism=32)
2025-03-23 10:37:25,012 INFO - Sending TaskInstanceKey(dag_id='snowflake_data_pipeline', task_id='check_new_data', run_id='scheduled__2025-03-22T04:00:00+00:00', try_number=1, map_index=-1) to LocalExecutor with priority 2 and queue default
2025-03-23 10:37:25,012 INFO - Adding to queue: ['airflow', 'tasks', 'run', 'snowflake_data_pipeline', 'check_new_data', 'scheduled__2025-03-22T04:00:00+00:00', '--local', '--subdir', 'DAGS_FOLDER/check_data_availabilty.py']
2025-03-23 10:37:25,030 INFO - QueuedLocalWorker running ['airflow', 'tasks', 'run', 'snowflake_data_pipeline', 'check_new_data', 'scheduled__2025-03-22T04:00:00+00:00', '--local', '--subdir', 'DAGS_FOLDER/check_data_availabilty.py']
2025-03-23 10:37:25,038 INFO - Setting next_dagrun for snowflake_data_pipeline to 2025-03-22 06:00:00+00:00, run_after=2025-03-22 07:00:00+00:00
2025-03-23 10:37:25,094 INFO - Filling up the DagBag from /home/ravi/analytics_platform/Insurance_analytics/***/dags/check_data_availabilty.py
2025-03-23 10:37:25,125 INFO - 1 tasks up for execution:
	<TaskInstance: snowflake_data_pipeline.check_new_data scheduled__2025-03-22T05:00:00+00:00 [scheduled]>
2025-03-23 10:37:25,125 INFO - DAG snowflake_data_pipeline has 6/16 running and queued tasks
2025-03-23 10:37:25,126 INFO - Setting the following tasks to queued state:
	<TaskInstance: snowflake_data_pipeline.check_new_data scheduled__2025-03-22T05:00:00+00:00 [scheduled]>
2025-03-23 10:37:25,129 INFO - Trying to enqueue tasks: [<TaskInstance: snowflake_data_pipeline.check_new_data scheduled__2025-03-22T05:00:00+00:00 [scheduled]>] for executor: LocalExecutor(parallelism=32)
2025-03-23 10:37:25,130 INFO - Sending TaskInstanceKey(dag_id='snowflake_data_pipeline', task_id='check_new_data', run_id='scheduled__2025-03-22T05:00:00+00:00', try_number=1, map_index=-1) to LocalExecutor with priority 2 and queue default
2025-03-23 10:37:25,130 INFO - Adding to queue: ['airflow', 'tasks', 'run', 'snowflake_data_pipeline', 'check_new_data', 'scheduled__2025-03-22T05:00:00+00:00', '--local', '--subdir', 'DAGS_FOLDER/check_data_availabilty.py']
2025-03-23 10:37:25,164 INFO - Setting next_dagrun for snowflake_data_pipeline to 2025-03-22 07:00:00+00:00, run_after=2025-03-22 08:00:00+00:00
2025-03-23 10:37:25,164 INFO - QueuedLocalWorker running ['airflow', 'tasks', 'run', 'snowflake_data_pipeline', 'check_new_data', 'scheduled__2025-03-22T05:00:00+00:00', '--local', '--subdir', 'DAGS_FOLDER/check_data_availabilty.py']
2025-03-23 10:37:25,326 INFO - Filling up the DagBag from /home/ravi/analytics_platform/Insurance_analytics/***/dags/check_data_availabilty.py
2025-03-23 10:37:25,338 INFO - 1 tasks up for execution:
	<TaskInstance: snowflake_data_pipeline.check_new_data scheduled__2025-03-22T06:00:00+00:00 [scheduled]>
2025-03-23 10:37:25,338 INFO - DAG snowflake_data_pipeline has 7/16 running and queued tasks
2025-03-23 10:37:25,338 INFO - Setting the following tasks to queued state:
	<TaskInstance: snowflake_data_pipeline.check_new_data scheduled__2025-03-22T06:00:00+00:00 [scheduled]>
2025-03-23 10:37:25,341 INFO - Trying to enqueue tasks: [<TaskInstance: snowflake_data_pipeline.check_new_data scheduled__2025-03-22T06:00:00+00:00 [scheduled]>] for executor: LocalExecutor(parallelism=32)
2025-03-23 10:37:25,341 INFO - Sending TaskInstanceKey(dag_id='snowflake_data_pipeline', task_id='check_new_data', run_id='scheduled__2025-03-22T06:00:00+00:00', try_number=1, map_index=-1) to LocalExecutor with priority 2 and queue default
2025-03-23 10:37:25,342 INFO - Adding to queue: ['airflow', 'tasks', 'run', 'snowflake_data_pipeline', 'check_new_data', 'scheduled__2025-03-22T06:00:00+00:00', '--local', '--subdir', 'DAGS_FOLDER/check_data_availabilty.py']
2025-03-23 10:37:25,376 INFO - Setting next_dagrun for snowflake_data_pipeline to 2025-03-22 08:00:00+00:00, run_after=2025-03-22 09:00:00+00:00
2025-03-23 10:37:25,367 INFO - QueuedLocalWorker running ['airflow', 'tasks', 'run', 'snowflake_data_pipeline', 'check_new_data', 'scheduled__2025-03-22T06:00:00+00:00', '--local', '--subdir', 'DAGS_FOLDER/check_data_availabilty.py']
2025-03-23 10:37:25,499 INFO - Filling up the DagBag from /home/ravi/analytics_platform/Insurance_analytics/***/dags/check_data_availabilty.py
2025-03-23 10:37:25,508 INFO - 1 tasks up for execution:
	<TaskInstance: snowflake_data_pipeline.check_new_data scheduled__2025-03-22T07:00:00+00:00 [scheduled]>
2025-03-23 10:37:25,508 INFO - DAG snowflake_data_pipeline has 8/16 running and queued tasks
2025-03-23 10:37:25,509 INFO - Setting the following tasks to queued state:
	<TaskInstance: snowflake_data_pipeline.check_new_data scheduled__2025-03-22T07:00:00+00:00 [scheduled]>
2025-03-23 10:37:25,510 INFO - Trying to enqueue tasks: [<TaskInstance: snowflake_data_pipeline.check_new_data scheduled__2025-03-22T07:00:00+00:00 [scheduled]>] for executor: LocalExecutor(parallelism=32)
2025-03-23 10:37:25,511 INFO - Sending TaskInstanceKey(dag_id='snowflake_data_pipeline', task_id='check_new_data', run_id='scheduled__2025-03-22T07:00:00+00:00', try_number=1, map_index=-1) to LocalExecutor with priority 2 and queue default
2025-03-23 10:37:25,511 INFO - Adding to queue: ['airflow', 'tasks', 'run', 'snowflake_data_pipeline', 'check_new_data', 'scheduled__2025-03-22T07:00:00+00:00', '--local', '--subdir', 'DAGS_FOLDER/check_data_availabilty.py']
2025-03-23 10:37:25,535 INFO - Setting next_dagrun for snowflake_data_pipeline to 2025-03-22 09:00:00+00:00, run_after=2025-03-22 10:00:00+00:00
2025-03-23 10:37:25,531 INFO - QueuedLocalWorker running ['airflow', 'tasks', 'run', 'snowflake_data_pipeline', 'check_new_data', 'scheduled__2025-03-22T07:00:00+00:00', '--local', '--subdir', 'DAGS_FOLDER/check_data_availabilty.py']
2025-03-23 10:37:25,672 INFO - 1 tasks up for execution:
	<TaskInstance: snowflake_data_pipeline.check_new_data scheduled__2025-03-22T08:00:00+00:00 [scheduled]>
2025-03-23 10:37:25,672 INFO - DAG snowflake_data_pipeline has 9/16 running and queued tasks
2025-03-23 10:37:25,673 INFO - Setting the following tasks to queued state:
	<TaskInstance: snowflake_data_pipeline.check_new_data scheduled__2025-03-22T08:00:00+00:00 [scheduled]>
2025-03-23 10:37:25,674 INFO - Trying to enqueue tasks: [<TaskInstance: snowflake_data_pipeline.check_new_data scheduled__2025-03-22T08:00:00+00:00 [scheduled]>] for executor: LocalExecutor(parallelism=32)
2025-03-23 10:37:25,675 INFO - Sending TaskInstanceKey(dag_id='snowflake_data_pipeline', task_id='check_new_data', run_id='scheduled__2025-03-22T08:00:00+00:00', try_number=1, map_index=-1) to LocalExecutor with priority 2 and queue default
2025-03-23 10:37:25,675 INFO - Adding to queue: ['airflow', 'tasks', 'run', 'snowflake_data_pipeline', 'check_new_data', 'scheduled__2025-03-22T08:00:00+00:00', '--local', '--subdir', 'DAGS_FOLDER/check_data_availabilty.py']
2025-03-23 10:37:25,680 INFO - Filling up the DagBag from /home/ravi/analytics_platform/Insurance_analytics/***/dags/check_data_availabilty.py
2025-03-23 10:37:25,704 INFO - Setting next_dagrun for snowflake_data_pipeline to 2025-03-22 10:00:00+00:00, run_after=2025-03-22 11:00:00+00:00
2025-03-23 10:37:25,737 INFO - QueuedLocalWorker running ['airflow', 'tasks', 'run', 'snowflake_data_pipeline', 'check_new_data', 'scheduled__2025-03-22T08:00:00+00:00', '--local', '--subdir', 'DAGS_FOLDER/check_data_availabilty.py']
2025-03-23 10:37:25,839 INFO - Filling up the DagBag from /home/ravi/analytics_platform/Insurance_analytics/***/dags/check_data_availabilty.py
2025-03-23 10:37:25,857 INFO - 1 tasks up for execution:
	<TaskInstance: snowflake_data_pipeline.check_new_data scheduled__2025-03-22T09:00:00+00:00 [scheduled]>
2025-03-23 10:37:25,858 INFO - DAG snowflake_data_pipeline has 10/16 running and queued tasks
2025-03-23 10:37:25,858 INFO - Setting the following tasks to queued state:
	<TaskInstance: snowflake_data_pipeline.check_new_data scheduled__2025-03-22T09:00:00+00:00 [scheduled]>
2025-03-23 10:37:25,860 INFO - Trying to enqueue tasks: [<TaskInstance: snowflake_data_pipeline.check_new_data scheduled__2025-03-22T09:00:00+00:00 [scheduled]>] for executor: LocalExecutor(parallelism=32)
2025-03-23 10:37:25,861 INFO - Sending TaskInstanceKey(dag_id='snowflake_data_pipeline', task_id='check_new_data', run_id='scheduled__2025-03-22T09:00:00+00:00', try_number=1, map_index=-1) to LocalExecutor with priority 2 and queue default
2025-03-23 10:37:25,861 INFO - Adding to queue: ['airflow', 'tasks', 'run', 'snowflake_data_pipeline', 'check_new_data', 'scheduled__2025-03-22T09:00:00+00:00', '--local', '--subdir', 'DAGS_FOLDER/check_data_availabilty.py']
2025-03-23 10:37:25,892 INFO - Setting next_dagrun for snowflake_data_pipeline to 2025-03-22 11:00:00+00:00, run_after=2025-03-22 12:00:00+00:00
2025-03-23 10:37:25,928 INFO - QueuedLocalWorker running ['airflow', 'tasks', 'run', 'snowflake_data_pipeline', 'check_new_data', 'scheduled__2025-03-22T09:00:00+00:00', '--local', '--subdir', 'DAGS_FOLDER/check_data_availabilty.py']
2025-03-23 10:37:26,033 INFO - 1 tasks up for execution:
	<TaskInstance: snowflake_data_pipeline.check_new_data scheduled__2025-03-22T10:00:00+00:00 [scheduled]>
2025-03-23 10:37:26,034 INFO - DAG snowflake_data_pipeline has 11/16 running and queued tasks
2025-03-23 10:37:26,034 INFO - Setting the following tasks to queued state:
	<TaskInstance: snowflake_data_pipeline.check_new_data scheduled__2025-03-22T10:00:00+00:00 [scheduled]>
2025-03-23 10:37:26,036 INFO - Trying to enqueue tasks: [<TaskInstance: snowflake_data_pipeline.check_new_data scheduled__2025-03-22T10:00:00+00:00 [scheduled]>] for executor: LocalExecutor(parallelism=32)
2025-03-23 10:37:26,046 INFO - Sending TaskInstanceKey(dag_id='snowflake_data_pipeline', task_id='check_new_data', run_id='scheduled__2025-03-22T10:00:00+00:00', try_number=1, map_index=-1) to LocalExecutor with priority 2 and queue default
2025-03-23 10:37:26,046 INFO - Adding to queue: ['airflow', 'tasks', 'run', 'snowflake_data_pipeline', 'check_new_data', 'scheduled__2025-03-22T10:00:00+00:00', '--local', '--subdir', 'DAGS_FOLDER/check_data_availabilty.py']
2025-03-23 10:37:26,082 INFO - Setting next_dagrun for snowflake_data_pipeline to 2025-03-22 12:00:00+00:00, run_after=2025-03-22 13:00:00+00:00
2025-03-23 10:37:26,078 INFO - Filling up the DagBag from /home/ravi/analytics_platform/Insurance_analytics/***/dags/check_data_availabilty.py
2025-03-23 10:37:26,201 INFO - 1 tasks up for execution:
	<TaskInstance: snowflake_data_pipeline.check_new_data scheduled__2025-03-22T11:00:00+00:00 [scheduled]>
2025-03-23 10:37:26,202 INFO - DAG snowflake_data_pipeline has 12/16 running and queued tasks
2025-03-23 10:37:26,202 INFO - Setting the following tasks to queued state:
	<TaskInstance: snowflake_data_pipeline.check_new_data scheduled__2025-03-22T11:00:00+00:00 [scheduled]>
2025-03-23 10:37:26,204 INFO - Trying to enqueue tasks: [<TaskInstance: snowflake_data_pipeline.check_new_data scheduled__2025-03-22T11:00:00+00:00 [scheduled]>] for executor: LocalExecutor(parallelism=32)
2025-03-23 10:37:26,204 INFO - Sending TaskInstanceKey(dag_id='snowflake_data_pipeline', task_id='check_new_data', run_id='scheduled__2025-03-22T11:00:00+00:00', try_number=1, map_index=-1) to LocalExecutor with priority 2 and queue default
2025-03-23 10:37:26,205 INFO - Adding to queue: ['airflow', 'tasks', 'run', 'snowflake_data_pipeline', 'check_new_data', 'scheduled__2025-03-22T11:00:00+00:00', '--local', '--subdir', 'DAGS_FOLDER/check_data_availabilty.py']
2025-03-23 10:37:26,163 INFO - QueuedLocalWorker running ['airflow', 'tasks', 'run', 'snowflake_data_pipeline', 'check_new_data', 'scheduled__2025-03-22T10:00:00+00:00', '--local', '--subdir', 'DAGS_FOLDER/check_data_availabilty.py']
2025-03-23 10:37:26,232 INFO - Setting next_dagrun for snowflake_data_pipeline to 2025-03-22 13:00:00+00:00, run_after=2025-03-22 14:00:00+00:00
2025-03-23 10:37:26,305 INFO - QueuedLocalWorker running ['airflow', 'tasks', 'run', 'snowflake_data_pipeline', 'check_new_data', 'scheduled__2025-03-22T11:00:00+00:00', '--local', '--subdir', 'DAGS_FOLDER/check_data_availabilty.py']
2025-03-23 10:37:26,385 INFO - 1 tasks up for execution:
	<TaskInstance: snowflake_data_pipeline.check_new_data scheduled__2025-03-22T12:00:00+00:00 [scheduled]>
2025-03-23 10:37:26,386 INFO - DAG snowflake_data_pipeline has 13/16 running and queued tasks
2025-03-23 10:37:26,386 INFO - Setting the following tasks to queued state:
	<TaskInstance: snowflake_data_pipeline.check_new_data scheduled__2025-03-22T12:00:00+00:00 [scheduled]>
2025-03-23 10:37:26,389 INFO - Trying to enqueue tasks: [<TaskInstance: snowflake_data_pipeline.check_new_data scheduled__2025-03-22T12:00:00+00:00 [scheduled]>] for executor: LocalExecutor(parallelism=32)
2025-03-23 10:37:26,391 INFO - Sending TaskInstanceKey(dag_id='snowflake_data_pipeline', task_id='check_new_data', run_id='scheduled__2025-03-22T12:00:00+00:00', try_number=1, map_index=-1) to LocalExecutor with priority 2 and queue default
2025-03-23 10:37:26,391 INFO - Adding to queue: ['airflow', 'tasks', 'run', 'snowflake_data_pipeline', 'check_new_data', 'scheduled__2025-03-22T12:00:00+00:00', '--local', '--subdir', 'DAGS_FOLDER/check_data_availabilty.py']
2025-03-23 10:37:26,413 INFO - Filling up the DagBag from /home/ravi/analytics_platform/Insurance_analytics/***/dags/check_data_availabilty.py
2025-03-23 10:37:26,438 INFO - Setting next_dagrun for snowflake_data_pipeline to 2025-03-22 14:00:00+00:00, run_after=2025-03-22 15:00:00+00:00
2025-03-23 10:37:26,490 INFO - Filling up the DagBag from /home/ravi/analytics_platform/Insurance_analytics/***/dags/check_data_availabilty.py
2025-03-23 10:37:26,507 INFO - QueuedLocalWorker running ['airflow', 'tasks', 'run', 'snowflake_data_pipeline', 'check_new_data', 'scheduled__2025-03-22T12:00:00+00:00', '--local', '--subdir', 'DAGS_FOLDER/check_data_availabilty.py']
2025-03-23 10:37:26,731 INFO - 1 tasks up for execution:
	<TaskInstance: snowflake_data_pipeline.check_new_data scheduled__2025-03-22T13:00:00+00:00 [scheduled]>
2025-03-23 10:37:26,733 INFO - DAG snowflake_data_pipeline has 14/16 running and queued tasks
2025-03-23 10:37:26,735 INFO - Setting the following tasks to queued state:
	<TaskInstance: snowflake_data_pipeline.check_new_data scheduled__2025-03-22T13:00:00+00:00 [scheduled]>
2025-03-23 10:37:26,740 INFO - Trying to enqueue tasks: [<TaskInstance: snowflake_data_pipeline.check_new_data scheduled__2025-03-22T13:00:00+00:00 [scheduled]>] for executor: LocalExecutor(parallelism=32)
2025-03-23 10:37:26,742 INFO - Sending TaskInstanceKey(dag_id='snowflake_data_pipeline', task_id='check_new_data', run_id='scheduled__2025-03-22T13:00:00+00:00', try_number=1, map_index=-1) to LocalExecutor with priority 2 and queue default
2025-03-23 10:37:26,743 INFO - Adding to queue: ['airflow', 'tasks', 'run', 'snowflake_data_pipeline', 'check_new_data', 'scheduled__2025-03-22T13:00:00+00:00', '--local', '--subdir', 'DAGS_FOLDER/check_data_availabilty.py']
2025-03-23 10:37:26,783 INFO - DAG snowflake_data_pipeline is at (or above) max_active_runs (16 of 16), not creating any more runs
2025-03-23 10:37:26,821 INFO - Filling up the DagBag from /home/ravi/analytics_platform/Insurance_analytics/***/dags/check_data_availabilty.py
2025-03-23 10:37:26,879 INFO - QueuedLocalWorker running ['airflow', 'tasks', 'run', 'snowflake_data_pipeline', 'check_new_data', 'scheduled__2025-03-22T13:00:00+00:00', '--local', '--subdir', 'DAGS_FOLDER/check_data_availabilty.py']
2025-03-23 10:37:27,194 INFO - 1 tasks up for execution:
	<TaskInstance: snowflake_data_pipeline.check_new_data scheduled__2025-03-22T14:00:00+00:00 [scheduled]>
2025-03-23 10:37:27,196 INFO - DAG snowflake_data_pipeline has 15/16 running and queued tasks
2025-03-23 10:37:27,196 INFO - Setting the following tasks to queued state:
	<TaskInstance: snowflake_data_pipeline.check_new_data scheduled__2025-03-22T14:00:00+00:00 [scheduled]>
2025-03-23 10:37:27,193 INFO - Filling up the DagBag from /home/ravi/analytics_platform/Insurance_analytics/***/dags/check_data_availabilty.py
2025-03-23 10:37:27,205 INFO - Trying to enqueue tasks: [<TaskInstance: snowflake_data_pipeline.check_new_data scheduled__2025-03-22T14:00:00+00:00 [scheduled]>] for executor: LocalExecutor(parallelism=32)
2025-03-23 10:37:27,207 INFO - Sending TaskInstanceKey(dag_id='snowflake_data_pipeline', task_id='check_new_data', run_id='scheduled__2025-03-22T14:00:00+00:00', try_number=1, map_index=-1) to LocalExecutor with priority 2 and queue default
2025-03-23 10:37:27,208 INFO - Adding to queue: ['airflow', 'tasks', 'run', 'snowflake_data_pipeline', 'check_new_data', 'scheduled__2025-03-22T14:00:00+00:00', '--local', '--subdir', 'DAGS_FOLDER/check_data_availabilty.py']
2025-03-23 10:37:27,314 INFO - QueuedLocalWorker running ['airflow', 'tasks', 'run', 'snowflake_data_pipeline', 'check_new_data', 'scheduled__2025-03-22T14:00:00+00:00', '--local', '--subdir', 'DAGS_FOLDER/check_data_availabilty.py']
2025-03-23 10:37:31,033 INFO - Filling up the DagBag from /home/ravi/analytics_platform/Insurance_analytics/***/dags/check_data_availabilty.py
2025-03-23 10:37:35,346 INFO - Running <TaskInstance: snowflake_data_pipeline.check_new_data scheduled__2025-03-22T05:00:00+00:00 [queued]> on host LAPTOP-4RSLRQ9T.
2025-03-23 10:37:35,349 INFO - Running <TaskInstance: snowflake_data_pipeline.check_new_data scheduled__2025-03-22T11:00:00+00:00 [queued]> on host LAPTOP-4RSLRQ9T.
2025-03-23 10:37:35,361 INFO - Running <TaskInstance: snowflake_data_pipeline.check_new_data scheduled__2025-03-22T06:00:00+00:00 [queued]> on host LAPTOP-4RSLRQ9T.
2025-03-23 10:37:35,395 INFO - Running <TaskInstance: snowflake_data_pipeline.check_new_data scheduled__2025-03-22T04:00:00+00:00 [queued]> on host LAPTOP-4RSLRQ9T.
2025-03-23 10:37:35,408 INFO - Running <TaskInstance: snowflake_data_pipeline.check_new_data scheduled__2025-03-22T12:00:00+00:00 [queued]> on host LAPTOP-4RSLRQ9T.
2025-03-23 10:37:35,416 INFO - Running <TaskInstance: snowflake_data_pipeline.check_new_data scheduled__2025-03-22T02:00:00+00:00 [queued]> on host LAPTOP-4RSLRQ9T.
2025-03-23 10:37:35,419 INFO - Running <TaskInstance: snowflake_data_pipeline.check_new_data scheduled__2025-03-22T07:00:00+00:00 [queued]> on host LAPTOP-4RSLRQ9T.
2025-03-23 10:37:35,419 INFO - Running <TaskInstance: snowflake_data_pipeline.check_new_data scheduled__2025-03-22T09:00:00+00:00 [queued]> on host LAPTOP-4RSLRQ9T.
2025-03-23 10:37:35,423 INFO - Running <TaskInstance: snowflake_data_pipeline.check_new_data scheduled__2025-03-22T08:00:00+00:00 [queued]> on host LAPTOP-4RSLRQ9T.
2025-03-23 10:37:35,447 INFO - Running <TaskInstance: snowflake_data_pipeline.check_new_data manual__2025-03-23T10:37:24.347928+00:00 [queued]> on host LAPTOP-4RSLRQ9T.
2025-03-23 10:37:35,449 INFO - Running <TaskInstance: snowflake_data_pipeline.check_new_data scheduled__2025-03-22T10:00:00+00:00 [queued]> on host LAPTOP-4RSLRQ9T.
2025-03-23 10:37:35,489 INFO - Running <TaskInstance: snowflake_data_pipeline.check_new_data scheduled__2025-03-22T00:00:00+00:00 [queued]> on host LAPTOP-4RSLRQ9T.
2025-03-23 10:37:35,503 INFO - Running <TaskInstance: snowflake_data_pipeline.check_new_data scheduled__2025-03-22T01:00:00+00:00 [queued]> on host LAPTOP-4RSLRQ9T.
2025-03-23 10:37:35,510 INFO - Running <TaskInstance: snowflake_data_pipeline.check_new_data scheduled__2025-03-22T03:00:00+00:00 [queued]> on host LAPTOP-4RSLRQ9T.
2025-03-23 10:37:40,076 INFO - Running <TaskInstance: snowflake_data_pipeline.check_new_data scheduled__2025-03-22T13:00:00+00:00 [queued]> on host LAPTOP-4RSLRQ9T.
2025-03-23 10:37:40,831 INFO - Running <TaskInstance: snowflake_data_pipeline.check_new_data scheduled__2025-03-22T14:00:00+00:00 [queued]> on host LAPTOP-4RSLRQ9T.
2025-03-23 10:37:41,315 INFO - Received executor event with state success for task instance TaskInstanceKey(dag_id='snowflake_data_pipeline', task_id='check_new_data', run_id='scheduled__2025-03-22T12:00:00+00:00', try_number=1, map_index=-1)
2025-03-23 10:37:41,332 INFO - Received executor event with state success for task instance TaskInstanceKey(dag_id='snowflake_data_pipeline', task_id='check_new_data', run_id='scheduled__2025-03-22T00:00:00+00:00', try_number=1, map_index=-1)
2025-03-23 10:37:41,333 INFO - Received executor event with state success for task instance TaskInstanceKey(dag_id='snowflake_data_pipeline', task_id='check_new_data', run_id='scheduled__2025-03-22T11:00:00+00:00', try_number=1, map_index=-1)
2025-03-23 10:37:41,333 INFO - Received executor event with state success for task instance TaskInstanceKey(dag_id='snowflake_data_pipeline', task_id='check_new_data', run_id='scheduled__2025-03-22T06:00:00+00:00', try_number=1, map_index=-1)
2025-03-23 10:37:41,334 INFO - Received executor event with state success for task instance TaskInstanceKey(dag_id='snowflake_data_pipeline', task_id='check_new_data', run_id='scheduled__2025-03-22T08:00:00+00:00', try_number=1, map_index=-1)
2025-03-23 10:37:41,334 INFO - Received executor event with state success for task instance TaskInstanceKey(dag_id='snowflake_data_pipeline', task_id='check_new_data', run_id='scheduled__2025-03-22T07:00:00+00:00', try_number=1, map_index=-1)
2025-03-23 10:37:41,334 INFO - Received executor event with state success for task instance TaskInstanceKey(dag_id='snowflake_data_pipeline', task_id='check_new_data', run_id='scheduled__2025-03-22T01:00:00+00:00', try_number=1, map_index=-1)
2025-03-23 10:37:41,334 INFO - Received executor event with state success for task instance TaskInstanceKey(dag_id='snowflake_data_pipeline', task_id='check_new_data', run_id='scheduled__2025-03-22T03:00:00+00:00', try_number=1, map_index=-1)
2025-03-23 10:37:41,335 INFO - Received executor event with state success for task instance TaskInstanceKey(dag_id='snowflake_data_pipeline', task_id='check_new_data', run_id='scheduled__2025-03-22T05:00:00+00:00', try_number=1, map_index=-1)
2025-03-23 10:37:41,335 INFO - Received executor event with state success for task instance TaskInstanceKey(dag_id='snowflake_data_pipeline', task_id='check_new_data', run_id='scheduled__2025-03-22T09:00:00+00:00', try_number=1, map_index=-1)
2025-03-23 10:37:41,335 INFO - Received executor event with state success for task instance TaskInstanceKey(dag_id='snowflake_data_pipeline', task_id='check_new_data', run_id='scheduled__2025-03-22T04:00:00+00:00', try_number=1, map_index=-1)
2025-03-23 10:37:41,335 INFO - Received executor event with state success for task instance TaskInstanceKey(dag_id='snowflake_data_pipeline', task_id='check_new_data', run_id='scheduled__2025-03-22T10:00:00+00:00', try_number=1, map_index=-1)
2025-03-23 10:37:41,336 INFO - Received executor event with state success for task instance TaskInstanceKey(dag_id='snowflake_data_pipeline', task_id='check_new_data', run_id='scheduled__2025-03-22T02:00:00+00:00', try_number=1, map_index=-1)
2025-03-23 10:37:41,336 INFO - Received executor event with state success for task instance TaskInstanceKey(dag_id='snowflake_data_pipeline', task_id='check_new_data', run_id='manual__2025-03-23T10:37:24.347928+00:00', try_number=1, map_index=-1)
2025-03-23 10:37:41,336 INFO - Received executor event with state success for task instance TaskInstanceKey(dag_id='snowflake_data_pipeline', task_id='check_new_data', run_id='scheduled__2025-03-22T13:00:00+00:00', try_number=1, map_index=-1)
2025-03-23 10:37:41,390 INFO - TaskInstance Finished: dag_id=snowflake_data_pipeline, task_id=check_new_data, run_id=manual__2025-03-23T10:37:24.347928+00:00, map_index=-1, run_start_date=2025-03-23 10:37:38.081312+00:00, run_end_date=2025-03-23 10:37:39.799879+00:00, run_duration=1.718567, state=up_for_retry, executor=LocalExecutor(parallelism=32), executor_state=success, try_number=1, max_tries=1, job_id=48, pool=default_pool, queue=default, priority_weight=2, operator=SqlSensor, queued_dttm=2025-03-23 10:37:24.653436+00:00, queued_by_job_id=47, pid=9281
2025-03-23 10:37:41,400 INFO - TaskInstance Finished: dag_id=snowflake_data_pipeline, task_id=check_new_data, run_id=scheduled__2025-03-22T01:00:00+00:00, map_index=-1, run_start_date=2025-03-23 10:37:38.048011+00:00, run_end_date=2025-03-23 10:37:39.767135+00:00, run_duration=1.719124, state=up_for_retry, executor=LocalExecutor(parallelism=32), executor_state=success, try_number=1, max_tries=1, job_id=53, pool=default_pool, queue=default, priority_weight=2, operator=SqlSensor, queued_dttm=2025-03-23 10:37:24.766225+00:00, queued_by_job_id=47, pid=9283
2025-03-23 10:37:41,401 INFO - TaskInstance Finished: dag_id=snowflake_data_pipeline, task_id=check_new_data, run_id=scheduled__2025-03-22T03:00:00+00:00, map_index=-1, run_start_date=2025-03-23 10:37:38.163377+00:00, run_end_date=2025-03-23 10:37:39.917712+00:00, run_duration=1.754335, state=up_for_retry, executor=LocalExecutor(parallelism=32), executor_state=success, try_number=1, max_tries=1, job_id=61, pool=default_pool, queue=default, priority_weight=2, operator=SqlSensor, queued_dttm=2025-03-23 10:37:24.923104+00:00, queued_by_job_id=47, pid=9305
2025-03-23 10:37:41,401 INFO - TaskInstance Finished: dag_id=snowflake_data_pipeline, task_id=check_new_data, run_id=scheduled__2025-03-22T00:00:00+00:00, map_index=-1, run_start_date=2025-03-23 10:37:38.018260+00:00, run_end_date=2025-03-23 10:37:39.845038+00:00, run_duration=1.826778, state=up_for_retry, executor=LocalExecutor(parallelism=32), executor_state=success, try_number=1, max_tries=1, job_id=59, pool=default_pool, queue=default, priority_weight=2, operator=SqlSensor, queued_dttm=2025-03-23 10:37:24.653436+00:00, queued_by_job_id=47, pid=9268
2025-03-23 10:37:41,402 INFO - TaskInstance Finished: dag_id=snowflake_data_pipeline, task_id=check_new_data, run_id=scheduled__2025-03-22T02:00:00+00:00, map_index=-1, run_start_date=2025-03-23 10:37:38.048060+00:00, run_end_date=2025-03-23 10:37:39.760241+00:00, run_duration=1.712181, state=up_for_retry, executor=LocalExecutor(parallelism=32), executor_state=success, try_number=1, max_tries=1, job_id=57, pool=default_pool, queue=default, priority_weight=2, operator=SqlSensor, queued_dttm=2025-03-23 10:37:24.844121+00:00, queued_by_job_id=47, pid=9269
2025-03-23 10:37:41,402 INFO - TaskInstance Finished: dag_id=snowflake_data_pipeline, task_id=check_new_data, run_id=scheduled__2025-03-22T04:00:00+00:00, map_index=-1, run_start_date=2025-03-23 10:37:38.054007+00:00, run_end_date=2025-03-23 10:37:39.805287+00:00, run_duration=1.75128, state=up_for_retry, executor=LocalExecutor(parallelism=32), executor_state=success, try_number=1, max_tries=1, job_id=51, pool=default_pool, queue=default, priority_weight=2, operator=SqlSensor, queued_dttm=2025-03-23 10:37:25.011033+00:00, queued_by_job_id=47, pid=9288
2025-03-23 10:37:41,402 INFO - TaskInstance Finished: dag_id=snowflake_data_pipeline, task_id=check_new_data, run_id=scheduled__2025-03-22T05:00:00+00:00, map_index=-1, run_start_date=2025-03-23 10:37:38.134390+00:00, run_end_date=2025-03-23 10:37:39.916599+00:00, run_duration=1.782209, state=up_for_retry, executor=LocalExecutor(parallelism=32), executor_state=success, try_number=1, max_tries=1, job_id=49, pool=default_pool, queue=default, priority_weight=2, operator=SqlSensor, queued_dttm=2025-03-23 10:37:25.127799+00:00, queued_by_job_id=47, pid=9299
2025-03-23 10:37:41,403 INFO - TaskInstance Finished: dag_id=snowflake_data_pipeline, task_id=check_new_data, run_id=scheduled__2025-03-22T06:00:00+00:00, map_index=-1, run_start_date=2025-03-23 10:37:37.956154+00:00, run_end_date=2025-03-23 10:37:39.823561+00:00, run_duration=1.867407, state=up_for_retry, executor=LocalExecutor(parallelism=32), executor_state=success, try_number=1, max_tries=1, job_id=55, pool=default_pool, queue=default, priority_weight=2, operator=SqlSensor, queued_dttm=2025-03-23 10:37:25.339538+00:00, queued_by_job_id=47, pid=9272
2025-03-23 10:37:41,403 INFO - TaskInstance Finished: dag_id=snowflake_data_pipeline, task_id=check_new_data, run_id=scheduled__2025-03-22T07:00:00+00:00, map_index=-1, run_start_date=2025-03-23 10:37:38.088711+00:00, run_end_date=2025-03-23 10:37:39.758304+00:00, run_duration=1.669593, state=up_for_retry, executor=LocalExecutor(parallelism=32), executor_state=success, try_number=1, max_tries=1, job_id=50, pool=default_pool, queue=default, priority_weight=2, operator=SqlSensor, queued_dttm=2025-03-23 10:37:25.509596+00:00, queued_by_job_id=47, pid=9277
2025-03-23 10:37:41,403 INFO - TaskInstance Finished: dag_id=snowflake_data_pipeline, task_id=check_new_data, run_id=scheduled__2025-03-22T08:00:00+00:00, map_index=-1, run_start_date=2025-03-23 10:37:38.019589+00:00, run_end_date=2025-03-23 10:37:39.764746+00:00, run_duration=1.745157, state=up_for_retry, executor=LocalExecutor(parallelism=32), executor_state=success, try_number=1, max_tries=1, job_id=60, pool=default_pool, queue=default, priority_weight=2, operator=SqlSensor, queued_dttm=2025-03-23 10:37:25.673645+00:00, queued_by_job_id=47, pid=9267
2025-03-23 10:37:41,403 INFO - TaskInstance Finished: dag_id=snowflake_data_pipeline, task_id=check_new_data, run_id=scheduled__2025-03-22T09:00:00+00:00, map_index=-1, run_start_date=2025-03-23 10:37:38.040114+00:00, run_end_date=2025-03-23 10:37:39.786983+00:00, run_duration=1.746869, state=up_for_retry, executor=LocalExecutor(parallelism=32), executor_state=success, try_number=1, max_tries=1, job_id=56, pool=default_pool, queue=default, priority_weight=2, operator=SqlSensor, queued_dttm=2025-03-23 10:37:25.859120+00:00, queued_by_job_id=47, pid=9280
2025-03-23 10:37:41,404 INFO - TaskInstance Finished: dag_id=snowflake_data_pipeline, task_id=check_new_data, run_id=scheduled__2025-03-22T10:00:00+00:00, map_index=-1, run_start_date=2025-03-23 10:37:38.069999+00:00, run_end_date=2025-03-23 10:37:39.760873+00:00, run_duration=1.690874, state=up_for_retry, executor=LocalExecutor(parallelism=32), executor_state=success, try_number=1, max_tries=1, job_id=54, pool=default_pool, queue=default, priority_weight=2, operator=SqlSensor, queued_dttm=2025-03-23 10:37:26.035137+00:00, queued_by_job_id=47, pid=9271
2025-03-23 10:37:41,404 INFO - TaskInstance Finished: dag_id=snowflake_data_pipeline, task_id=check_new_data, run_id=scheduled__2025-03-22T11:00:00+00:00, map_index=-1, run_start_date=2025-03-23 10:37:38.166397+00:00, run_end_date=2025-03-23 10:37:39.921713+00:00, run_duration=1.755316, state=up_for_retry, executor=LocalExecutor(parallelism=32), executor_state=success, try_number=1, max_tries=1, job_id=58, pool=default_pool, queue=default, priority_weight=2, operator=SqlSensor, queued_dttm=2025-03-23 10:37:26.203073+00:00, queued_by_job_id=47, pid=9306
2025-03-23 10:37:41,404 INFO - TaskInstance Finished: dag_id=snowflake_data_pipeline, task_id=check_new_data, run_id=scheduled__2025-03-22T12:00:00+00:00, map_index=-1, run_start_date=2025-03-23 10:37:38.283056+00:00, run_end_date=2025-03-23 10:37:39.915165+00:00, run_duration=1.632109, state=up_for_retry, executor=LocalExecutor(parallelism=32), executor_state=success, try_number=1, max_tries=1, job_id=52, pool=default_pool, queue=default, priority_weight=2, operator=SqlSensor, queued_dttm=2025-03-23 10:37:26.387828+00:00, queued_by_job_id=47, pid=9331
2025-03-23 10:37:41,404 INFO - TaskInstance Finished: dag_id=snowflake_data_pipeline, task_id=check_new_data, run_id=scheduled__2025-03-22T13:00:00+00:00, map_index=-1, run_start_date=2025-03-23 10:37:40.295452+00:00, run_end_date=2025-03-23 10:37:40.601912+00:00, run_duration=0.30646, state=up_for_retry, executor=LocalExecutor(parallelism=32), executor_state=success, try_number=1, max_tries=1, job_id=62, pool=default_pool, queue=default, priority_weight=2, operator=SqlSensor, queued_dttm=2025-03-23 10:37:26.737258+00:00, queued_by_job_id=47, pid=9490
2025-03-23 10:37:42,507 INFO - Received executor event with state success for task instance TaskInstanceKey(dag_id='snowflake_data_pipeline', task_id='check_new_data', run_id='scheduled__2025-03-22T14:00:00+00:00', try_number=1, map_index=-1)
2025-03-23 10:37:42,511 INFO - TaskInstance Finished: dag_id=snowflake_data_pipeline, task_id=check_new_data, run_id=scheduled__2025-03-22T14:00:00+00:00, map_index=-1, run_start_date=2025-03-23 10:37:40.902917+00:00, run_end_date=2025-03-23 10:37:41.206512+00:00, run_duration=0.303595, state=up_for_retry, executor=LocalExecutor(parallelism=32), executor_state=success, try_number=1, max_tries=1, job_id=63, pool=default_pool, queue=default, priority_weight=2, operator=SqlSensor, queued_dttm=2025-03-23 10:37:27.197445+00:00, queued_by_job_id=47, pid=9512
2025-03-23 10:39:57,411 INFO - 1 tasks up for execution:
	<TaskInstance: snowflake_data_pipeline.check_new_data manual__2025-03-23T10:39:39.714090+00:00 [scheduled]>
2025-03-23 10:39:57,412 INFO - DAG snowflake_data_pipeline has 0/16 running and queued tasks
2025-03-23 10:39:57,413 INFO - Setting the following tasks to queued state:
	<TaskInstance: snowflake_data_pipeline.check_new_data manual__2025-03-23T10:39:39.714090+00:00 [scheduled]>
2025-03-23 10:39:57,414 INFO - Trying to enqueue tasks: [<TaskInstance: snowflake_data_pipeline.check_new_data manual__2025-03-23T10:39:39.714090+00:00 [scheduled]>] for executor: LocalExecutor(parallelism=32)
2025-03-23 10:39:57,415 INFO - Sending TaskInstanceKey(dag_id='snowflake_data_pipeline', task_id='check_new_data', run_id='manual__2025-03-23T10:39:39.714090+00:00', try_number=1, map_index=-1) to LocalExecutor with priority 2 and queue default
2025-03-23 10:39:57,415 INFO - Adding to queue: ['airflow', 'tasks', 'run', 'snowflake_data_pipeline', 'check_new_data', 'manual__2025-03-23T10:39:39.714090+00:00', '--local', '--subdir', 'DAGS_FOLDER/check_data_availabilty.py']
2025-03-23 10:39:57,453 INFO - QueuedLocalWorker running ['airflow', 'tasks', 'run', 'snowflake_data_pipeline', 'check_new_data', 'manual__2025-03-23T10:39:39.714090+00:00', '--local', '--subdir', 'DAGS_FOLDER/check_data_availabilty.py']
2025-03-23 10:39:57,699 INFO - Filling up the DagBag from /home/ravi/analytics_platform/Insurance_analytics/***/dags/check_data_availabilty.py
2025-03-23 10:39:58,370 INFO - Running <TaskInstance: snowflake_data_pipeline.check_new_data manual__2025-03-23T10:39:39.714090+00:00 [queued]> on host LAPTOP-4RSLRQ9T.
2025-03-23 10:39:59,943 INFO - Received executor event with state success for task instance TaskInstanceKey(dag_id='snowflake_data_pipeline', task_id='check_new_data', run_id='manual__2025-03-23T10:39:39.714090+00:00', try_number=1, map_index=-1)
2025-03-23 10:39:59,946 INFO - TaskInstance Finished: dag_id=snowflake_data_pipeline, task_id=check_new_data, run_id=manual__2025-03-23T10:39:39.714090+00:00, map_index=-1, run_start_date=2025-03-23 10:39:58.429506+00:00, run_end_date=2025-03-23 10:39:59.085445+00:00, run_duration=0.655939, state=up_for_retry, executor=LocalExecutor(parallelism=32), executor_state=success, try_number=1, max_tries=1, job_id=64, pool=default_pool, queue=default, priority_weight=2, operator=SqlSensor, queued_dttm=2025-03-23 10:39:57.413706+00:00, queued_by_job_id=47, pid=10004
2025-03-23 10:40:25,178 INFO - DAG snowflake_data_pipeline is at (or above) max_active_runs (16 of 16), not creating any more runs
2025-03-23 10:40:25,274 INFO - 1 tasks up for execution:
	<TaskInstance: snowflake_data_pipeline.check_new_data scheduled__2025-03-22T15:00:00+00:00 [scheduled]>
2025-03-23 10:40:25,274 INFO - DAG snowflake_data_pipeline has 0/16 running and queued tasks
2025-03-23 10:40:25,275 INFO - Setting the following tasks to queued state:
	<TaskInstance: snowflake_data_pipeline.check_new_data scheduled__2025-03-22T15:00:00+00:00 [scheduled]>
2025-03-23 10:40:25,276 INFO - Trying to enqueue tasks: [<TaskInstance: snowflake_data_pipeline.check_new_data scheduled__2025-03-22T15:00:00+00:00 [scheduled]>] for executor: LocalExecutor(parallelism=32)
2025-03-23 10:40:25,276 INFO - Sending TaskInstanceKey(dag_id='snowflake_data_pipeline', task_id='check_new_data', run_id='scheduled__2025-03-22T15:00:00+00:00', try_number=1, map_index=-1) to LocalExecutor with priority 2 and queue default
2025-03-23 10:40:25,277 INFO - Adding to queue: ['airflow', 'tasks', 'run', 'snowflake_data_pipeline', 'check_new_data', 'scheduled__2025-03-22T15:00:00+00:00', '--local', '--subdir', 'DAGS_FOLDER/check_data_availabilty.py']
2025-03-23 10:40:25,301 INFO - QueuedLocalWorker running ['airflow', 'tasks', 'run', 'snowflake_data_pipeline', 'check_new_data', 'scheduled__2025-03-22T15:00:00+00:00', '--local', '--subdir', 'DAGS_FOLDER/check_data_availabilty.py']
2025-03-23 10:40:25,352 INFO - Filling up the DagBag from /home/ravi/analytics_platform/Insurance_analytics/***/dags/check_data_availabilty.py
2025-03-23 10:40:25,807 INFO - Running <TaskInstance: snowflake_data_pipeline.check_new_data scheduled__2025-03-22T15:00:00+00:00 [queued]> on host LAPTOP-4RSLRQ9T.
2025-03-23 10:40:27,057 INFO - Received executor event with state success for task instance TaskInstanceKey(dag_id='snowflake_data_pipeline', task_id='check_new_data', run_id='scheduled__2025-03-22T15:00:00+00:00', try_number=1, map_index=-1)
2025-03-23 10:40:27,060 INFO - TaskInstance Finished: dag_id=snowflake_data_pipeline, task_id=check_new_data, run_id=scheduled__2025-03-22T15:00:00+00:00, map_index=-1, run_start_date=2025-03-23 10:40:25.865668+00:00, run_end_date=2025-03-23 10:40:26.320334+00:00, run_duration=0.454666, state=up_for_retry, executor=LocalExecutor(parallelism=32), executor_state=success, try_number=1, max_tries=1, job_id=65, pool=default_pool, queue=default, priority_weight=2, operator=SqlSensor, queued_dttm=2025-03-23 10:40:25.275291+00:00, queued_by_job_id=47, pid=10127
2025-03-23 10:41:59,781 INFO - Adopting or resetting orphaned tasks for active dag runs
2025-03-23 10:42:41,373 INFO - 14 tasks up for execution:
	<TaskInstance: snowflake_data_pipeline.check_new_data scheduled__2025-03-22T02:00:00+00:00 [scheduled]>
	<TaskInstance: snowflake_data_pipeline.check_new_data scheduled__2025-03-22T03:00:00+00:00 [scheduled]>
	<TaskInstance: snowflake_data_pipeline.check_new_data scheduled__2025-03-22T04:00:00+00:00 [scheduled]>
	<TaskInstance: snowflake_data_pipeline.check_new_data scheduled__2025-03-22T05:00:00+00:00 [scheduled]>
	<TaskInstance: snowflake_data_pipeline.check_new_data scheduled__2025-03-22T06:00:00+00:00 [scheduled]>
	<TaskInstance: snowflake_data_pipeline.check_new_data scheduled__2025-03-22T07:00:00+00:00 [scheduled]>
	<TaskInstance: snowflake_data_pipeline.check_new_data scheduled__2025-03-22T08:00:00+00:00 [scheduled]>
	<TaskInstance: snowflake_data_pipeline.check_new_data scheduled__2025-03-22T09:00:00+00:00 [scheduled]>
	<TaskInstance: snowflake_data_pipeline.check_new_data scheduled__2025-03-22T10:00:00+00:00 [scheduled]>
	<TaskInstance: snowflake_data_pipeline.check_new_data scheduled__2025-03-22T11:00:00+00:00 [scheduled]>
	<TaskInstance: snowflake_data_pipeline.check_new_data scheduled__2025-03-22T12:00:00+00:00 [scheduled]>
	<TaskInstance: snowflake_data_pipeline.check_new_data scheduled__2025-03-22T13:00:00+00:00 [scheduled]>
	<TaskInstance: snowflake_data_pipeline.check_new_data scheduled__2025-03-22T14:00:00+00:00 [scheduled]>
	<TaskInstance: snowflake_data_pipeline.check_new_data manual__2025-03-23T10:37:24.347928+00:00 [scheduled]>
2025-03-23 10:42:41,374 INFO - DAG snowflake_data_pipeline has 0/16 running and queued tasks
2025-03-23 10:42:41,374 INFO - DAG snowflake_data_pipeline has 1/16 running and queued tasks
2025-03-23 10:42:41,374 INFO - DAG snowflake_data_pipeline has 2/16 running and queued tasks
2025-03-23 10:42:41,374 INFO - DAG snowflake_data_pipeline has 3/16 running and queued tasks
2025-03-23 10:42:41,374 INFO - DAG snowflake_data_pipeline has 4/16 running and queued tasks
2025-03-23 10:42:41,374 INFO - DAG snowflake_data_pipeline has 5/16 running and queued tasks
2025-03-23 10:42:41,374 INFO - DAG snowflake_data_pipeline has 6/16 running and queued tasks
2025-03-23 10:42:41,374 INFO - DAG snowflake_data_pipeline has 7/16 running and queued tasks
2025-03-23 10:42:41,375 INFO - DAG snowflake_data_pipeline has 8/16 running and queued tasks
2025-03-23 10:42:41,375 INFO - DAG snowflake_data_pipeline has 9/16 running and queued tasks
2025-03-23 10:42:41,375 INFO - DAG snowflake_data_pipeline has 10/16 running and queued tasks
2025-03-23 10:42:41,375 INFO - DAG snowflake_data_pipeline has 11/16 running and queued tasks
2025-03-23 10:42:41,375 INFO - DAG snowflake_data_pipeline has 12/16 running and queued tasks
2025-03-23 10:42:41,375 INFO - DAG snowflake_data_pipeline has 13/16 running and queued tasks
2025-03-23 10:42:41,375 INFO - Setting the following tasks to queued state:
	<TaskInstance: snowflake_data_pipeline.check_new_data scheduled__2025-03-22T02:00:00+00:00 [scheduled]>
	<TaskInstance: snowflake_data_pipeline.check_new_data scheduled__2025-03-22T03:00:00+00:00 [scheduled]>
	<TaskInstance: snowflake_data_pipeline.check_new_data scheduled__2025-03-22T04:00:00+00:00 [scheduled]>
	<TaskInstance: snowflake_data_pipeline.check_new_data scheduled__2025-03-22T05:00:00+00:00 [scheduled]>
	<TaskInstance: snowflake_data_pipeline.check_new_data scheduled__2025-03-22T06:00:00+00:00 [scheduled]>
	<TaskInstance: snowflake_data_pipeline.check_new_data scheduled__2025-03-22T07:00:00+00:00 [scheduled]>
	<TaskInstance: snowflake_data_pipeline.check_new_data scheduled__2025-03-22T08:00:00+00:00 [scheduled]>
	<TaskInstance: snowflake_data_pipeline.check_new_data scheduled__2025-03-22T09:00:00+00:00 [scheduled]>
	<TaskInstance: snowflake_data_pipeline.check_new_data scheduled__2025-03-22T10:00:00+00:00 [scheduled]>
	<TaskInstance: snowflake_data_pipeline.check_new_data scheduled__2025-03-22T11:00:00+00:00 [scheduled]>
	<TaskInstance: snowflake_data_pipeline.check_new_data scheduled__2025-03-22T12:00:00+00:00 [scheduled]>
	<TaskInstance: snowflake_data_pipeline.check_new_data scheduled__2025-03-22T13:00:00+00:00 [scheduled]>
	<TaskInstance: snowflake_data_pipeline.check_new_data scheduled__2025-03-22T14:00:00+00:00 [scheduled]>
	<TaskInstance: snowflake_data_pipeline.check_new_data manual__2025-03-23T10:37:24.347928+00:00 [scheduled]>
2025-03-23 10:42:41,376 INFO - Trying to enqueue tasks: [<TaskInstance: snowflake_data_pipeline.check_new_data scheduled__2025-03-22T02:00:00+00:00 [scheduled]>, <TaskInstance: snowflake_data_pipeline.check_new_data scheduled__2025-03-22T03:00:00+00:00 [scheduled]>, <TaskInstance: snowflake_data_pipeline.check_new_data scheduled__2025-03-22T04:00:00+00:00 [scheduled]>, <TaskInstance: snowflake_data_pipeline.check_new_data scheduled__2025-03-22T05:00:00+00:00 [scheduled]>, <TaskInstance: snowflake_data_pipeline.check_new_data scheduled__2025-03-22T06:00:00+00:00 [scheduled]>, <TaskInstance: snowflake_data_pipeline.check_new_data scheduled__2025-03-22T07:00:00+00:00 [scheduled]>, <TaskInstance: snowflake_data_pipeline.check_new_data scheduled__2025-03-22T08:00:00+00:00 [scheduled]>, <TaskInstance: snowflake_data_pipeline.check_new_data scheduled__2025-03-22T09:00:00+00:00 [scheduled]>, <TaskInstance: snowflake_data_pipeline.check_new_data scheduled__2025-03-22T10:00:00+00:00 [scheduled]>, <TaskInstance: snowflake_data_pipeline.check_new_data scheduled__2025-03-22T11:00:00+00:00 [scheduled]>, <TaskInstance: snowflake_data_pipeline.check_new_data scheduled__2025-03-22T12:00:00+00:00 [scheduled]>, <TaskInstance: snowflake_data_pipeline.check_new_data scheduled__2025-03-22T13:00:00+00:00 [scheduled]>, <TaskInstance: snowflake_data_pipeline.check_new_data scheduled__2025-03-22T14:00:00+00:00 [scheduled]>, <TaskInstance: snowflake_data_pipeline.check_new_data manual__2025-03-23T10:37:24.347928+00:00 [scheduled]>] for executor: LocalExecutor(parallelism=32)
2025-03-23 10:42:41,377 INFO - Sending TaskInstanceKey(dag_id='snowflake_data_pipeline', task_id='check_new_data', run_id='scheduled__2025-03-22T02:00:00+00:00', try_number=2, map_index=-1) to LocalExecutor with priority 2 and queue default
2025-03-23 10:42:41,377 INFO - Adding to queue: ['airflow', 'tasks', 'run', 'snowflake_data_pipeline', 'check_new_data', 'scheduled__2025-03-22T02:00:00+00:00', '--local', '--subdir', 'DAGS_FOLDER/check_data_availabilty.py']
2025-03-23 10:42:41,377 INFO - Sending TaskInstanceKey(dag_id='snowflake_data_pipeline', task_id='check_new_data', run_id='scheduled__2025-03-22T03:00:00+00:00', try_number=2, map_index=-1) to LocalExecutor with priority 2 and queue default
2025-03-23 10:42:41,377 INFO - Adding to queue: ['airflow', 'tasks', 'run', 'snowflake_data_pipeline', 'check_new_data', 'scheduled__2025-03-22T03:00:00+00:00', '--local', '--subdir', 'DAGS_FOLDER/check_data_availabilty.py']
2025-03-23 10:42:41,378 INFO - Sending TaskInstanceKey(dag_id='snowflake_data_pipeline', task_id='check_new_data', run_id='scheduled__2025-03-22T04:00:00+00:00', try_number=2, map_index=-1) to LocalExecutor with priority 2 and queue default
2025-03-23 10:42:41,378 INFO - Adding to queue: ['airflow', 'tasks', 'run', 'snowflake_data_pipeline', 'check_new_data', 'scheduled__2025-03-22T04:00:00+00:00', '--local', '--subdir', 'DAGS_FOLDER/check_data_availabilty.py']
2025-03-23 10:42:41,378 INFO - Sending TaskInstanceKey(dag_id='snowflake_data_pipeline', task_id='check_new_data', run_id='scheduled__2025-03-22T05:00:00+00:00', try_number=2, map_index=-1) to LocalExecutor with priority 2 and queue default
2025-03-23 10:42:41,378 INFO - Adding to queue: ['airflow', 'tasks', 'run', 'snowflake_data_pipeline', 'check_new_data', 'scheduled__2025-03-22T05:00:00+00:00', '--local', '--subdir', 'DAGS_FOLDER/check_data_availabilty.py']
2025-03-23 10:42:41,378 INFO - Sending TaskInstanceKey(dag_id='snowflake_data_pipeline', task_id='check_new_data', run_id='scheduled__2025-03-22T06:00:00+00:00', try_number=2, map_index=-1) to LocalExecutor with priority 2 and queue default
2025-03-23 10:42:41,378 INFO - Adding to queue: ['airflow', 'tasks', 'run', 'snowflake_data_pipeline', 'check_new_data', 'scheduled__2025-03-22T06:00:00+00:00', '--local', '--subdir', 'DAGS_FOLDER/check_data_availabilty.py']
2025-03-23 10:42:41,378 INFO - Sending TaskInstanceKey(dag_id='snowflake_data_pipeline', task_id='check_new_data', run_id='scheduled__2025-03-22T07:00:00+00:00', try_number=2, map_index=-1) to LocalExecutor with priority 2 and queue default
2025-03-23 10:42:41,379 INFO - Adding to queue: ['airflow', 'tasks', 'run', 'snowflake_data_pipeline', 'check_new_data', 'scheduled__2025-03-22T07:00:00+00:00', '--local', '--subdir', 'DAGS_FOLDER/check_data_availabilty.py']
2025-03-23 10:42:41,379 INFO - Sending TaskInstanceKey(dag_id='snowflake_data_pipeline', task_id='check_new_data', run_id='scheduled__2025-03-22T08:00:00+00:00', try_number=2, map_index=-1) to LocalExecutor with priority 2 and queue default
2025-03-23 10:42:41,379 INFO - Adding to queue: ['airflow', 'tasks', 'run', 'snowflake_data_pipeline', 'check_new_data', 'scheduled__2025-03-22T08:00:00+00:00', '--local', '--subdir', 'DAGS_FOLDER/check_data_availabilty.py']
2025-03-23 10:42:41,379 INFO - Sending TaskInstanceKey(dag_id='snowflake_data_pipeline', task_id='check_new_data', run_id='scheduled__2025-03-22T09:00:00+00:00', try_number=2, map_index=-1) to LocalExecutor with priority 2 and queue default
2025-03-23 10:42:41,379 INFO - Adding to queue: ['airflow', 'tasks', 'run', 'snowflake_data_pipeline', 'check_new_data', 'scheduled__2025-03-22T09:00:00+00:00', '--local', '--subdir', 'DAGS_FOLDER/check_data_availabilty.py']
2025-03-23 10:42:41,379 INFO - Sending TaskInstanceKey(dag_id='snowflake_data_pipeline', task_id='check_new_data', run_id='scheduled__2025-03-22T10:00:00+00:00', try_number=2, map_index=-1) to LocalExecutor with priority 2 and queue default
2025-03-23 10:42:41,380 INFO - Adding to queue: ['airflow', 'tasks', 'run', 'snowflake_data_pipeline', 'check_new_data', 'scheduled__2025-03-22T10:00:00+00:00', '--local', '--subdir', 'DAGS_FOLDER/check_data_availabilty.py']
2025-03-23 10:42:41,380 INFO - Sending TaskInstanceKey(dag_id='snowflake_data_pipeline', task_id='check_new_data', run_id='scheduled__2025-03-22T11:00:00+00:00', try_number=2, map_index=-1) to LocalExecutor with priority 2 and queue default
2025-03-23 10:42:41,380 INFO - Adding to queue: ['airflow', 'tasks', 'run', 'snowflake_data_pipeline', 'check_new_data', 'scheduled__2025-03-22T11:00:00+00:00', '--local', '--subdir', 'DAGS_FOLDER/check_data_availabilty.py']
2025-03-23 10:42:41,380 INFO - Sending TaskInstanceKey(dag_id='snowflake_data_pipeline', task_id='check_new_data', run_id='scheduled__2025-03-22T12:00:00+00:00', try_number=2, map_index=-1) to LocalExecutor with priority 2 and queue default
2025-03-23 10:42:41,380 INFO - Adding to queue: ['airflow', 'tasks', 'run', 'snowflake_data_pipeline', 'check_new_data', 'scheduled__2025-03-22T12:00:00+00:00', '--local', '--subdir', 'DAGS_FOLDER/check_data_availabilty.py']
2025-03-23 10:42:41,380 INFO - Sending TaskInstanceKey(dag_id='snowflake_data_pipeline', task_id='check_new_data', run_id='scheduled__2025-03-22T13:00:00+00:00', try_number=2, map_index=-1) to LocalExecutor with priority 2 and queue default
2025-03-23 10:42:41,380 INFO - Adding to queue: ['airflow', 'tasks', 'run', 'snowflake_data_pipeline', 'check_new_data', 'scheduled__2025-03-22T13:00:00+00:00', '--local', '--subdir', 'DAGS_FOLDER/check_data_availabilty.py']
2025-03-23 10:42:41,381 INFO - Sending TaskInstanceKey(dag_id='snowflake_data_pipeline', task_id='check_new_data', run_id='scheduled__2025-03-22T14:00:00+00:00', try_number=2, map_index=-1) to LocalExecutor with priority 2 and queue default
2025-03-23 10:42:41,381 INFO - Adding to queue: ['airflow', 'tasks', 'run', 'snowflake_data_pipeline', 'check_new_data', 'scheduled__2025-03-22T14:00:00+00:00', '--local', '--subdir', 'DAGS_FOLDER/check_data_availabilty.py']
2025-03-23 10:42:41,381 INFO - Sending TaskInstanceKey(dag_id='snowflake_data_pipeline', task_id='check_new_data', run_id='manual__2025-03-23T10:37:24.347928+00:00', try_number=2, map_index=-1) to LocalExecutor with priority 2 and queue default
2025-03-23 10:42:41,381 INFO - Adding to queue: ['airflow', 'tasks', 'run', 'snowflake_data_pipeline', 'check_new_data', 'manual__2025-03-23T10:37:24.347928+00:00', '--local', '--subdir', 'DAGS_FOLDER/check_data_availabilty.py']
2025-03-23 10:42:41,412 INFO - QueuedLocalWorker running ['airflow', 'tasks', 'run', 'snowflake_data_pipeline', 'check_new_data', 'scheduled__2025-03-22T02:00:00+00:00', '--local', '--subdir', 'DAGS_FOLDER/check_data_availabilty.py']
2025-03-23 10:42:41,413 INFO - QueuedLocalWorker running ['airflow', 'tasks', 'run', 'snowflake_data_pipeline', 'check_new_data', 'scheduled__2025-03-22T06:00:00+00:00', '--local', '--subdir', 'DAGS_FOLDER/check_data_availabilty.py']
2025-03-23 10:42:41,414 INFO - QueuedLocalWorker running ['airflow', 'tasks', 'run', 'snowflake_data_pipeline', 'check_new_data', 'scheduled__2025-03-22T05:00:00+00:00', '--local', '--subdir', 'DAGS_FOLDER/check_data_availabilty.py']
2025-03-23 10:42:41,418 INFO - QueuedLocalWorker running ['airflow', 'tasks', 'run', 'snowflake_data_pipeline', 'check_new_data', 'scheduled__2025-03-22T08:00:00+00:00', '--local', '--subdir', 'DAGS_FOLDER/check_data_availabilty.py']
2025-03-23 10:42:41,418 INFO - QueuedLocalWorker running ['airflow', 'tasks', 'run', 'snowflake_data_pipeline', 'check_new_data', 'scheduled__2025-03-22T09:00:00+00:00', '--local', '--subdir', 'DAGS_FOLDER/check_data_availabilty.py']
2025-03-23 10:42:41,418 INFO - QueuedLocalWorker running ['airflow', 'tasks', 'run', 'snowflake_data_pipeline', 'check_new_data', 'scheduled__2025-03-22T11:00:00+00:00', '--local', '--subdir', 'DAGS_FOLDER/check_data_availabilty.py']
2025-03-23 10:42:41,419 INFO - QueuedLocalWorker running ['airflow', 'tasks', 'run', 'snowflake_data_pipeline', 'check_new_data', 'scheduled__2025-03-22T10:00:00+00:00', '--local', '--subdir', 'DAGS_FOLDER/check_data_availabilty.py']
2025-03-23 10:42:41,422 INFO - QueuedLocalWorker running ['airflow', 'tasks', 'run', 'snowflake_data_pipeline', 'check_new_data', 'scheduled__2025-03-22T13:00:00+00:00', '--local', '--subdir', 'DAGS_FOLDER/check_data_availabilty.py']
2025-03-23 10:42:41,424 INFO - QueuedLocalWorker running ['airflow', 'tasks', 'run', 'snowflake_data_pipeline', 'check_new_data', 'scheduled__2025-03-22T07:00:00+00:00', '--local', '--subdir', 'DAGS_FOLDER/check_data_availabilty.py']
2025-03-23 10:42:41,429 INFO - QueuedLocalWorker running ['airflow', 'tasks', 'run', 'snowflake_data_pipeline', 'check_new_data', 'scheduled__2025-03-22T14:00:00+00:00', '--local', '--subdir', 'DAGS_FOLDER/check_data_availabilty.py']
2025-03-23 10:42:41,421 INFO - QueuedLocalWorker running ['airflow', 'tasks', 'run', 'snowflake_data_pipeline', 'check_new_data', 'scheduled__2025-03-22T03:00:00+00:00', '--local', '--subdir', 'DAGS_FOLDER/check_data_availabilty.py']
2025-03-23 10:42:41,435 INFO - QueuedLocalWorker running ['airflow', 'tasks', 'run', 'snowflake_data_pipeline', 'check_new_data', 'manual__2025-03-23T10:37:24.347928+00:00', '--local', '--subdir', 'DAGS_FOLDER/check_data_availabilty.py']
2025-03-23 10:42:41,427 INFO - QueuedLocalWorker running ['airflow', 'tasks', 'run', 'snowflake_data_pipeline', 'check_new_data', 'scheduled__2025-03-22T12:00:00+00:00', '--local', '--subdir', 'DAGS_FOLDER/check_data_availabilty.py']
2025-03-23 10:42:41,453 INFO - QueuedLocalWorker running ['airflow', 'tasks', 'run', 'snowflake_data_pipeline', 'check_new_data', 'scheduled__2025-03-22T04:00:00+00:00', '--local', '--subdir', 'DAGS_FOLDER/check_data_availabilty.py']
2025-03-23 10:42:41,502 INFO - Filling up the DagBag from /home/ravi/analytics_platform/Insurance_analytics/***/dags/check_data_availabilty.py
2025-03-23 10:42:41,506 INFO - Filling up the DagBag from /home/ravi/analytics_platform/Insurance_analytics/***/dags/check_data_availabilty.py
2025-03-23 10:42:41,509 INFO - Filling up the DagBag from /home/ravi/analytics_platform/Insurance_analytics/***/dags/check_data_availabilty.py
2025-03-23 10:42:41,517 INFO - Filling up the DagBag from /home/ravi/analytics_platform/Insurance_analytics/***/dags/check_data_availabilty.py
2025-03-23 10:42:41,513 INFO - Filling up the DagBag from /home/ravi/analytics_platform/Insurance_analytics/***/dags/check_data_availabilty.py
2025-03-23 10:42:41,520 INFO - Filling up the DagBag from /home/ravi/analytics_platform/Insurance_analytics/***/dags/check_data_availabilty.py
2025-03-23 10:42:41,545 INFO - Filling up the DagBag from /home/ravi/analytics_platform/Insurance_analytics/***/dags/check_data_availabilty.py
2025-03-23 10:42:41,566 INFO - Filling up the DagBag from /home/ravi/analytics_platform/Insurance_analytics/***/dags/check_data_availabilty.py
2025-03-23 10:42:41,577 INFO - Filling up the DagBag from /home/ravi/analytics_platform/Insurance_analytics/***/dags/check_data_availabilty.py
2025-03-23 10:42:41,581 INFO - Filling up the DagBag from /home/ravi/analytics_platform/Insurance_analytics/***/dags/check_data_availabilty.py
2025-03-23 10:42:41,590 INFO - Filling up the DagBag from /home/ravi/analytics_platform/Insurance_analytics/***/dags/check_data_availabilty.py
2025-03-23 10:42:41,601 INFO - Filling up the DagBag from /home/ravi/analytics_platform/Insurance_analytics/***/dags/check_data_availabilty.py
2025-03-23 10:42:41,610 INFO - Filling up the DagBag from /home/ravi/analytics_platform/Insurance_analytics/***/dags/check_data_availabilty.py
2025-03-23 10:42:41,630 INFO - Filling up the DagBag from /home/ravi/analytics_platform/Insurance_analytics/***/dags/check_data_availabilty.py
2025-03-23 10:42:46,349 INFO - Running <TaskInstance: snowflake_data_pipeline.check_new_data scheduled__2025-03-22T10:00:00+00:00 [queued]> on host LAPTOP-4RSLRQ9T.
2025-03-23 10:42:46,369 INFO - Running <TaskInstance: snowflake_data_pipeline.check_new_data scheduled__2025-03-22T12:00:00+00:00 [queued]> on host LAPTOP-4RSLRQ9T.
2025-03-23 10:42:46,378 INFO - Running <TaskInstance: snowflake_data_pipeline.check_new_data scheduled__2025-03-22T03:00:00+00:00 [queued]> on host LAPTOP-4RSLRQ9T.
2025-03-23 10:42:46,449 INFO - Running <TaskInstance: snowflake_data_pipeline.check_new_data scheduled__2025-03-22T02:00:00+00:00 [queued]> on host LAPTOP-4RSLRQ9T.
2025-03-23 10:42:46,472 INFO - Running <TaskInstance: snowflake_data_pipeline.check_new_data manual__2025-03-23T10:37:24.347928+00:00 [queued]> on host LAPTOP-4RSLRQ9T.
2025-03-23 10:42:46,539 INFO - Running <TaskInstance: snowflake_data_pipeline.check_new_data scheduled__2025-03-22T11:00:00+00:00 [queued]> on host LAPTOP-4RSLRQ9T.
2025-03-23 10:42:46,892 INFO - Running <TaskInstance: snowflake_data_pipeline.check_new_data scheduled__2025-03-22T04:00:00+00:00 [queued]> on host LAPTOP-4RSLRQ9T.
2025-03-23 10:42:46,952 INFO - Running <TaskInstance: snowflake_data_pipeline.check_new_data scheduled__2025-03-22T05:00:00+00:00 [queued]> on host LAPTOP-4RSLRQ9T.
2025-03-23 10:42:47,111 INFO - Running <TaskInstance: snowflake_data_pipeline.check_new_data scheduled__2025-03-22T14:00:00+00:00 [queued]> on host LAPTOP-4RSLRQ9T.
2025-03-23 10:42:47,471 INFO - Running <TaskInstance: snowflake_data_pipeline.check_new_data scheduled__2025-03-22T06:00:00+00:00 [queued]> on host LAPTOP-4RSLRQ9T.
2025-03-23 10:42:47,572 INFO - Running <TaskInstance: snowflake_data_pipeline.check_new_data scheduled__2025-03-22T07:00:00+00:00 [queued]> on host LAPTOP-4RSLRQ9T.
2025-03-23 10:42:47,650 INFO - Running <TaskInstance: snowflake_data_pipeline.check_new_data scheduled__2025-03-22T13:00:00+00:00 [queued]> on host LAPTOP-4RSLRQ9T.
2025-03-23 10:42:48,069 INFO - Running <TaskInstance: snowflake_data_pipeline.check_new_data scheduled__2025-03-22T08:00:00+00:00 [queued]> on host LAPTOP-4RSLRQ9T.
2025-03-23 10:42:49,388 INFO - Running <TaskInstance: snowflake_data_pipeline.check_new_data scheduled__2025-03-22T09:00:00+00:00 [queued]> on host LAPTOP-4RSLRQ9T.
2025-03-23 10:42:50,170 ERROR - Marking run <DagRun snowflake_data_pipeline @ 2025-03-22 10:00:00+00:00: scheduled__2025-03-22T10:00:00+00:00, state:running, queued_at: 2025-03-23 10:37:25.884349+00:00. externally triggered: False> failed
2025-03-23 10:42:50,186 INFO - DagRun Finished: dag_id=snowflake_data_pipeline, execution_date=2025-03-22 10:00:00+00:00, run_id=scheduled__2025-03-22T10:00:00+00:00, run_start_date=2025-03-23 10:37:25.903773+00:00, run_end_date=2025-03-23 10:42:50.184338+00:00, run_duration=324.280565, state=failed, external_trigger=False, run_type=scheduled, data_interval_start=2025-03-22 10:00:00+00:00, data_interval_end=2025-03-22 11:00:00+00:00, dag_hash=4951bcce49f4859682631a7950d4f8af
2025-03-23 10:42:50,207 INFO - Setting next_dagrun for snowflake_data_pipeline to 2025-03-22 11:00:00+00:00, run_after=2025-03-22 12:00:00+00:00
2025-03-23 10:42:50,212 ERROR - Marking run <DagRun snowflake_data_pipeline @ 2025-03-22 05:00:00+00:00: scheduled__2025-03-22T05:00:00+00:00, state:running, queued_at: 2025-03-23 10:37:25.031480+00:00. externally triggered: False> failed
2025-03-23 10:42:50,212 INFO - DagRun Finished: dag_id=snowflake_data_pipeline, execution_date=2025-03-22 05:00:00+00:00, run_id=scheduled__2025-03-22T05:00:00+00:00, run_start_date=2025-03-23 10:37:25.047075+00:00, run_end_date=2025-03-23 10:42:50.212664+00:00, run_duration=325.165589, state=failed, external_trigger=False, run_type=scheduled, data_interval_start=2025-03-22 05:00:00+00:00, data_interval_end=2025-03-22 06:00:00+00:00, dag_hash=4951bcce49f4859682631a7950d4f8af
2025-03-23 10:42:50,220 INFO - Setting next_dagrun for snowflake_data_pipeline to 2025-03-22 06:00:00+00:00, run_after=2025-03-22 07:00:00+00:00
2025-03-23 10:42:50,224 ERROR - Marking run <DagRun snowflake_data_pipeline @ 2025-03-22 02:00:00+00:00: scheduled__2025-03-22T02:00:00+00:00, state:running, queued_at: 2025-03-23 10:37:24.791623+00:00. externally triggered: False> failed
2025-03-23 10:42:50,224 INFO - DagRun Finished: dag_id=snowflake_data_pipeline, execution_date=2025-03-22 02:00:00+00:00, run_id=scheduled__2025-03-22T02:00:00+00:00, run_start_date=2025-03-23 10:37:24.807374+00:00, run_end_date=2025-03-23 10:42:50.224419+00:00, run_duration=325.417045, state=failed, external_trigger=False, run_type=scheduled, data_interval_start=2025-03-22 02:00:00+00:00, data_interval_end=2025-03-22 03:00:00+00:00, dag_hash=4951bcce49f4859682631a7950d4f8af
2025-03-23 10:42:50,228 INFO - Setting next_dagrun for snowflake_data_pipeline to 2025-03-22 03:00:00+00:00, run_after=2025-03-22 04:00:00+00:00
2025-03-23 10:42:50,232 ERROR - Marking run <DagRun snowflake_data_pipeline @ 2025-03-23 10:37:24.347928+00:00: manual__2025-03-23T10:37:24.347928+00:00, state:running, queued_at: 2025-03-23 10:37:24.374853+00:00. externally triggered: True> failed
2025-03-23 10:42:50,232 INFO - DagRun Finished: dag_id=snowflake_data_pipeline, execution_date=2025-03-23 10:37:24.347928+00:00, run_id=manual__2025-03-23T10:37:24.347928+00:00, run_start_date=2025-03-23 10:37:24.595563+00:00, run_end_date=2025-03-23 10:42:50.232757+00:00, run_duration=325.637194, state=failed, external_trigger=True, run_type=manual, data_interval_start=2025-03-23 09:00:00+00:00, data_interval_end=2025-03-23 10:00:00+00:00, dag_hash=4951bcce49f4859682631a7950d4f8af
2025-03-23 10:42:50,239 ERROR - Marking run <DagRun snowflake_data_pipeline @ 2025-03-22 12:00:00+00:00: scheduled__2025-03-22T12:00:00+00:00, state:running, queued_at: 2025-03-23 10:37:26.225824+00:00. externally triggered: False> failed
2025-03-23 10:42:50,239 INFO - DagRun Finished: dag_id=snowflake_data_pipeline, execution_date=2025-03-22 12:00:00+00:00, run_id=scheduled__2025-03-22T12:00:00+00:00, run_start_date=2025-03-23 10:37:26.238960+00:00, run_end_date=2025-03-23 10:42:50.239693+00:00, run_duration=324.000733, state=failed, external_trigger=False, run_type=scheduled, data_interval_start=2025-03-22 12:00:00+00:00, data_interval_end=2025-03-22 13:00:00+00:00, dag_hash=4951bcce49f4859682631a7950d4f8af
2025-03-23 10:42:50,243 INFO - Setting next_dagrun for snowflake_data_pipeline to 2025-03-22 13:00:00+00:00, run_after=2025-03-22 14:00:00+00:00
2025-03-23 10:42:50,247 ERROR - Marking run <DagRun snowflake_data_pipeline @ 2025-03-22 03:00:00+00:00: scheduled__2025-03-22T03:00:00+00:00, state:running, queued_at: 2025-03-23 10:37:24.863408+00:00. externally triggered: False> failed
2025-03-23 10:42:50,248 INFO - DagRun Finished: dag_id=snowflake_data_pipeline, execution_date=2025-03-22 03:00:00+00:00, run_id=scheduled__2025-03-22T03:00:00+00:00, run_start_date=2025-03-23 10:37:24.875717+00:00, run_end_date=2025-03-23 10:42:50.248226+00:00, run_duration=325.372509, state=failed, external_trigger=False, run_type=scheduled, data_interval_start=2025-03-22 03:00:00+00:00, data_interval_end=2025-03-22 04:00:00+00:00, dag_hash=4951bcce49f4859682631a7950d4f8af
2025-03-23 10:42:50,251 INFO - Setting next_dagrun for snowflake_data_pipeline to 2025-03-22 04:00:00+00:00, run_after=2025-03-22 05:00:00+00:00
2025-03-23 10:42:50,273 ERROR - Marking run <DagRun snowflake_data_pipeline @ 2025-03-22 11:00:00+00:00: scheduled__2025-03-22T11:00:00+00:00, state:running, queued_at: 2025-03-23 10:37:26.076941+00:00. externally triggered: False> failed
2025-03-23 10:42:50,274 INFO - DagRun Finished: dag_id=snowflake_data_pipeline, execution_date=2025-03-22 11:00:00+00:00, run_id=scheduled__2025-03-22T11:00:00+00:00, run_start_date=2025-03-23 10:37:26.095782+00:00, run_end_date=2025-03-23 10:42:50.274217+00:00, run_duration=324.178435, state=failed, external_trigger=False, run_type=scheduled, data_interval_start=2025-03-22 11:00:00+00:00, data_interval_end=2025-03-22 12:00:00+00:00, dag_hash=4951bcce49f4859682631a7950d4f8af
2025-03-23 10:42:50,282 INFO - Setting next_dagrun for snowflake_data_pipeline to 2025-03-22 12:00:00+00:00, run_after=2025-03-22 13:00:00+00:00
2025-03-23 10:42:50,300 ERROR - Marking run <DagRun snowflake_data_pipeline @ 2025-03-22 07:00:00+00:00: scheduled__2025-03-22T07:00:00+00:00, state:running, queued_at: 2025-03-23 10:37:25.367025+00:00. externally triggered: False> failed
2025-03-23 10:42:50,300 INFO - DagRun Finished: dag_id=snowflake_data_pipeline, execution_date=2025-03-22 07:00:00+00:00, run_id=scheduled__2025-03-22T07:00:00+00:00, run_start_date=2025-03-23 10:37:25.389974+00:00, run_end_date=2025-03-23 10:42:50.300375+00:00, run_duration=324.910401, state=failed, external_trigger=False, run_type=scheduled, data_interval_start=2025-03-22 07:00:00+00:00, data_interval_end=2025-03-22 08:00:00+00:00, dag_hash=4951bcce49f4859682631a7950d4f8af
2025-03-23 10:42:50,305 INFO - Setting next_dagrun for snowflake_data_pipeline to 2025-03-22 08:00:00+00:00, run_after=2025-03-22 09:00:00+00:00
2025-03-23 10:42:50,307 ERROR - Marking run <DagRun snowflake_data_pipeline @ 2025-03-22 06:00:00+00:00: scheduled__2025-03-22T06:00:00+00:00, state:running, queued_at: 2025-03-23 10:37:25.152991+00:00. externally triggered: False> failed
2025-03-23 10:42:50,308 INFO - DagRun Finished: dag_id=snowflake_data_pipeline, execution_date=2025-03-22 06:00:00+00:00, run_id=scheduled__2025-03-22T06:00:00+00:00, run_start_date=2025-03-23 10:37:25.175173+00:00, run_end_date=2025-03-23 10:42:50.307970+00:00, run_duration=325.132797, state=failed, external_trigger=False, run_type=scheduled, data_interval_start=2025-03-22 06:00:00+00:00, data_interval_end=2025-03-22 07:00:00+00:00, dag_hash=4951bcce49f4859682631a7950d4f8af
2025-03-23 10:42:50,310 INFO - Setting next_dagrun for snowflake_data_pipeline to 2025-03-22 07:00:00+00:00, run_after=2025-03-22 08:00:00+00:00
2025-03-23 10:42:50,312 ERROR - Marking run <DagRun snowflake_data_pipeline @ 2025-03-22 13:00:00+00:00: scheduled__2025-03-22T13:00:00+00:00, state:running, queued_at: 2025-03-23 10:37:26.422598+00:00. externally triggered: False> failed
2025-03-23 10:42:50,312 INFO - DagRun Finished: dag_id=snowflake_data_pipeline, execution_date=2025-03-22 13:00:00+00:00, run_id=scheduled__2025-03-22T13:00:00+00:00, run_start_date=2025-03-23 10:37:26.458932+00:00, run_end_date=2025-03-23 10:42:50.312969+00:00, run_duration=323.854037, state=failed, external_trigger=False, run_type=scheduled, data_interval_start=2025-03-22 13:00:00+00:00, data_interval_end=2025-03-22 14:00:00+00:00, dag_hash=4951bcce49f4859682631a7950d4f8af
2025-03-23 10:42:50,315 INFO - Setting next_dagrun for snowflake_data_pipeline to 2025-03-22 14:00:00+00:00, run_after=2025-03-22 15:00:00+00:00
2025-03-23 10:42:50,334 INFO - Received executor event with state success for task instance TaskInstanceKey(dag_id='snowflake_data_pipeline', task_id='check_new_data', run_id='scheduled__2025-03-22T12:00:00+00:00', try_number=2, map_index=-1)
2025-03-23 10:42:50,334 INFO - Received executor event with state success for task instance TaskInstanceKey(dag_id='snowflake_data_pipeline', task_id='check_new_data', run_id='scheduled__2025-03-22T10:00:00+00:00', try_number=2, map_index=-1)
2025-03-23 10:42:50,334 INFO - Received executor event with state success for task instance TaskInstanceKey(dag_id='snowflake_data_pipeline', task_id='check_new_data', run_id='scheduled__2025-03-22T11:00:00+00:00', try_number=2, map_index=-1)
2025-03-23 10:42:50,334 INFO - Received executor event with state success for task instance TaskInstanceKey(dag_id='snowflake_data_pipeline', task_id='check_new_data', run_id='scheduled__2025-03-22T02:00:00+00:00', try_number=2, map_index=-1)
2025-03-23 10:42:50,335 INFO - Received executor event with state success for task instance TaskInstanceKey(dag_id='snowflake_data_pipeline', task_id='check_new_data', run_id='scheduled__2025-03-22T03:00:00+00:00', try_number=2, map_index=-1)
2025-03-23 10:42:50,335 INFO - Received executor event with state success for task instance TaskInstanceKey(dag_id='snowflake_data_pipeline', task_id='check_new_data', run_id='manual__2025-03-23T10:37:24.347928+00:00', try_number=2, map_index=-1)
2025-03-23 10:42:50,335 INFO - Received executor event with state success for task instance TaskInstanceKey(dag_id='snowflake_data_pipeline', task_id='check_new_data', run_id='scheduled__2025-03-22T05:00:00+00:00', try_number=2, map_index=-1)
2025-03-23 10:42:50,335 INFO - Received executor event with state success for task instance TaskInstanceKey(dag_id='snowflake_data_pipeline', task_id='check_new_data', run_id='scheduled__2025-03-22T13:00:00+00:00', try_number=2, map_index=-1)
2025-03-23 10:42:50,335 INFO - Received executor event with state success for task instance TaskInstanceKey(dag_id='snowflake_data_pipeline', task_id='check_new_data', run_id='scheduled__2025-03-22T07:00:00+00:00', try_number=2, map_index=-1)
2025-03-23 10:42:50,335 INFO - Received executor event with state success for task instance TaskInstanceKey(dag_id='snowflake_data_pipeline', task_id='check_new_data', run_id='scheduled__2025-03-22T06:00:00+00:00', try_number=2, map_index=-1)
2025-03-23 10:42:50,335 INFO - Received executor event with state success for task instance TaskInstanceKey(dag_id='snowflake_data_pipeline', task_id='check_new_data', run_id='scheduled__2025-03-22T04:00:00+00:00', try_number=2, map_index=-1)
2025-03-23 10:42:50,335 INFO - Received executor event with state success for task instance TaskInstanceKey(dag_id='snowflake_data_pipeline', task_id='check_new_data', run_id='scheduled__2025-03-22T14:00:00+00:00', try_number=2, map_index=-1)
2025-03-23 10:42:50,335 INFO - Received executor event with state success for task instance TaskInstanceKey(dag_id='snowflake_data_pipeline', task_id='check_new_data', run_id='scheduled__2025-03-22T08:00:00+00:00', try_number=2, map_index=-1)
2025-03-23 10:42:50,340 INFO - TaskInstance Finished: dag_id=snowflake_data_pipeline, task_id=check_new_data, run_id=scheduled__2025-03-22T10:00:00+00:00, map_index=-1, run_start_date=2025-03-23 10:42:46.606241+00:00, run_end_date=2025-03-23 10:42:49.016224+00:00, run_duration=2.409983, state=failed, executor=LocalExecutor(parallelism=32), executor_state=success, try_number=2, max_tries=1, job_id=66, pool=default_pool, queue=default, priority_weight=2, operator=SqlSensor, queued_dttm=2025-03-23 10:42:41.376025+00:00, queued_by_job_id=47, pid=10825
2025-03-23 10:42:50,342 INFO - TaskInstance Finished: dag_id=snowflake_data_pipeline, task_id=check_new_data, run_id=manual__2025-03-23T10:37:24.347928+00:00, map_index=-1, run_start_date=2025-03-23 10:42:46.718144+00:00, run_end_date=2025-03-23 10:42:49.712938+00:00, run_duration=2.994794, state=failed, executor=LocalExecutor(parallelism=32), executor_state=success, try_number=2, max_tries=1, job_id=70, pool=default_pool, queue=default, priority_weight=2, operator=SqlSensor, queued_dttm=2025-03-23 10:42:41.376025+00:00, queued_by_job_id=47, pid=10835
2025-03-23 10:42:50,342 INFO - TaskInstance Finished: dag_id=snowflake_data_pipeline, task_id=check_new_data, run_id=scheduled__2025-03-22T12:00:00+00:00, map_index=-1, run_start_date=2025-03-23 10:42:46.623737+00:00, run_end_date=2025-03-23 10:42:49.049137+00:00, run_duration=2.4254, state=failed, executor=LocalExecutor(parallelism=32), executor_state=success, try_number=2, max_tries=1, job_id=67, pool=default_pool, queue=default, priority_weight=2, operator=SqlSensor, queued_dttm=2025-03-23 10:42:41.376025+00:00, queued_by_job_id=47, pid=10824
2025-03-23 10:42:50,342 INFO - TaskInstance Finished: dag_id=snowflake_data_pipeline, task_id=check_new_data, run_id=scheduled__2025-03-22T03:00:00+00:00, map_index=-1, run_start_date=2025-03-23 10:42:46.709674+00:00, run_end_date=2025-03-23 10:42:49.349989+00:00, run_duration=2.640315, state=failed, executor=LocalExecutor(parallelism=32), executor_state=success, try_number=2, max_tries=1, job_id=69, pool=default_pool, queue=default, priority_weight=2, operator=SqlSensor, queued_dttm=2025-03-23 10:42:41.376025+00:00, queued_by_job_id=47, pid=10837
2025-03-23 10:42:50,343 INFO - TaskInstance Finished: dag_id=snowflake_data_pipeline, task_id=check_new_data, run_id=scheduled__2025-03-22T08:00:00+00:00, map_index=-1, run_start_date=2025-03-23 10:42:49.168661+00:00, run_end_date=2025-03-23 10:42:50.127686+00:00, run_duration=0.959025, state=failed, executor=LocalExecutor(parallelism=32), executor_state=success, try_number=2, max_tries=1, job_id=78, pool=default_pool, queue=default, priority_weight=2, operator=SqlSensor, queued_dttm=2025-03-23 10:42:41.376025+00:00, queued_by_job_id=47, pid=10961
2025-03-23 10:42:50,343 INFO - TaskInstance Finished: dag_id=snowflake_data_pipeline, task_id=check_new_data, run_id=scheduled__2025-03-22T11:00:00+00:00, map_index=-1, run_start_date=2025-03-23 10:42:46.783611+00:00, run_end_date=2025-03-23 10:42:49.312091+00:00, run_duration=2.52848, state=failed, executor=LocalExecutor(parallelism=32), executor_state=success, try_number=2, max_tries=1, job_id=71, pool=default_pool, queue=default, priority_weight=2, operator=SqlSensor, queued_dttm=2025-03-23 10:42:41.376025+00:00, queued_by_job_id=47, pid=10847
2025-03-23 10:42:50,343 INFO - TaskInstance Finished: dag_id=snowflake_data_pipeline, task_id=check_new_data, run_id=scheduled__2025-03-22T07:00:00+00:00, map_index=-1, run_start_date=2025-03-23 10:42:48.364193+00:00, run_end_date=2025-03-23 10:42:49.983856+00:00, run_duration=1.619663, state=failed, executor=LocalExecutor(parallelism=32), executor_state=success, try_number=2, max_tries=1, job_id=76, pool=default_pool, queue=default, priority_weight=2, operator=SqlSensor, queued_dttm=2025-03-23 10:42:41.376025+00:00, queued_by_job_id=47, pid=10920
2025-03-23 10:42:50,343 INFO - TaskInstance Finished: dag_id=snowflake_data_pipeline, task_id=check_new_data, run_id=scheduled__2025-03-22T13:00:00+00:00, map_index=-1, run_start_date=2025-03-23 10:42:48.463556+00:00, run_end_date=2025-03-23 10:42:49.933942+00:00, run_duration=1.470386, state=failed, executor=LocalExecutor(parallelism=32), executor_state=success, try_number=2, max_tries=1, job_id=77, pool=default_pool, queue=default, priority_weight=2, operator=SqlSensor, queued_dttm=2025-03-23 10:42:41.376025+00:00, queued_by_job_id=47, pid=10925
2025-03-23 10:42:50,344 INFO - TaskInstance Finished: dag_id=snowflake_data_pipeline, task_id=check_new_data, run_id=scheduled__2025-03-22T14:00:00+00:00, map_index=-1, run_start_date=2025-03-23 10:42:48.530707+00:00, run_end_date=2025-03-23 10:42:50.071469+00:00, run_duration=1.540762, state=failed, executor=LocalExecutor(parallelism=32), executor_state=success, try_number=2, max_tries=1, job_id=74, pool=default_pool, queue=default, priority_weight=2, operator=SqlSensor, queued_dttm=2025-03-23 10:42:41.376025+00:00, queued_by_job_id=47, pid=10942
2025-03-23 10:42:50,344 INFO - TaskInstance Finished: dag_id=snowflake_data_pipeline, task_id=check_new_data, run_id=scheduled__2025-03-22T05:00:00+00:00, map_index=-1, run_start_date=2025-03-23 10:42:47.708131+00:00, run_end_date=2025-03-23 10:42:49.933207+00:00, run_duration=2.225076, state=failed, executor=LocalExecutor(parallelism=32), executor_state=success, try_number=2, max_tries=1, job_id=73, pool=default_pool, queue=default, priority_weight=2, operator=SqlSensor, queued_dttm=2025-03-23 10:42:41.376025+00:00, queued_by_job_id=47, pid=10900
2025-03-23 10:42:50,344 INFO - TaskInstance Finished: dag_id=snowflake_data_pipeline, task_id=check_new_data, run_id=scheduled__2025-03-22T02:00:00+00:00, map_index=-1, run_start_date=2025-03-23 10:42:46.685525+00:00, run_end_date=2025-03-23 10:42:49.331230+00:00, run_duration=2.645705, state=failed, executor=LocalExecutor(parallelism=32), executor_state=success, try_number=2, max_tries=1, job_id=68, pool=default_pool, queue=default, priority_weight=2, operator=SqlSensor, queued_dttm=2025-03-23 10:42:41.376025+00:00, queued_by_job_id=47, pid=10830
2025-03-23 10:42:50,344 INFO - TaskInstance Finished: dag_id=snowflake_data_pipeline, task_id=check_new_data, run_id=scheduled__2025-03-22T04:00:00+00:00, map_index=-1, run_start_date=2025-03-23 10:42:47.703793+00:00, run_end_date=2025-03-23 10:42:50.097355+00:00, run_duration=2.393562, state=failed, executor=LocalExecutor(parallelism=32), executor_state=success, try_number=2, max_tries=1, job_id=72, pool=default_pool, queue=default, priority_weight=2, operator=SqlSensor, queued_dttm=2025-03-23 10:42:41.376025+00:00, queued_by_job_id=47, pid=10913
2025-03-23 10:42:50,345 INFO - TaskInstance Finished: dag_id=snowflake_data_pipeline, task_id=check_new_data, run_id=scheduled__2025-03-22T06:00:00+00:00, map_index=-1, run_start_date=2025-03-23 10:42:48.174785+00:00, run_end_date=2025-03-23 10:42:50.054192+00:00, run_duration=1.879407, state=failed, executor=LocalExecutor(parallelism=32), executor_state=success, try_number=2, max_tries=1, job_id=75, pool=default_pool, queue=default, priority_weight=2, operator=SqlSensor, queued_dttm=2025-03-23 10:42:41.376025+00:00, queued_by_job_id=47, pid=10915
2025-03-23 10:42:50,695 INFO - Setting next_dagrun for snowflake_data_pipeline to 2025-03-22 15:00:00+00:00, run_after=2025-03-22 16:00:00+00:00
2025-03-23 10:42:50,711 ERROR - Marking run <DagRun snowflake_data_pipeline @ 2025-03-22 14:00:00+00:00: scheduled__2025-03-22T14:00:00+00:00, state:running, queued_at: 2025-03-23 10:37:26.776964+00:00. externally triggered: False> failed
2025-03-23 10:42:50,712 INFO - DagRun Finished: dag_id=snowflake_data_pipeline, execution_date=2025-03-22 14:00:00+00:00, run_id=scheduled__2025-03-22T14:00:00+00:00, run_start_date=2025-03-23 10:37:26.805795+00:00, run_end_date=2025-03-23 10:42:50.711958+00:00, run_duration=323.906163, state=failed, external_trigger=False, run_type=scheduled, data_interval_start=2025-03-22 14:00:00+00:00, data_interval_end=2025-03-22 15:00:00+00:00, dag_hash=4951bcce49f4859682631a7950d4f8af
2025-03-23 10:42:50,715 INFO - Setting next_dagrun for snowflake_data_pipeline to 2025-03-22 15:00:00+00:00, run_after=2025-03-22 16:00:00+00:00
2025-03-23 10:42:50,718 ERROR - Marking run <DagRun snowflake_data_pipeline @ 2025-03-22 09:00:00+00:00: scheduled__2025-03-22T09:00:00+00:00, state:running, queued_at: 2025-03-23 10:37:25.698778+00:00. externally triggered: False> failed
2025-03-23 10:42:50,718 INFO - DagRun Finished: dag_id=snowflake_data_pipeline, execution_date=2025-03-22 09:00:00+00:00, run_id=scheduled__2025-03-22T09:00:00+00:00, run_start_date=2025-03-23 10:37:25.711583+00:00, run_end_date=2025-03-23 10:42:50.718958+00:00, run_duration=325.007375, state=failed, external_trigger=False, run_type=scheduled, data_interval_start=2025-03-22 09:00:00+00:00, data_interval_end=2025-03-22 10:00:00+00:00, dag_hash=4951bcce49f4859682631a7950d4f8af
2025-03-23 10:42:50,721 INFO - Setting next_dagrun for snowflake_data_pipeline to 2025-03-22 10:00:00+00:00, run_after=2025-03-22 11:00:00+00:00
2025-03-23 10:42:50,723 ERROR - Marking run <DagRun snowflake_data_pipeline @ 2025-03-22 08:00:00+00:00: scheduled__2025-03-22T08:00:00+00:00, state:running, queued_at: 2025-03-23 10:37:25.530717+00:00. externally triggered: False> failed
2025-03-23 10:42:50,723 INFO - DagRun Finished: dag_id=snowflake_data_pipeline, execution_date=2025-03-22 08:00:00+00:00, run_id=scheduled__2025-03-22T08:00:00+00:00, run_start_date=2025-03-23 10:37:25.543725+00:00, run_end_date=2025-03-23 10:42:50.723758+00:00, run_duration=325.180033, state=failed, external_trigger=False, run_type=scheduled, data_interval_start=2025-03-22 08:00:00+00:00, data_interval_end=2025-03-22 09:00:00+00:00, dag_hash=4951bcce49f4859682631a7950d4f8af
2025-03-23 10:42:50,726 INFO - Setting next_dagrun for snowflake_data_pipeline to 2025-03-22 09:00:00+00:00, run_after=2025-03-22 10:00:00+00:00
2025-03-23 10:42:50,729 ERROR - Marking run <DagRun snowflake_data_pipeline @ 2025-03-22 04:00:00+00:00: scheduled__2025-03-22T04:00:00+00:00, state:running, queued_at: 2025-03-23 10:37:24.945674+00:00. externally triggered: False> failed
2025-03-23 10:42:50,730 INFO - DagRun Finished: dag_id=snowflake_data_pipeline, execution_date=2025-03-22 04:00:00+00:00, run_id=scheduled__2025-03-22T04:00:00+00:00, run_start_date=2025-03-23 10:37:24.960998+00:00, run_end_date=2025-03-23 10:42:50.730230+00:00, run_duration=325.769232, state=failed, external_trigger=False, run_type=scheduled, data_interval_start=2025-03-22 04:00:00+00:00, data_interval_end=2025-03-22 05:00:00+00:00, dag_hash=4951bcce49f4859682631a7950d4f8af
2025-03-23 10:42:50,734 INFO - Setting next_dagrun for snowflake_data_pipeline to 2025-03-22 05:00:00+00:00, run_after=2025-03-22 06:00:00+00:00
2025-03-23 10:42:50,756 INFO - Received executor event with state success for task instance TaskInstanceKey(dag_id='snowflake_data_pipeline', task_id='check_new_data', run_id='scheduled__2025-03-22T09:00:00+00:00', try_number=2, map_index=-1)
2025-03-23 10:42:50,761 INFO - TaskInstance Finished: dag_id=snowflake_data_pipeline, task_id=check_new_data, run_id=scheduled__2025-03-22T09:00:00+00:00, map_index=-1, run_start_date=2025-03-23 10:42:49.638137+00:00, run_end_date=2025-03-23 10:42:50.330430+00:00, run_duration=0.692293, state=failed, executor=LocalExecutor(parallelism=32), executor_state=success, try_number=2, max_tries=1, job_id=79, pool=default_pool, queue=default, priority_weight=2, operator=SqlSensor, queued_dttm=2025-03-23 10:42:41.376025+00:00, queued_by_job_id=47, pid=11019
2025-03-23 10:42:51,785 INFO - Setting next_dagrun for snowflake_data_pipeline to 2025-03-22 06:00:00+00:00, run_after=2025-03-22 07:00:00+00:00
2025-03-23 10:42:52,835 INFO - Setting next_dagrun for snowflake_data_pipeline to 2025-03-22 07:00:00+00:00, run_after=2025-03-22 08:00:00+00:00
2025-03-23 10:42:53,882 INFO - Setting next_dagrun for snowflake_data_pipeline to 2025-03-22 08:00:00+00:00, run_after=2025-03-22 09:00:00+00:00
2025-03-23 10:42:54,941 INFO - Setting next_dagrun for snowflake_data_pipeline to 2025-03-22 09:00:00+00:00, run_after=2025-03-22 10:00:00+00:00
2025-03-23 10:42:55,690 INFO - Setting next_dagrun for snowflake_data_pipeline to 2025-03-22 10:00:00+00:00, run_after=2025-03-22 11:00:00+00:00
2025-03-23 10:42:55,784 INFO - Setting next_dagrun for snowflake_data_pipeline to 2025-03-22 11:00:00+00:00, run_after=2025-03-22 12:00:00+00:00
2025-03-23 10:42:56,830 INFO - Setting next_dagrun for snowflake_data_pipeline to 2025-03-22 12:00:00+00:00, run_after=2025-03-22 13:00:00+00:00
2025-03-23 10:42:57,481 INFO - Setting next_dagrun for snowflake_data_pipeline to 2025-03-22 17:00:00+00:00, run_after=2025-03-22 18:00:00+00:00
2025-03-23 10:42:57,516 INFO - 1 tasks up for execution:
	<TaskInstance: snowflake_data_pipeline.check_new_data scheduled__2025-03-22T16:00:00+00:00 [scheduled]>
2025-03-23 10:42:57,517 INFO - DAG snowflake_data_pipeline has 0/16 running and queued tasks
2025-03-23 10:42:57,517 INFO - Setting the following tasks to queued state:
	<TaskInstance: snowflake_data_pipeline.check_new_data scheduled__2025-03-22T16:00:00+00:00 [scheduled]>
2025-03-23 10:42:57,518 INFO - Trying to enqueue tasks: [<TaskInstance: snowflake_data_pipeline.check_new_data scheduled__2025-03-22T16:00:00+00:00 [scheduled]>] for executor: LocalExecutor(parallelism=32)
2025-03-23 10:42:57,520 INFO - Sending TaskInstanceKey(dag_id='snowflake_data_pipeline', task_id='check_new_data', run_id='scheduled__2025-03-22T16:00:00+00:00', try_number=1, map_index=-1) to LocalExecutor with priority 2 and queue default
2025-03-23 10:42:57,520 INFO - Adding to queue: ['airflow', 'tasks', 'run', 'snowflake_data_pipeline', 'check_new_data', 'scheduled__2025-03-22T16:00:00+00:00', '--local', '--subdir', 'DAGS_FOLDER/check_data_availabilty.py']
2025-03-23 10:42:57,543 INFO - Setting next_dagrun for snowflake_data_pipeline to 2025-03-22 18:00:00+00:00, run_after=2025-03-22 19:00:00+00:00
2025-03-23 10:42:57,580 INFO - 1 tasks up for execution:
	<TaskInstance: snowflake_data_pipeline.check_new_data scheduled__2025-03-22T17:00:00+00:00 [scheduled]>
2025-03-23 10:42:57,580 INFO - DAG snowflake_data_pipeline has 1/16 running and queued tasks
2025-03-23 10:42:57,580 INFO - Setting the following tasks to queued state:
	<TaskInstance: snowflake_data_pipeline.check_new_data scheduled__2025-03-22T17:00:00+00:00 [scheduled]>
2025-03-23 10:42:57,581 INFO - Trying to enqueue tasks: [<TaskInstance: snowflake_data_pipeline.check_new_data scheduled__2025-03-22T17:00:00+00:00 [scheduled]>] for executor: LocalExecutor(parallelism=32)
2025-03-23 10:42:57,581 INFO - Sending TaskInstanceKey(dag_id='snowflake_data_pipeline', task_id='check_new_data', run_id='scheduled__2025-03-22T17:00:00+00:00', try_number=1, map_index=-1) to LocalExecutor with priority 2 and queue default
2025-03-23 10:42:57,582 INFO - Adding to queue: ['airflow', 'tasks', 'run', 'snowflake_data_pipeline', 'check_new_data', 'scheduled__2025-03-22T17:00:00+00:00', '--local', '--subdir', 'DAGS_FOLDER/check_data_availabilty.py']
2025-03-23 10:42:57,565 INFO - QueuedLocalWorker running ['airflow', 'tasks', 'run', 'snowflake_data_pipeline', 'check_new_data', 'scheduled__2025-03-22T16:00:00+00:00', '--local', '--subdir', 'DAGS_FOLDER/check_data_availabilty.py']
2025-03-23 10:42:57,603 INFO - Setting next_dagrun for snowflake_data_pipeline to 2025-03-22 19:00:00+00:00, run_after=2025-03-22 20:00:00+00:00
2025-03-23 10:42:57,614 INFO - QueuedLocalWorker running ['airflow', 'tasks', 'run', 'snowflake_data_pipeline', 'check_new_data', 'scheduled__2025-03-22T17:00:00+00:00', '--local', '--subdir', 'DAGS_FOLDER/check_data_availabilty.py']
2025-03-23 10:42:57,648 INFO - 1 tasks up for execution:
	<TaskInstance: snowflake_data_pipeline.check_new_data scheduled__2025-03-22T18:00:00+00:00 [scheduled]>
2025-03-23 10:42:57,649 INFO - DAG snowflake_data_pipeline has 2/16 running and queued tasks
2025-03-23 10:42:57,649 INFO - Setting the following tasks to queued state:
	<TaskInstance: snowflake_data_pipeline.check_new_data scheduled__2025-03-22T18:00:00+00:00 [scheduled]>
2025-03-23 10:42:57,650 INFO - Trying to enqueue tasks: [<TaskInstance: snowflake_data_pipeline.check_new_data scheduled__2025-03-22T18:00:00+00:00 [scheduled]>] for executor: LocalExecutor(parallelism=32)
2025-03-23 10:42:57,650 INFO - Sending TaskInstanceKey(dag_id='snowflake_data_pipeline', task_id='check_new_data', run_id='scheduled__2025-03-22T18:00:00+00:00', try_number=1, map_index=-1) to LocalExecutor with priority 2 and queue default
2025-03-23 10:42:57,651 INFO - Adding to queue: ['airflow', 'tasks', 'run', 'snowflake_data_pipeline', 'check_new_data', 'scheduled__2025-03-22T18:00:00+00:00', '--local', '--subdir', 'DAGS_FOLDER/check_data_availabilty.py']
2025-03-23 10:42:57,672 INFO - Setting next_dagrun for snowflake_data_pipeline to 2025-03-22 20:00:00+00:00, run_after=2025-03-22 21:00:00+00:00
2025-03-23 10:42:57,686 INFO - QueuedLocalWorker running ['airflow', 'tasks', 'run', 'snowflake_data_pipeline', 'check_new_data', 'scheduled__2025-03-22T18:00:00+00:00', '--local', '--subdir', 'DAGS_FOLDER/check_data_availabilty.py']
2025-03-23 10:42:57,723 INFO - 1 tasks up for execution:
	<TaskInstance: snowflake_data_pipeline.check_new_data scheduled__2025-03-22T19:00:00+00:00 [scheduled]>
2025-03-23 10:42:57,723 INFO - DAG snowflake_data_pipeline has 3/16 running and queued tasks
2025-03-23 10:42:57,723 INFO - Setting the following tasks to queued state:
	<TaskInstance: snowflake_data_pipeline.check_new_data scheduled__2025-03-22T19:00:00+00:00 [scheduled]>
2025-03-23 10:42:57,724 INFO - Trying to enqueue tasks: [<TaskInstance: snowflake_data_pipeline.check_new_data scheduled__2025-03-22T19:00:00+00:00 [scheduled]>] for executor: LocalExecutor(parallelism=32)
2025-03-23 10:42:57,725 INFO - Sending TaskInstanceKey(dag_id='snowflake_data_pipeline', task_id='check_new_data', run_id='scheduled__2025-03-22T19:00:00+00:00', try_number=1, map_index=-1) to LocalExecutor with priority 2 and queue default
2025-03-23 10:42:57,725 INFO - Adding to queue: ['airflow', 'tasks', 'run', 'snowflake_data_pipeline', 'check_new_data', 'scheduled__2025-03-22T19:00:00+00:00', '--local', '--subdir', 'DAGS_FOLDER/check_data_availabilty.py']
2025-03-23 10:42:57,748 INFO - Setting next_dagrun for snowflake_data_pipeline to 2025-03-22 21:00:00+00:00, run_after=2025-03-22 22:00:00+00:00
2025-03-23 10:42:57,755 INFO - QueuedLocalWorker running ['airflow', 'tasks', 'run', 'snowflake_data_pipeline', 'check_new_data', 'scheduled__2025-03-22T19:00:00+00:00', '--local', '--subdir', 'DAGS_FOLDER/check_data_availabilty.py']
2025-03-23 10:42:57,808 INFO - 1 tasks up for execution:
	<TaskInstance: snowflake_data_pipeline.check_new_data scheduled__2025-03-22T20:00:00+00:00 [scheduled]>
2025-03-23 10:42:57,808 INFO - DAG snowflake_data_pipeline has 4/16 running and queued tasks
2025-03-23 10:42:57,809 INFO - Setting the following tasks to queued state:
	<TaskInstance: snowflake_data_pipeline.check_new_data scheduled__2025-03-22T20:00:00+00:00 [scheduled]>
2025-03-23 10:42:57,810 INFO - Trying to enqueue tasks: [<TaskInstance: snowflake_data_pipeline.check_new_data scheduled__2025-03-22T20:00:00+00:00 [scheduled]>] for executor: LocalExecutor(parallelism=32)
2025-03-23 10:42:57,811 INFO - Sending TaskInstanceKey(dag_id='snowflake_data_pipeline', task_id='check_new_data', run_id='scheduled__2025-03-22T20:00:00+00:00', try_number=1, map_index=-1) to LocalExecutor with priority 2 and queue default
2025-03-23 10:42:57,811 INFO - Adding to queue: ['airflow', 'tasks', 'run', 'snowflake_data_pipeline', 'check_new_data', 'scheduled__2025-03-22T20:00:00+00:00', '--local', '--subdir', 'DAGS_FOLDER/check_data_availabilty.py']
2025-03-23 10:42:57,835 INFO - Setting next_dagrun for snowflake_data_pipeline to 2025-03-22 22:00:00+00:00, run_after=2025-03-22 23:00:00+00:00
2025-03-23 10:42:57,838 INFO - QueuedLocalWorker running ['airflow', 'tasks', 'run', 'snowflake_data_pipeline', 'check_new_data', 'scheduled__2025-03-22T20:00:00+00:00', '--local', '--subdir', 'DAGS_FOLDER/check_data_availabilty.py']
2025-03-23 10:42:57,876 INFO - Filling up the DagBag from /home/ravi/analytics_platform/Insurance_analytics/***/dags/check_data_availabilty.py
2025-03-23 10:42:57,872 INFO - Filling up the DagBag from /home/ravi/analytics_platform/Insurance_analytics/***/dags/check_data_availabilty.py
2025-03-23 10:42:57,884 INFO - Filling up the DagBag from /home/ravi/analytics_platform/Insurance_analytics/***/dags/check_data_availabilty.py
2025-03-23 10:42:57,887 INFO - Filling up the DagBag from /home/ravi/analytics_platform/Insurance_analytics/***/dags/check_data_availabilty.py
2025-03-23 10:42:57,907 INFO - 1 tasks up for execution:
	<TaskInstance: snowflake_data_pipeline.check_new_data scheduled__2025-03-22T21:00:00+00:00 [scheduled]>
2025-03-23 10:42:57,907 INFO - DAG snowflake_data_pipeline has 5/16 running and queued tasks
2025-03-23 10:42:57,907 INFO - Setting the following tasks to queued state:
	<TaskInstance: snowflake_data_pipeline.check_new_data scheduled__2025-03-22T21:00:00+00:00 [scheduled]>
2025-03-23 10:42:57,908 INFO - Trying to enqueue tasks: [<TaskInstance: snowflake_data_pipeline.check_new_data scheduled__2025-03-22T21:00:00+00:00 [scheduled]>] for executor: LocalExecutor(parallelism=32)
2025-03-23 10:42:57,909 INFO - Sending TaskInstanceKey(dag_id='snowflake_data_pipeline', task_id='check_new_data', run_id='scheduled__2025-03-22T21:00:00+00:00', try_number=1, map_index=-1) to LocalExecutor with priority 2 and queue default
2025-03-23 10:42:57,909 INFO - Adding to queue: ['airflow', 'tasks', 'run', 'snowflake_data_pipeline', 'check_new_data', 'scheduled__2025-03-22T21:00:00+00:00', '--local', '--subdir', 'DAGS_FOLDER/check_data_availabilty.py']
2025-03-23 10:42:57,932 INFO - Setting next_dagrun for snowflake_data_pipeline to 2025-03-22 23:00:00+00:00, run_after=2025-03-23 00:00:00+00:00
2025-03-23 10:42:57,937 INFO - QueuedLocalWorker running ['airflow', 'tasks', 'run', 'snowflake_data_pipeline', 'check_new_data', 'scheduled__2025-03-22T21:00:00+00:00', '--local', '--subdir', 'DAGS_FOLDER/check_data_availabilty.py']
2025-03-23 10:42:57,962 INFO - Filling up the DagBag from /home/ravi/analytics_platform/Insurance_analytics/***/dags/check_data_availabilty.py
2025-03-23 10:42:58,010 INFO - 1 tasks up for execution:
	<TaskInstance: snowflake_data_pipeline.check_new_data scheduled__2025-03-22T22:00:00+00:00 [scheduled]>
2025-03-23 10:42:58,011 INFO - DAG snowflake_data_pipeline has 6/16 running and queued tasks
2025-03-23 10:42:58,011 INFO - Setting the following tasks to queued state:
	<TaskInstance: snowflake_data_pipeline.check_new_data scheduled__2025-03-22T22:00:00+00:00 [scheduled]>
2025-03-23 10:42:58,013 INFO - Trying to enqueue tasks: [<TaskInstance: snowflake_data_pipeline.check_new_data scheduled__2025-03-22T22:00:00+00:00 [scheduled]>] for executor: LocalExecutor(parallelism=32)
2025-03-23 10:42:58,013 INFO - Sending TaskInstanceKey(dag_id='snowflake_data_pipeline', task_id='check_new_data', run_id='scheduled__2025-03-22T22:00:00+00:00', try_number=1, map_index=-1) to LocalExecutor with priority 2 and queue default
2025-03-23 10:42:58,013 INFO - Adding to queue: ['airflow', 'tasks', 'run', 'snowflake_data_pipeline', 'check_new_data', 'scheduled__2025-03-22T22:00:00+00:00', '--local', '--subdir', 'DAGS_FOLDER/check_data_availabilty.py']
2025-03-23 10:42:58,039 INFO - Setting next_dagrun for snowflake_data_pipeline to 2025-03-23 00:00:00+00:00, run_after=2025-03-23 01:00:00+00:00
2025-03-23 10:42:58,091 INFO - QueuedLocalWorker running ['airflow', 'tasks', 'run', 'snowflake_data_pipeline', 'check_new_data', 'scheduled__2025-03-22T22:00:00+00:00', '--local', '--subdir', 'DAGS_FOLDER/check_data_availabilty.py']
2025-03-23 10:42:58,171 INFO - Filling up the DagBag from /home/ravi/analytics_platform/Insurance_analytics/***/dags/check_data_availabilty.py
2025-03-23 10:42:58,219 INFO - 1 tasks up for execution:
	<TaskInstance: snowflake_data_pipeline.check_new_data scheduled__2025-03-22T23:00:00+00:00 [scheduled]>
2025-03-23 10:42:58,220 INFO - DAG snowflake_data_pipeline has 7/16 running and queued tasks
2025-03-23 10:42:58,220 INFO - Setting the following tasks to queued state:
	<TaskInstance: snowflake_data_pipeline.check_new_data scheduled__2025-03-22T23:00:00+00:00 [scheduled]>
2025-03-23 10:42:58,222 INFO - Trying to enqueue tasks: [<TaskInstance: snowflake_data_pipeline.check_new_data scheduled__2025-03-22T23:00:00+00:00 [scheduled]>] for executor: LocalExecutor(parallelism=32)
2025-03-23 10:42:58,222 INFO - Sending TaskInstanceKey(dag_id='snowflake_data_pipeline', task_id='check_new_data', run_id='scheduled__2025-03-22T23:00:00+00:00', try_number=1, map_index=-1) to LocalExecutor with priority 2 and queue default
2025-03-23 10:42:58,223 INFO - Adding to queue: ['airflow', 'tasks', 'run', 'snowflake_data_pipeline', 'check_new_data', 'scheduled__2025-03-22T23:00:00+00:00', '--local', '--subdir', 'DAGS_FOLDER/check_data_availabilty.py']
2025-03-23 10:42:58,249 INFO - Setting next_dagrun for snowflake_data_pipeline to 2025-03-23 01:00:00+00:00, run_after=2025-03-23 02:00:00+00:00
2025-03-23 10:42:58,298 INFO - QueuedLocalWorker running ['airflow', 'tasks', 'run', 'snowflake_data_pipeline', 'check_new_data', 'scheduled__2025-03-22T23:00:00+00:00', '--local', '--subdir', 'DAGS_FOLDER/check_data_availabilty.py']
2025-03-23 10:42:58,382 INFO - 1 tasks up for execution:
	<TaskInstance: snowflake_data_pipeline.check_new_data scheduled__2025-03-23T00:00:00+00:00 [scheduled]>
2025-03-23 10:42:58,382 INFO - DAG snowflake_data_pipeline has 8/16 running and queued tasks
2025-03-23 10:42:58,383 INFO - Setting the following tasks to queued state:
	<TaskInstance: snowflake_data_pipeline.check_new_data scheduled__2025-03-23T00:00:00+00:00 [scheduled]>
2025-03-23 10:42:58,385 INFO - Trying to enqueue tasks: [<TaskInstance: snowflake_data_pipeline.check_new_data scheduled__2025-03-23T00:00:00+00:00 [scheduled]>] for executor: LocalExecutor(parallelism=32)
2025-03-23 10:42:58,386 INFO - Sending TaskInstanceKey(dag_id='snowflake_data_pipeline', task_id='check_new_data', run_id='scheduled__2025-03-23T00:00:00+00:00', try_number=1, map_index=-1) to LocalExecutor with priority 2 and queue default
2025-03-23 10:42:58,386 INFO - Adding to queue: ['airflow', 'tasks', 'run', 'snowflake_data_pipeline', 'check_new_data', 'scheduled__2025-03-23T00:00:00+00:00', '--local', '--subdir', 'DAGS_FOLDER/check_data_availabilty.py']
2025-03-23 10:42:58,383 INFO - Filling up the DagBag from /home/ravi/analytics_platform/Insurance_analytics/***/dags/check_data_availabilty.py
2025-03-23 10:42:58,412 INFO - Setting next_dagrun for snowflake_data_pipeline to 2025-03-23 02:00:00+00:00, run_after=2025-03-23 03:00:00+00:00
2025-03-23 10:42:58,429 INFO - QueuedLocalWorker running ['airflow', 'tasks', 'run', 'snowflake_data_pipeline', 'check_new_data', 'scheduled__2025-03-23T00:00:00+00:00', '--local', '--subdir', 'DAGS_FOLDER/check_data_availabilty.py']
2025-03-23 10:42:58,502 INFO - Filling up the DagBag from /home/ravi/analytics_platform/Insurance_analytics/***/dags/check_data_availabilty.py
2025-03-23 10:42:58,540 INFO - 1 tasks up for execution:
	<TaskInstance: snowflake_data_pipeline.check_new_data scheduled__2025-03-23T01:00:00+00:00 [scheduled]>
2025-03-23 10:42:58,541 INFO - DAG snowflake_data_pipeline has 9/16 running and queued tasks
2025-03-23 10:42:58,541 INFO - Setting the following tasks to queued state:
	<TaskInstance: snowflake_data_pipeline.check_new_data scheduled__2025-03-23T01:00:00+00:00 [scheduled]>
2025-03-23 10:42:58,544 INFO - Trying to enqueue tasks: [<TaskInstance: snowflake_data_pipeline.check_new_data scheduled__2025-03-23T01:00:00+00:00 [scheduled]>] for executor: LocalExecutor(parallelism=32)
2025-03-23 10:42:58,544 INFO - Sending TaskInstanceKey(dag_id='snowflake_data_pipeline', task_id='check_new_data', run_id='scheduled__2025-03-23T01:00:00+00:00', try_number=1, map_index=-1) to LocalExecutor with priority 2 and queue default
2025-03-23 10:42:58,545 INFO - Adding to queue: ['airflow', 'tasks', 'run', 'snowflake_data_pipeline', 'check_new_data', 'scheduled__2025-03-23T01:00:00+00:00', '--local', '--subdir', 'DAGS_FOLDER/check_data_availabilty.py']
2025-03-23 10:42:58,574 INFO - Setting next_dagrun for snowflake_data_pipeline to 2025-03-23 03:00:00+00:00, run_after=2025-03-23 04:00:00+00:00
2025-03-23 10:42:58,605 INFO - QueuedLocalWorker running ['airflow', 'tasks', 'run', 'snowflake_data_pipeline', 'check_new_data', 'scheduled__2025-03-23T01:00:00+00:00', '--local', '--subdir', 'DAGS_FOLDER/check_data_availabilty.py']
2025-03-23 10:42:58,718 INFO - 1 tasks up for execution:
	<TaskInstance: snowflake_data_pipeline.check_new_data scheduled__2025-03-23T02:00:00+00:00 [scheduled]>
2025-03-23 10:42:58,719 INFO - DAG snowflake_data_pipeline has 10/16 running and queued tasks
2025-03-23 10:42:58,719 INFO - Setting the following tasks to queued state:
	<TaskInstance: snowflake_data_pipeline.check_new_data scheduled__2025-03-23T02:00:00+00:00 [scheduled]>
2025-03-23 10:42:58,721 INFO - Trying to enqueue tasks: [<TaskInstance: snowflake_data_pipeline.check_new_data scheduled__2025-03-23T02:00:00+00:00 [scheduled]>] for executor: LocalExecutor(parallelism=32)
2025-03-23 10:42:58,722 INFO - Sending TaskInstanceKey(dag_id='snowflake_data_pipeline', task_id='check_new_data', run_id='scheduled__2025-03-23T02:00:00+00:00', try_number=1, map_index=-1) to LocalExecutor with priority 2 and queue default
2025-03-23 10:42:58,723 INFO - Adding to queue: ['airflow', 'tasks', 'run', 'snowflake_data_pipeline', 'check_new_data', 'scheduled__2025-03-23T02:00:00+00:00', '--local', '--subdir', 'DAGS_FOLDER/check_data_availabilty.py']
2025-03-23 10:42:58,750 INFO - Setting next_dagrun for snowflake_data_pipeline to 2025-03-23 04:00:00+00:00, run_after=2025-03-23 05:00:00+00:00
2025-03-23 10:42:58,751 INFO - Filling up the DagBag from /home/ravi/analytics_platform/Insurance_analytics/***/dags/check_data_availabilty.py
2025-03-23 10:42:58,767 INFO - QueuedLocalWorker running ['airflow', 'tasks', 'run', 'snowflake_data_pipeline', 'check_new_data', 'scheduled__2025-03-23T02:00:00+00:00', '--local', '--subdir', 'DAGS_FOLDER/check_data_availabilty.py']
2025-03-23 10:42:58,852 INFO - Filling up the DagBag from /home/ravi/analytics_platform/Insurance_analytics/***/dags/check_data_availabilty.py
2025-03-23 10:42:58,918 INFO - 1 tasks up for execution:
	<TaskInstance: snowflake_data_pipeline.check_new_data scheduled__2025-03-23T03:00:00+00:00 [scheduled]>
2025-03-23 10:42:58,919 INFO - DAG snowflake_data_pipeline has 11/16 running and queued tasks
2025-03-23 10:42:58,919 INFO - Setting the following tasks to queued state:
	<TaskInstance: snowflake_data_pipeline.check_new_data scheduled__2025-03-23T03:00:00+00:00 [scheduled]>
2025-03-23 10:42:58,921 INFO - Trying to enqueue tasks: [<TaskInstance: snowflake_data_pipeline.check_new_data scheduled__2025-03-23T03:00:00+00:00 [scheduled]>] for executor: LocalExecutor(parallelism=32)
2025-03-23 10:42:58,923 INFO - Sending TaskInstanceKey(dag_id='snowflake_data_pipeline', task_id='check_new_data', run_id='scheduled__2025-03-23T03:00:00+00:00', try_number=1, map_index=-1) to LocalExecutor with priority 2 and queue default
2025-03-23 10:42:58,924 INFO - Adding to queue: ['airflow', 'tasks', 'run', 'snowflake_data_pipeline', 'check_new_data', 'scheduled__2025-03-23T03:00:00+00:00', '--local', '--subdir', 'DAGS_FOLDER/check_data_availabilty.py']
2025-03-23 10:42:58,959 INFO - Setting next_dagrun for snowflake_data_pipeline to 2025-03-23 05:00:00+00:00, run_after=2025-03-23 06:00:00+00:00
2025-03-23 10:42:58,975 INFO - QueuedLocalWorker running ['airflow', 'tasks', 'run', 'snowflake_data_pipeline', 'check_new_data', 'scheduled__2025-03-23T03:00:00+00:00', '--local', '--subdir', 'DAGS_FOLDER/check_data_availabilty.py']
2025-03-23 10:42:59,061 INFO - Filling up the DagBag from /home/ravi/analytics_platform/Insurance_analytics/***/dags/check_data_availabilty.py
2025-03-23 10:42:59,126 INFO - 1 tasks up for execution:
	<TaskInstance: snowflake_data_pipeline.check_new_data scheduled__2025-03-23T04:00:00+00:00 [scheduled]>
2025-03-23 10:42:59,127 INFO - DAG snowflake_data_pipeline has 12/16 running and queued tasks
2025-03-23 10:42:59,127 INFO - Setting the following tasks to queued state:
	<TaskInstance: snowflake_data_pipeline.check_new_data scheduled__2025-03-23T04:00:00+00:00 [scheduled]>
2025-03-23 10:42:59,130 INFO - Trying to enqueue tasks: [<TaskInstance: snowflake_data_pipeline.check_new_data scheduled__2025-03-23T04:00:00+00:00 [scheduled]>] for executor: LocalExecutor(parallelism=32)
2025-03-23 10:42:59,130 INFO - Sending TaskInstanceKey(dag_id='snowflake_data_pipeline', task_id='check_new_data', run_id='scheduled__2025-03-23T04:00:00+00:00', try_number=1, map_index=-1) to LocalExecutor with priority 2 and queue default
2025-03-23 10:42:59,131 INFO - Adding to queue: ['airflow', 'tasks', 'run', 'snowflake_data_pipeline', 'check_new_data', 'scheduled__2025-03-23T04:00:00+00:00', '--local', '--subdir', 'DAGS_FOLDER/check_data_availabilty.py']
2025-03-23 10:42:59,166 INFO - DAG snowflake_data_pipeline is at (or above) max_active_runs (16 of 16), not creating any more runs
2025-03-23 10:42:59,199 INFO - QueuedLocalWorker running ['airflow', 'tasks', 'run', 'snowflake_data_pipeline', 'check_new_data', 'scheduled__2025-03-23T04:00:00+00:00', '--local', '--subdir', 'DAGS_FOLDER/check_data_availabilty.py']
2025-03-23 10:42:59,276 INFO - Filling up the DagBag from /home/ravi/analytics_platform/Insurance_analytics/***/dags/check_data_availabilty.py
2025-03-23 10:42:59,455 INFO - 1 tasks up for execution:
	<TaskInstance: snowflake_data_pipeline.check_new_data scheduled__2025-03-23T05:00:00+00:00 [scheduled]>
2025-03-23 10:42:59,456 INFO - DAG snowflake_data_pipeline has 13/16 running and queued tasks
2025-03-23 10:42:59,456 INFO - Setting the following tasks to queued state:
	<TaskInstance: snowflake_data_pipeline.check_new_data scheduled__2025-03-23T05:00:00+00:00 [scheduled]>
2025-03-23 10:42:59,459 INFO - Trying to enqueue tasks: [<TaskInstance: snowflake_data_pipeline.check_new_data scheduled__2025-03-23T05:00:00+00:00 [scheduled]>] for executor: LocalExecutor(parallelism=32)
2025-03-23 10:42:59,459 INFO - Sending TaskInstanceKey(dag_id='snowflake_data_pipeline', task_id='check_new_data', run_id='scheduled__2025-03-23T05:00:00+00:00', try_number=1, map_index=-1) to LocalExecutor with priority 2 and queue default
2025-03-23 10:42:59,460 INFO - Adding to queue: ['airflow', 'tasks', 'run', 'snowflake_data_pipeline', 'check_new_data', 'scheduled__2025-03-23T05:00:00+00:00', '--local', '--subdir', 'DAGS_FOLDER/check_data_availabilty.py']
2025-03-23 10:42:59,496 INFO - Filling up the DagBag from /home/ravi/analytics_platform/Insurance_analytics/***/dags/check_data_availabilty.py
2025-03-23 10:42:59,521 INFO - QueuedLocalWorker running ['airflow', 'tasks', 'run', 'snowflake_data_pipeline', 'check_new_data', 'scheduled__2025-03-23T05:00:00+00:00', '--local', '--subdir', 'DAGS_FOLDER/check_data_availabilty.py']
2025-03-23 10:42:59,795 INFO - Filling up the DagBag from /home/ravi/analytics_platform/Insurance_analytics/***/dags/check_data_availabilty.py
2025-03-23 10:43:01,939 INFO - Running <TaskInstance: snowflake_data_pipeline.check_new_data scheduled__2025-03-23T02:00:00+00:00 [queued]> on host LAPTOP-4RSLRQ9T.
2025-03-23 10:43:01,952 INFO - Running <TaskInstance: snowflake_data_pipeline.check_new_data scheduled__2025-03-23T01:00:00+00:00 [queued]> on host LAPTOP-4RSLRQ9T.
2025-03-23 10:43:01,967 INFO - Running <TaskInstance: snowflake_data_pipeline.check_new_data scheduled__2025-03-22T16:00:00+00:00 [queued]> on host LAPTOP-4RSLRQ9T.
2025-03-23 10:43:01,981 INFO - Running <TaskInstance: snowflake_data_pipeline.check_new_data scheduled__2025-03-23T04:00:00+00:00 [queued]> on host LAPTOP-4RSLRQ9T.
2025-03-23 10:43:01,993 INFO - Running <TaskInstance: snowflake_data_pipeline.check_new_data scheduled__2025-03-22T18:00:00+00:00 [queued]> on host LAPTOP-4RSLRQ9T.
2025-03-23 10:43:01,994 INFO - Running <TaskInstance: snowflake_data_pipeline.check_new_data scheduled__2025-03-22T20:00:00+00:00 [queued]> on host LAPTOP-4RSLRQ9T.
2025-03-23 10:43:02,011 INFO - Running <TaskInstance: snowflake_data_pipeline.check_new_data scheduled__2025-03-22T19:00:00+00:00 [queued]> on host LAPTOP-4RSLRQ9T.
2025-03-23 10:43:02,013 INFO - Running <TaskInstance: snowflake_data_pipeline.check_new_data scheduled__2025-03-22T23:00:00+00:00 [queued]> on host LAPTOP-4RSLRQ9T.
2025-03-23 10:43:02,037 INFO - Running <TaskInstance: snowflake_data_pipeline.check_new_data scheduled__2025-03-23T03:00:00+00:00 [queued]> on host LAPTOP-4RSLRQ9T.
2025-03-23 10:43:02,039 INFO - Running <TaskInstance: snowflake_data_pipeline.check_new_data scheduled__2025-03-22T22:00:00+00:00 [queued]> on host LAPTOP-4RSLRQ9T.
2025-03-23 10:43:02,053 INFO - Running <TaskInstance: snowflake_data_pipeline.check_new_data scheduled__2025-03-22T21:00:00+00:00 [queued]> on host LAPTOP-4RSLRQ9T.
2025-03-23 10:43:02,056 INFO - Running <TaskInstance: snowflake_data_pipeline.check_new_data scheduled__2025-03-22T17:00:00+00:00 [queued]> on host LAPTOP-4RSLRQ9T.
2025-03-23 10:43:02,099 INFO - Running <TaskInstance: snowflake_data_pipeline.check_new_data scheduled__2025-03-23T00:00:00+00:00 [queued]> on host LAPTOP-4RSLRQ9T.
2025-03-23 10:43:03,287 INFO - Running <TaskInstance: snowflake_data_pipeline.check_new_data scheduled__2025-03-23T05:00:00+00:00 [queued]> on host LAPTOP-4RSLRQ9T.
2025-03-23 10:43:20,054 INFO - Received executor event with state success for task instance TaskInstanceKey(dag_id='snowflake_data_pipeline', task_id='check_new_data', run_id='scheduled__2025-03-23T02:00:00+00:00', try_number=1, map_index=-1)
2025-03-23 10:43:20,150 INFO - Received executor event with state success for task instance TaskInstanceKey(dag_id='snowflake_data_pipeline', task_id='check_new_data', run_id='scheduled__2025-03-22T22:00:00+00:00', try_number=1, map_index=-1)
2025-03-23 10:43:20,151 INFO - Received executor event with state success for task instance TaskInstanceKey(dag_id='snowflake_data_pipeline', task_id='check_new_data', run_id='scheduled__2025-03-23T00:00:00+00:00', try_number=1, map_index=-1)
2025-03-23 10:43:20,152 INFO - Received executor event with state success for task instance TaskInstanceKey(dag_id='snowflake_data_pipeline', task_id='check_new_data', run_id='scheduled__2025-03-23T01:00:00+00:00', try_number=1, map_index=-1)
2025-03-23 10:43:20,153 INFO - Received executor event with state success for task instance TaskInstanceKey(dag_id='snowflake_data_pipeline', task_id='check_new_data', run_id='scheduled__2025-03-22T18:00:00+00:00', try_number=1, map_index=-1)
2025-03-23 10:43:20,154 INFO - Received executor event with state success for task instance TaskInstanceKey(dag_id='snowflake_data_pipeline', task_id='check_new_data', run_id='scheduled__2025-03-22T19:00:00+00:00', try_number=1, map_index=-1)
2025-03-23 10:43:20,155 INFO - Received executor event with state success for task instance TaskInstanceKey(dag_id='snowflake_data_pipeline', task_id='check_new_data', run_id='scheduled__2025-03-23T03:00:00+00:00', try_number=1, map_index=-1)
2025-03-23 10:43:20,156 INFO - Received executor event with state success for task instance TaskInstanceKey(dag_id='snowflake_data_pipeline', task_id='check_new_data', run_id='scheduled__2025-03-23T04:00:00+00:00', try_number=1, map_index=-1)
2025-03-23 10:43:20,157 INFO - Received executor event with state success for task instance TaskInstanceKey(dag_id='snowflake_data_pipeline', task_id='check_new_data', run_id='scheduled__2025-03-22T20:00:00+00:00', try_number=1, map_index=-1)
2025-03-23 10:43:20,159 INFO - Received executor event with state success for task instance TaskInstanceKey(dag_id='snowflake_data_pipeline', task_id='check_new_data', run_id='scheduled__2025-03-22T23:00:00+00:00', try_number=1, map_index=-1)
2025-03-23 10:43:20,161 INFO - Received executor event with state success for task instance TaskInstanceKey(dag_id='snowflake_data_pipeline', task_id='check_new_data', run_id='scheduled__2025-03-22T16:00:00+00:00', try_number=1, map_index=-1)
2025-03-23 10:43:20,162 INFO - Received executor event with state success for task instance TaskInstanceKey(dag_id='snowflake_data_pipeline', task_id='check_new_data', run_id='scheduled__2025-03-22T21:00:00+00:00', try_number=1, map_index=-1)
2025-03-23 10:43:20,163 INFO - Received executor event with state success for task instance TaskInstanceKey(dag_id='snowflake_data_pipeline', task_id='check_new_data', run_id='scheduled__2025-03-22T17:00:00+00:00', try_number=1, map_index=-1)
2025-03-23 10:43:20,217 INFO - TaskInstance Finished: dag_id=snowflake_data_pipeline, task_id=check_new_data, run_id=scheduled__2025-03-22T22:00:00+00:00, map_index=-1, run_start_date=2025-03-23 10:43:02.344679+00:00, run_end_date=2025-03-23 10:43:17.476914+00:00, run_duration=15.132235, state=up_for_retry, executor=LocalExecutor(parallelism=32), executor_state=success, try_number=1, max_tries=1, job_id=84, pool=default_pool, queue=default, priority_weight=2, operator=SqlSensor, queued_dttm=2025-03-23 10:42:58.012034+00:00, queued_by_job_id=47, pid=11403
2025-03-23 10:43:20,239 INFO - TaskInstance Finished: dag_id=snowflake_data_pipeline, task_id=check_new_data, run_id=scheduled__2025-03-22T16:00:00+00:00, map_index=-1, run_start_date=2025-03-23 10:43:02.267918+00:00, run_end_date=2025-03-23 10:43:17.729407+00:00, run_duration=15.461489, state=up_for_retry, executor=LocalExecutor(parallelism=32), executor_state=success, try_number=1, max_tries=1, job_id=80, pool=default_pool, queue=default, priority_weight=2, operator=SqlSensor, queued_dttm=2025-03-23 10:42:57.517818+00:00, queued_by_job_id=47, pid=11392
2025-03-23 10:43:20,241 INFO - TaskInstance Finished: dag_id=snowflake_data_pipeline, task_id=check_new_data, run_id=scheduled__2025-03-22T17:00:00+00:00, map_index=-1, run_start_date=2025-03-23 10:43:02.308294+00:00, run_end_date=2025-03-23 10:43:18.674148+00:00, run_duration=16.365854, state=up_for_retry, executor=LocalExecutor(parallelism=32), executor_state=success, try_number=1, max_tries=1, job_id=86, pool=default_pool, queue=default, priority_weight=2, operator=SqlSensor, queued_dttm=2025-03-23 10:42:57.580986+00:00, queued_by_job_id=47, pid=11400
2025-03-23 10:43:20,242 INFO - TaskInstance Finished: dag_id=snowflake_data_pipeline, task_id=check_new_data, run_id=scheduled__2025-03-22T23:00:00+00:00, map_index=-1, run_start_date=2025-03-23 10:43:02.330970+00:00, run_end_date=2025-03-23 10:43:17.806116+00:00, run_duration=15.475146, state=up_for_retry, executor=LocalExecutor(parallelism=32), executor_state=success, try_number=1, max_tries=1, job_id=85, pool=default_pool, queue=default, priority_weight=2, operator=SqlSensor, queued_dttm=2025-03-23 10:42:58.220930+00:00, queued_by_job_id=47, pid=11404
2025-03-23 10:43:20,244 INFO - TaskInstance Finished: dag_id=snowflake_data_pipeline, task_id=check_new_data, run_id=scheduled__2025-03-22T18:00:00+00:00, map_index=-1, run_start_date=2025-03-23 10:43:02.344254+00:00, run_end_date=2025-03-23 10:43:17.479555+00:00, run_duration=15.135301, state=up_for_retry, executor=LocalExecutor(parallelism=32), executor_state=success, try_number=1, max_tries=1, job_id=87, pool=default_pool, queue=default, priority_weight=2, operator=SqlSensor, queued_dttm=2025-03-23 10:42:57.649732+00:00, queued_by_job_id=47, pid=11406
2025-03-23 10:43:20,246 INFO - TaskInstance Finished: dag_id=snowflake_data_pipeline, task_id=check_new_data, run_id=scheduled__2025-03-22T19:00:00+00:00, map_index=-1, run_start_date=2025-03-23 10:43:02.403523+00:00, run_end_date=2025-03-23 10:43:17.569059+00:00, run_duration=15.165536, state=up_for_retry, executor=LocalExecutor(parallelism=32), executor_state=success, try_number=1, max_tries=1, job_id=90, pool=default_pool, queue=default, priority_weight=2, operator=SqlSensor, queued_dttm=2025-03-23 10:42:57.724049+00:00, queued_by_job_id=47, pid=11414
2025-03-23 10:43:20,247 INFO - TaskInstance Finished: dag_id=snowflake_data_pipeline, task_id=check_new_data, run_id=scheduled__2025-03-22T20:00:00+00:00, map_index=-1, run_start_date=2025-03-23 10:43:02.266341+00:00, run_end_date=2025-03-23 10:43:17.988887+00:00, run_duration=15.722546, state=up_for_retry, executor=LocalExecutor(parallelism=32), executor_state=success, try_number=1, max_tries=1, job_id=81, pool=default_pool, queue=default, priority_weight=2, operator=SqlSensor, queued_dttm=2025-03-23 10:42:57.809839+00:00, queued_by_job_id=47, pid=11387
2025-03-23 10:43:20,252 INFO - TaskInstance Finished: dag_id=snowflake_data_pipeline, task_id=check_new_data, run_id=scheduled__2025-03-22T21:00:00+00:00, map_index=-1, run_start_date=2025-03-23 10:43:02.386480+00:00, run_end_date=2025-03-23 10:43:18.637433+00:00, run_duration=16.250953, state=up_for_retry, executor=LocalExecutor(parallelism=32), executor_state=success, try_number=1, max_tries=1, job_id=89, pool=default_pool, queue=default, priority_weight=2, operator=SqlSensor, queued_dttm=2025-03-23 10:42:57.907961+00:00, queued_by_job_id=47, pid=11413
2025-03-23 10:43:20,255 INFO - TaskInstance Finished: dag_id=snowflake_data_pipeline, task_id=check_new_data, run_id=scheduled__2025-03-23T00:00:00+00:00, map_index=-1, run_start_date=2025-03-23 10:43:02.453063+00:00, run_end_date=2025-03-23 10:43:17.324196+00:00, run_duration=14.871133, state=up_for_retry, executor=LocalExecutor(parallelism=32), executor_state=success, try_number=1, max_tries=1, job_id=92, pool=default_pool, queue=default, priority_weight=2, operator=SqlSensor, queued_dttm=2025-03-23 10:42:58.384025+00:00, queued_by_job_id=47, pid=11421
2025-03-23 10:43:20,256 INFO - TaskInstance Finished: dag_id=snowflake_data_pipeline, task_id=check_new_data, run_id=scheduled__2025-03-23T01:00:00+00:00, map_index=-1, run_start_date=2025-03-23 10:43:02.301155+00:00, run_end_date=2025-03-23 10:43:17.798474+00:00, run_duration=15.497319, state=up_for_retry, executor=LocalExecutor(parallelism=32), executor_state=success, try_number=1, max_tries=1, job_id=82, pool=default_pool, queue=default, priority_weight=2, operator=SqlSensor, queued_dttm=2025-03-23 10:42:58.542469+00:00, queued_by_job_id=47, pid=11396
2025-03-23 10:43:20,258 INFO - TaskInstance Finished: dag_id=snowflake_data_pipeline, task_id=check_new_data, run_id=scheduled__2025-03-23T02:00:00+00:00, map_index=-1, run_start_date=2025-03-23 10:43:02.334448+00:00, run_end_date=2025-03-23 10:43:17.565024+00:00, run_duration=15.230576, state=up_for_retry, executor=LocalExecutor(parallelism=32), executor_state=success, try_number=1, max_tries=1, job_id=83, pool=default_pool, queue=default, priority_weight=2, operator=SqlSensor, queued_dttm=2025-03-23 10:42:58.720473+00:00, queued_by_job_id=47, pid=11401
2025-03-23 10:43:20,259 INFO - TaskInstance Finished: dag_id=snowflake_data_pipeline, task_id=check_new_data, run_id=scheduled__2025-03-23T03:00:00+00:00, map_index=-1, run_start_date=2025-03-23 10:43:02.404197+00:00, run_end_date=2025-03-23 10:43:17.569557+00:00, run_duration=15.16536, state=up_for_retry, executor=LocalExecutor(parallelism=32), executor_state=success, try_number=1, max_tries=1, job_id=88, pool=default_pool, queue=default, priority_weight=2, operator=SqlSensor, queued_dttm=2025-03-23 10:42:58.920019+00:00, queued_by_job_id=47, pid=11416
2025-03-23 10:43:20,261 INFO - TaskInstance Finished: dag_id=snowflake_data_pipeline, task_id=check_new_data, run_id=scheduled__2025-03-23T04:00:00+00:00, map_index=-1, run_start_date=2025-03-23 10:43:02.373305+00:00, run_end_date=2025-03-23 10:43:17.903220+00:00, run_duration=15.529915, state=up_for_retry, executor=LocalExecutor(parallelism=32), executor_state=success, try_number=1, max_tries=1, job_id=91, pool=default_pool, queue=default, priority_weight=2, operator=SqlSensor, queued_dttm=2025-03-23 10:42:59.128348+00:00, queued_by_job_id=47, pid=11409
2025-03-23 10:43:21,581 INFO - Received executor event with state success for task instance TaskInstanceKey(dag_id='snowflake_data_pipeline', task_id='check_new_data', run_id='scheduled__2025-03-23T05:00:00+00:00', try_number=1, map_index=-1)
2025-03-23 10:43:21,592 INFO - TaskInstance Finished: dag_id=snowflake_data_pipeline, task_id=check_new_data, run_id=scheduled__2025-03-23T05:00:00+00:00, map_index=-1, run_start_date=2025-03-23 10:43:04.075001+00:00, run_end_date=2025-03-23 10:43:20.613249+00:00, run_duration=16.538248, state=up_for_retry, executor=LocalExecutor(parallelism=32), executor_state=success, try_number=1, max_tries=1, job_id=93, pool=default_pool, queue=default, priority_weight=2, operator=SqlSensor, queued_dttm=2025-03-23 10:42:59.456735+00:00, queued_by_job_id=47, pid=11499
2025-03-23 10:44:59,341 INFO - 1 tasks up for execution:
	<TaskInstance: snowflake_data_pipeline.check_new_data manual__2025-03-23T10:39:39.714090+00:00 [scheduled]>
2025-03-23 10:44:59,341 INFO - DAG snowflake_data_pipeline has 0/16 running and queued tasks
2025-03-23 10:44:59,342 INFO - Setting the following tasks to queued state:
	<TaskInstance: snowflake_data_pipeline.check_new_data manual__2025-03-23T10:39:39.714090+00:00 [scheduled]>
2025-03-23 10:44:59,344 INFO - Trying to enqueue tasks: [<TaskInstance: snowflake_data_pipeline.check_new_data manual__2025-03-23T10:39:39.714090+00:00 [scheduled]>] for executor: LocalExecutor(parallelism=32)
2025-03-23 10:44:59,347 INFO - Sending TaskInstanceKey(dag_id='snowflake_data_pipeline', task_id='check_new_data', run_id='manual__2025-03-23T10:39:39.714090+00:00', try_number=2, map_index=-1) to LocalExecutor with priority 2 and queue default
2025-03-23 10:44:59,347 INFO - Adding to queue: ['airflow', 'tasks', 'run', 'snowflake_data_pipeline', 'check_new_data', 'manual__2025-03-23T10:39:39.714090+00:00', '--local', '--subdir', 'DAGS_FOLDER/check_data_availabilty.py']
2025-03-23 10:44:59,385 INFO - QueuedLocalWorker running ['airflow', 'tasks', 'run', 'snowflake_data_pipeline', 'check_new_data', 'manual__2025-03-23T10:39:39.714090+00:00', '--local', '--subdir', 'DAGS_FOLDER/check_data_availabilty.py']
2025-03-23 10:45:02,708 INFO - Filling up the DagBag from /home/ravi/analytics_platform/Insurance_analytics/***/dags/check_data_availabilty.py
2025-03-23 10:45:04,494 INFO - Running <TaskInstance: snowflake_data_pipeline.check_new_data manual__2025-03-23T10:39:39.714090+00:00 [queued]> on host LAPTOP-4RSLRQ9T.
2025-03-23 10:45:06,189 ERROR - Marking run <DagRun snowflake_data_pipeline @ 2025-03-23 10:39:39.714090+00:00: manual__2025-03-23T10:39:39.714090+00:00, state:running, queued_at: 2025-03-23 10:39:39.738132+00:00. externally triggered: True> failed
2025-03-23 10:45:06,190 INFO - DagRun Finished: dag_id=snowflake_data_pipeline, execution_date=2025-03-23 10:39:39.714090+00:00, run_id=manual__2025-03-23T10:39:39.714090+00:00, run_start_date=2025-03-23 10:39:57.312201+00:00, run_end_date=2025-03-23 10:45:06.190062+00:00, run_duration=308.877861, state=failed, external_trigger=True, run_type=manual, data_interval_start=2025-03-23 09:00:00+00:00, data_interval_end=2025-03-23 10:00:00+00:00, dag_hash=4951bcce49f4859682631a7950d4f8af
2025-03-23 10:45:06,270 INFO - Received executor event with state success for task instance TaskInstanceKey(dag_id='snowflake_data_pipeline', task_id='check_new_data', run_id='manual__2025-03-23T10:39:39.714090+00:00', try_number=2, map_index=-1)
2025-03-23 10:45:06,273 INFO - TaskInstance Finished: dag_id=snowflake_data_pipeline, task_id=check_new_data, run_id=manual__2025-03-23T10:39:39.714090+00:00, map_index=-1, run_start_date=2025-03-23 10:45:04.573185+00:00, run_end_date=2025-03-23 10:45:05.835856+00:00, run_duration=1.262671, state=failed, executor=LocalExecutor(parallelism=32), executor_state=success, try_number=2, max_tries=1, job_id=94, pool=default_pool, queue=default, priority_weight=2, operator=SqlSensor, queued_dttm=2025-03-23 10:44:59.343512+00:00, queued_by_job_id=47, pid=12035
2025-03-23 10:45:07,385 INFO - 1 tasks up for execution:
	<TaskInstance: snowflake_data_pipeline.check_new_data manual__2025-03-23T10:44:40.720894+00:00 [scheduled]>
2025-03-23 10:45:07,385 INFO - DAG snowflake_data_pipeline has 0/16 running and queued tasks
2025-03-23 10:45:07,385 INFO - Setting the following tasks to queued state:
	<TaskInstance: snowflake_data_pipeline.check_new_data manual__2025-03-23T10:44:40.720894+00:00 [scheduled]>
2025-03-23 10:45:07,386 INFO - Trying to enqueue tasks: [<TaskInstance: snowflake_data_pipeline.check_new_data manual__2025-03-23T10:44:40.720894+00:00 [scheduled]>] for executor: LocalExecutor(parallelism=32)
2025-03-23 10:45:07,387 INFO - Sending TaskInstanceKey(dag_id='snowflake_data_pipeline', task_id='check_new_data', run_id='manual__2025-03-23T10:44:40.720894+00:00', try_number=1, map_index=-1) to LocalExecutor with priority 2 and queue default
2025-03-23 10:45:07,387 INFO - Adding to queue: ['airflow', 'tasks', 'run', 'snowflake_data_pipeline', 'check_new_data', 'manual__2025-03-23T10:44:40.720894+00:00', '--local', '--subdir', 'DAGS_FOLDER/check_data_availabilty.py']
2025-03-23 10:45:07,431 INFO - QueuedLocalWorker running ['airflow', 'tasks', 'run', 'snowflake_data_pipeline', 'check_new_data', 'manual__2025-03-23T10:44:40.720894+00:00', '--local', '--subdir', 'DAGS_FOLDER/check_data_availabilty.py']
2025-03-23 10:45:07,575 INFO - Filling up the DagBag from /home/ravi/analytics_platform/Insurance_analytics/***/dags/check_data_availabilty.py
2025-03-23 10:45:08,050 INFO - Running <TaskInstance: snowflake_data_pipeline.check_new_data manual__2025-03-23T10:44:40.720894+00:00 [queued]> on host LAPTOP-4RSLRQ9T.
2025-03-23 10:45:10,317 INFO - Received executor event with state success for task instance TaskInstanceKey(dag_id='snowflake_data_pipeline', task_id='check_new_data', run_id='manual__2025-03-23T10:44:40.720894+00:00', try_number=1, map_index=-1)
2025-03-23 10:45:10,319 INFO - TaskInstance Finished: dag_id=snowflake_data_pipeline, task_id=check_new_data, run_id=manual__2025-03-23T10:44:40.720894+00:00, map_index=-1, run_start_date=2025-03-23 10:45:08.118257+00:00, run_end_date=2025-03-23 10:45:09.112023+00:00, run_duration=0.993766, state=up_for_retry, executor=LocalExecutor(parallelism=32), executor_state=success, try_number=1, max_tries=1, job_id=95, pool=default_pool, queue=default, priority_weight=2, operator=SqlSensor, queued_dttm=2025-03-23 10:45:07.386240+00:00, queued_by_job_id=47, pid=12085
2025-03-23 10:45:26,761 INFO - 1 tasks up for execution:
	<TaskInstance: snowflake_data_pipeline.check_new_data scheduled__2025-03-22T15:00:00+00:00 [scheduled]>
2025-03-23 10:45:26,761 INFO - DAG snowflake_data_pipeline has 0/16 running and queued tasks
2025-03-23 10:45:26,761 INFO - Setting the following tasks to queued state:
	<TaskInstance: snowflake_data_pipeline.check_new_data scheduled__2025-03-22T15:00:00+00:00 [scheduled]>
2025-03-23 10:45:26,762 INFO - Trying to enqueue tasks: [<TaskInstance: snowflake_data_pipeline.check_new_data scheduled__2025-03-22T15:00:00+00:00 [scheduled]>] for executor: LocalExecutor(parallelism=32)
2025-03-23 10:45:26,763 INFO - Sending TaskInstanceKey(dag_id='snowflake_data_pipeline', task_id='check_new_data', run_id='scheduled__2025-03-22T15:00:00+00:00', try_number=2, map_index=-1) to LocalExecutor with priority 2 and queue default
2025-03-23 10:45:26,763 INFO - Adding to queue: ['airflow', 'tasks', 'run', 'snowflake_data_pipeline', 'check_new_data', 'scheduled__2025-03-22T15:00:00+00:00', '--local', '--subdir', 'DAGS_FOLDER/check_data_availabilty.py']
2025-03-23 10:45:26,776 INFO - QueuedLocalWorker running ['airflow', 'tasks', 'run', 'snowflake_data_pipeline', 'check_new_data', 'scheduled__2025-03-22T15:00:00+00:00', '--local', '--subdir', 'DAGS_FOLDER/check_data_availabilty.py']
2025-03-23 10:45:26,867 INFO - Filling up the DagBag from /home/ravi/analytics_platform/Insurance_analytics/***/dags/check_data_availabilty.py
2025-03-23 10:45:27,352 INFO - Running <TaskInstance: snowflake_data_pipeline.check_new_data scheduled__2025-03-22T15:00:00+00:00 [queued]> on host LAPTOP-4RSLRQ9T.
2025-03-23 10:45:28,473 ERROR - Marking run <DagRun snowflake_data_pipeline @ 2025-03-22 15:00:00+00:00: scheduled__2025-03-22T15:00:00+00:00, state:running, queued_at: 2025-03-23 10:40:25.173131+00:00. externally triggered: False> failed
2025-03-23 10:45:28,473 INFO - DagRun Finished: dag_id=snowflake_data_pipeline, execution_date=2025-03-22 15:00:00+00:00, run_id=scheduled__2025-03-22T15:00:00+00:00, run_start_date=2025-03-23 10:40:25.186806+00:00, run_end_date=2025-03-23 10:45:28.473759+00:00, run_duration=303.286953, state=failed, external_trigger=False, run_type=scheduled, data_interval_start=2025-03-22 15:00:00+00:00, data_interval_end=2025-03-22 16:00:00+00:00, dag_hash=4951bcce49f4859682631a7950d4f8af
2025-03-23 10:45:28,477 INFO - Setting next_dagrun for snowflake_data_pipeline to 2025-03-22 16:00:00+00:00, run_after=2025-03-22 17:00:00+00:00
2025-03-23 10:45:28,530 INFO - Received executor event with state success for task instance TaskInstanceKey(dag_id='snowflake_data_pipeline', task_id='check_new_data', run_id='scheduled__2025-03-22T15:00:00+00:00', try_number=2, map_index=-1)
2025-03-23 10:45:28,532 INFO - TaskInstance Finished: dag_id=snowflake_data_pipeline, task_id=check_new_data, run_id=scheduled__2025-03-22T15:00:00+00:00, map_index=-1, run_start_date=2025-03-23 10:45:27.406756+00:00, run_end_date=2025-03-23 10:45:28.263682+00:00, run_duration=0.856926, state=failed, executor=LocalExecutor(parallelism=32), executor_state=success, try_number=2, max_tries=1, job_id=96, pool=default_pool, queue=default, priority_weight=2, operator=SqlSensor, queued_dttm=2025-03-23 10:45:26.762015+00:00, queued_by_job_id=47, pid=12182
2025-03-23 10:45:29,549 INFO - Setting next_dagrun for snowflake_data_pipeline to 2025-03-22 17:00:00+00:00, run_after=2025-03-22 18:00:00+00:00
2025-03-23 10:45:30,670 INFO - Setting next_dagrun for snowflake_data_pipeline to 2025-03-22 18:00:00+00:00, run_after=2025-03-22 19:00:00+00:00
2025-03-23 10:45:31,786 INFO - Setting next_dagrun for snowflake_data_pipeline to 2025-03-22 19:00:00+00:00, run_after=2025-03-22 20:00:00+00:00
2025-03-23 10:45:32,891 INFO - Setting next_dagrun for snowflake_data_pipeline to 2025-03-22 20:00:00+00:00, run_after=2025-03-22 21:00:00+00:00
2025-03-23 10:45:33,999 INFO - Setting next_dagrun for snowflake_data_pipeline to 2025-03-22 21:00:00+00:00, run_after=2025-03-22 22:00:00+00:00
2025-03-23 10:45:34,667 INFO - Setting next_dagrun for snowflake_data_pipeline to 2025-03-22 22:00:00+00:00, run_after=2025-03-22 23:00:00+00:00
2025-03-23 10:45:38,660 INFO - Setting next_dagrun for snowflake_data_pipeline to 2025-03-22 23:00:00+00:00, run_after=2025-03-23 00:00:00+00:00
2025-03-23 10:45:39,768 INFO - Setting next_dagrun for snowflake_data_pipeline to 2025-03-23 00:00:00+00:00, run_after=2025-03-23 01:00:00+00:00
2025-03-23 10:45:40,877 INFO - Setting next_dagrun for snowflake_data_pipeline to 2025-03-23 01:00:00+00:00, run_after=2025-03-23 02:00:00+00:00
2025-03-23 10:45:41,435 INFO - Setting next_dagrun for snowflake_data_pipeline to 2025-03-23 02:00:00+00:00, run_after=2025-03-23 03:00:00+00:00
2025-03-23 10:45:42,548 INFO - Setting next_dagrun for snowflake_data_pipeline to 2025-03-23 03:00:00+00:00, run_after=2025-03-23 04:00:00+00:00
2025-03-23 10:45:43,664 INFO - Setting next_dagrun for snowflake_data_pipeline to 2025-03-23 04:00:00+00:00, run_after=2025-03-23 05:00:00+00:00
2025-03-23 10:45:44,780 INFO - Setting next_dagrun for snowflake_data_pipeline to 2025-03-23 05:00:00+00:00, run_after=2025-03-23 06:00:00+00:00
2025-03-23 10:45:45,899 INFO - Setting next_dagrun for snowflake_data_pipeline to 2025-03-23 06:00:00+00:00, run_after=2025-03-23 07:00:00+00:00
2025-03-23 10:45:46,184 INFO - DAG snowflake_data_pipeline is at (or above) max_active_runs (16 of 16), not creating any more runs
2025-03-23 10:45:46,297 INFO - 1 tasks up for execution:
	<TaskInstance: snowflake_data_pipeline.check_new_data scheduled__2025-03-23T06:00:00+00:00 [scheduled]>
2025-03-23 10:45:46,297 INFO - DAG snowflake_data_pipeline has 0/16 running and queued tasks
2025-03-23 10:45:46,297 INFO - Setting the following tasks to queued state:
	<TaskInstance: snowflake_data_pipeline.check_new_data scheduled__2025-03-23T06:00:00+00:00 [scheduled]>
2025-03-23 10:45:46,299 INFO - Trying to enqueue tasks: [<TaskInstance: snowflake_data_pipeline.check_new_data scheduled__2025-03-23T06:00:00+00:00 [scheduled]>] for executor: LocalExecutor(parallelism=32)
2025-03-23 10:45:46,299 INFO - Sending TaskInstanceKey(dag_id='snowflake_data_pipeline', task_id='check_new_data', run_id='scheduled__2025-03-23T06:00:00+00:00', try_number=1, map_index=-1) to LocalExecutor with priority 2 and queue default
2025-03-23 10:45:46,299 INFO - Adding to queue: ['airflow', 'tasks', 'run', 'snowflake_data_pipeline', 'check_new_data', 'scheduled__2025-03-23T06:00:00+00:00', '--local', '--subdir', 'DAGS_FOLDER/check_data_availabilty.py']
2025-03-23 10:45:46,308 INFO - QueuedLocalWorker running ['airflow', 'tasks', 'run', 'snowflake_data_pipeline', 'check_new_data', 'scheduled__2025-03-23T06:00:00+00:00', '--local', '--subdir', 'DAGS_FOLDER/check_data_availabilty.py']
2025-03-23 10:45:46,397 INFO - Filling up the DagBag from /home/ravi/analytics_platform/Insurance_analytics/***/dags/check_data_availabilty.py
2025-03-23 10:45:46,829 INFO - Running <TaskInstance: snowflake_data_pipeline.check_new_data scheduled__2025-03-23T06:00:00+00:00 [queued]> on host LAPTOP-4RSLRQ9T.
2025-03-23 10:45:48,890 INFO - Received executor event with state success for task instance TaskInstanceKey(dag_id='snowflake_data_pipeline', task_id='check_new_data', run_id='scheduled__2025-03-23T06:00:00+00:00', try_number=1, map_index=-1)
2025-03-23 10:45:48,893 INFO - TaskInstance Finished: dag_id=snowflake_data_pipeline, task_id=check_new_data, run_id=scheduled__2025-03-23T06:00:00+00:00, map_index=-1, run_start_date=2025-03-23 10:45:46.884370+00:00, run_end_date=2025-03-23 10:45:47.799971+00:00, run_duration=0.915601, state=up_for_retry, executor=LocalExecutor(parallelism=32), executor_state=success, try_number=1, max_tries=1, job_id=97, pool=default_pool, queue=default, priority_weight=2, operator=SqlSensor, queued_dttm=2025-03-23 10:45:46.298346+00:00, queued_by_job_id=47, pid=12289
2025-03-23 10:47:26,872 INFO - 1 tasks up for execution:
	<TaskInstance: snowflake_data_pipeline.check_new_data manual__2025-03-23T10:46:48.219892+00:00 [scheduled]>
2025-03-23 10:47:26,872 INFO - DAG snowflake_data_pipeline has 0/16 running and queued tasks
2025-03-23 10:47:26,873 INFO - Setting the following tasks to queued state:
	<TaskInstance: snowflake_data_pipeline.check_new_data manual__2025-03-23T10:46:48.219892+00:00 [scheduled]>
2025-03-23 10:47:26,874 INFO - Trying to enqueue tasks: [<TaskInstance: snowflake_data_pipeline.check_new_data manual__2025-03-23T10:46:48.219892+00:00 [scheduled]>] for executor: LocalExecutor(parallelism=32)
2025-03-23 10:47:26,874 INFO - Sending TaskInstanceKey(dag_id='snowflake_data_pipeline', task_id='check_new_data', run_id='manual__2025-03-23T10:46:48.219892+00:00', try_number=1, map_index=-1) to LocalExecutor with priority 2 and queue default
2025-03-23 10:47:26,874 INFO - Adding to queue: ['airflow', 'tasks', 'run', 'snowflake_data_pipeline', 'check_new_data', 'manual__2025-03-23T10:46:48.219892+00:00', '--local', '--subdir', 'DAGS_FOLDER/check_data_availabilty.py']
2025-03-23 10:47:26,887 INFO - QueuedLocalWorker running ['airflow', 'tasks', 'run', 'snowflake_data_pipeline', 'check_new_data', 'manual__2025-03-23T10:46:48.219892+00:00', '--local', '--subdir', 'DAGS_FOLDER/check_data_availabilty.py']
2025-03-23 10:47:26,988 INFO - Filling up the DagBag from /home/ravi/analytics_platform/Insurance_analytics/***/dags/check_data_availabilty.py
2025-03-23 10:47:27,515 INFO - Running <TaskInstance: snowflake_data_pipeline.check_new_data manual__2025-03-23T10:46:48.219892+00:00 [queued]> on host LAPTOP-4RSLRQ9T.
2025-03-23 10:47:28,741 INFO - 1 tasks up for execution:
	<TaskInstance: snowflake_data_pipeline.process_new_data manual__2025-03-23T10:46:48.219892+00:00 [scheduled]>
2025-03-23 10:47:28,741 INFO - DAG snowflake_data_pipeline has 0/16 running and queued tasks
2025-03-23 10:47:28,742 INFO - Setting the following tasks to queued state:
	<TaskInstance: snowflake_data_pipeline.process_new_data manual__2025-03-23T10:46:48.219892+00:00 [scheduled]>
2025-03-23 10:47:28,743 INFO - Trying to enqueue tasks: [<TaskInstance: snowflake_data_pipeline.process_new_data manual__2025-03-23T10:46:48.219892+00:00 [scheduled]>] for executor: LocalExecutor(parallelism=32)
2025-03-23 10:47:28,743 INFO - Sending TaskInstanceKey(dag_id='snowflake_data_pipeline', task_id='process_new_data', run_id='manual__2025-03-23T10:46:48.219892+00:00', try_number=1, map_index=-1) to LocalExecutor with priority 1 and queue default
2025-03-23 10:47:28,743 INFO - Adding to queue: ['airflow', 'tasks', 'run', 'snowflake_data_pipeline', 'process_new_data', 'manual__2025-03-23T10:46:48.219892+00:00', '--local', '--subdir', 'DAGS_FOLDER/check_data_availabilty.py']
2025-03-23 10:47:28,746 INFO - Received executor event with state success for task instance TaskInstanceKey(dag_id='snowflake_data_pipeline', task_id='check_new_data', run_id='manual__2025-03-23T10:46:48.219892+00:00', try_number=1, map_index=-1)
2025-03-23 10:47:28,748 INFO - TaskInstance Finished: dag_id=snowflake_data_pipeline, task_id=check_new_data, run_id=manual__2025-03-23T10:46:48.219892+00:00, map_index=-1, run_start_date=2025-03-23 10:47:27.573839+00:00, run_end_date=2025-03-23 10:47:28.509287+00:00, run_duration=0.935448, state=success, executor=LocalExecutor(parallelism=32), executor_state=success, try_number=1, max_tries=1, job_id=98, pool=default_pool, queue=default, priority_weight=2, operator=SqlSensor, queued_dttm=2025-03-23 10:47:26.873408+00:00, queued_by_job_id=47, pid=12662
2025-03-23 10:47:28,754 INFO - QueuedLocalWorker running ['airflow', 'tasks', 'run', 'snowflake_data_pipeline', 'process_new_data', 'manual__2025-03-23T10:46:48.219892+00:00', '--local', '--subdir', 'DAGS_FOLDER/check_data_availabilty.py']
2025-03-23 10:47:28,838 INFO - Filling up the DagBag from /home/ravi/analytics_platform/Insurance_analytics/***/dags/check_data_availabilty.py
2025-03-23 10:47:29,277 INFO - Running <TaskInstance: snowflake_data_pipeline.process_new_data manual__2025-03-23T10:46:48.219892+00:00 [queued]> on host LAPTOP-4RSLRQ9T.
2025-03-23 10:47:29,330 INFO - Adopting or resetting orphaned tasks for active dag runs
2025-03-23 10:47:31,536 INFO - Received executor event with state success for task instance TaskInstanceKey(dag_id='snowflake_data_pipeline', task_id='process_new_data', run_id='manual__2025-03-23T10:46:48.219892+00:00', try_number=1, map_index=-1)
2025-03-23 10:47:31,538 INFO - TaskInstance Finished: dag_id=snowflake_data_pipeline, task_id=process_new_data, run_id=manual__2025-03-23T10:46:48.219892+00:00, map_index=-1, run_start_date=2025-03-23 10:47:29.342397+00:00, run_end_date=2025-03-23 10:47:30.971164+00:00, run_duration=1.628767, state=up_for_retry, executor=LocalExecutor(parallelism=32), executor_state=success, try_number=1, max_tries=1, job_id=99, pool=default_pool, queue=default, priority_weight=1, operator=SqlSensor, queued_dttm=2025-03-23 10:47:28.742507+00:00, queued_by_job_id=47, pid=12703
2025-03-23 10:47:37,031 INFO - DAG snowflake_data_pipeline is at (or above) max_active_runs (16 of 16), not creating any more runs
2025-03-23 10:47:37,133 INFO - 1 tasks up for execution:
	<TaskInstance: snowflake_data_pipeline.check_new_data scheduled__2025-03-23T07:00:00+00:00 [scheduled]>
2025-03-23 10:47:37,133 INFO - DAG snowflake_data_pipeline has 0/16 running and queued tasks
2025-03-23 10:47:37,133 INFO - Setting the following tasks to queued state:
	<TaskInstance: snowflake_data_pipeline.check_new_data scheduled__2025-03-23T07:00:00+00:00 [scheduled]>
2025-03-23 10:47:37,134 INFO - Trying to enqueue tasks: [<TaskInstance: snowflake_data_pipeline.check_new_data scheduled__2025-03-23T07:00:00+00:00 [scheduled]>] for executor: LocalExecutor(parallelism=32)
2025-03-23 10:47:37,134 INFO - Sending TaskInstanceKey(dag_id='snowflake_data_pipeline', task_id='check_new_data', run_id='scheduled__2025-03-23T07:00:00+00:00', try_number=1, map_index=-1) to LocalExecutor with priority 2 and queue default
2025-03-23 10:47:37,135 INFO - Adding to queue: ['airflow', 'tasks', 'run', 'snowflake_data_pipeline', 'check_new_data', 'scheduled__2025-03-23T07:00:00+00:00', '--local', '--subdir', 'DAGS_FOLDER/check_data_availabilty.py']
2025-03-23 10:47:37,144 INFO - QueuedLocalWorker running ['airflow', 'tasks', 'run', 'snowflake_data_pipeline', 'check_new_data', 'scheduled__2025-03-23T07:00:00+00:00', '--local', '--subdir', 'DAGS_FOLDER/check_data_availabilty.py']
2025-03-23 10:47:37,223 INFO - Filling up the DagBag from /home/ravi/analytics_platform/Insurance_analytics/***/dags/check_data_availabilty.py
2025-03-23 10:47:37,638 INFO - Running <TaskInstance: snowflake_data_pipeline.check_new_data scheduled__2025-03-23T07:00:00+00:00 [queued]> on host LAPTOP-4RSLRQ9T.
2025-03-23 10:47:38,875 INFO - 1 tasks up for execution:
	<TaskInstance: snowflake_data_pipeline.process_new_data scheduled__2025-03-23T07:00:00+00:00 [scheduled]>
2025-03-23 10:47:38,875 INFO - DAG snowflake_data_pipeline has 0/16 running and queued tasks
2025-03-23 10:47:38,876 INFO - Setting the following tasks to queued state:
	<TaskInstance: snowflake_data_pipeline.process_new_data scheduled__2025-03-23T07:00:00+00:00 [scheduled]>
2025-03-23 10:47:38,877 INFO - Trying to enqueue tasks: [<TaskInstance: snowflake_data_pipeline.process_new_data scheduled__2025-03-23T07:00:00+00:00 [scheduled]>] for executor: LocalExecutor(parallelism=32)
2025-03-23 10:47:38,877 INFO - Sending TaskInstanceKey(dag_id='snowflake_data_pipeline', task_id='process_new_data', run_id='scheduled__2025-03-23T07:00:00+00:00', try_number=1, map_index=-1) to LocalExecutor with priority 1 and queue default
2025-03-23 10:47:38,877 INFO - Adding to queue: ['airflow', 'tasks', 'run', 'snowflake_data_pipeline', 'process_new_data', 'scheduled__2025-03-23T07:00:00+00:00', '--local', '--subdir', 'DAGS_FOLDER/check_data_availabilty.py']
2025-03-23 10:47:38,883 INFO - Received executor event with state success for task instance TaskInstanceKey(dag_id='snowflake_data_pipeline', task_id='check_new_data', run_id='scheduled__2025-03-23T07:00:00+00:00', try_number=1, map_index=-1)
2025-03-23 10:47:38,887 INFO - TaskInstance Finished: dag_id=snowflake_data_pipeline, task_id=check_new_data, run_id=scheduled__2025-03-23T07:00:00+00:00, map_index=-1, run_start_date=2025-03-23 10:47:37.692034+00:00, run_end_date=2025-03-23 10:47:38.562849+00:00, run_duration=0.870815, state=success, executor=LocalExecutor(parallelism=32), executor_state=success, try_number=1, max_tries=1, job_id=100, pool=default_pool, queue=default, priority_weight=2, operator=SqlSensor, queued_dttm=2025-03-23 10:47:37.133951+00:00, queued_by_job_id=47, pid=12770
2025-03-23 10:47:38,895 INFO - QueuedLocalWorker running ['airflow', 'tasks', 'run', 'snowflake_data_pipeline', 'process_new_data', 'scheduled__2025-03-23T07:00:00+00:00', '--local', '--subdir', 'DAGS_FOLDER/check_data_availabilty.py']
2025-03-23 10:47:38,997 INFO - Filling up the DagBag from /home/ravi/analytics_platform/Insurance_analytics/***/dags/check_data_availabilty.py
2025-03-23 10:47:39,414 INFO - Running <TaskInstance: snowflake_data_pipeline.process_new_data scheduled__2025-03-23T07:00:00+00:00 [queued]> on host LAPTOP-4RSLRQ9T.
2025-03-23 10:47:40,870 INFO - Received executor event with state success for task instance TaskInstanceKey(dag_id='snowflake_data_pipeline', task_id='process_new_data', run_id='scheduled__2025-03-23T07:00:00+00:00', try_number=1, map_index=-1)
2025-03-23 10:47:40,872 INFO - TaskInstance Finished: dag_id=snowflake_data_pipeline, task_id=process_new_data, run_id=scheduled__2025-03-23T07:00:00+00:00, map_index=-1, run_start_date=2025-03-23 10:47:39.468683+00:00, run_end_date=2025-03-23 10:47:40.674344+00:00, run_duration=1.205661, state=up_for_retry, executor=LocalExecutor(parallelism=32), executor_state=success, try_number=1, max_tries=1, job_id=101, pool=default_pool, queue=default, priority_weight=1, operator=SqlSensor, queued_dttm=2025-03-23 10:47:38.876327+00:00, queued_by_job_id=47, pid=12811
2025-03-23 10:48:17,672 INFO - 6 tasks up for execution:
	<TaskInstance: snowflake_data_pipeline.check_new_data scheduled__2025-03-22T18:00:00+00:00 [scheduled]>
	<TaskInstance: snowflake_data_pipeline.check_new_data scheduled__2025-03-22T19:00:00+00:00 [scheduled]>
	<TaskInstance: snowflake_data_pipeline.check_new_data scheduled__2025-03-22T22:00:00+00:00 [scheduled]>
	<TaskInstance: snowflake_data_pipeline.check_new_data scheduled__2025-03-23T00:00:00+00:00 [scheduled]>
	<TaskInstance: snowflake_data_pipeline.check_new_data scheduled__2025-03-23T02:00:00+00:00 [scheduled]>
	<TaskInstance: snowflake_data_pipeline.check_new_data scheduled__2025-03-23T03:00:00+00:00 [scheduled]>
2025-03-23 10:48:17,673 INFO - DAG snowflake_data_pipeline has 0/16 running and queued tasks
2025-03-23 10:48:17,673 INFO - DAG snowflake_data_pipeline has 1/16 running and queued tasks
2025-03-23 10:48:17,673 INFO - DAG snowflake_data_pipeline has 2/16 running and queued tasks
2025-03-23 10:48:17,673 INFO - DAG snowflake_data_pipeline has 3/16 running and queued tasks
2025-03-23 10:48:17,673 INFO - DAG snowflake_data_pipeline has 4/16 running and queued tasks
2025-03-23 10:48:17,673 INFO - DAG snowflake_data_pipeline has 5/16 running and queued tasks
2025-03-23 10:48:17,673 INFO - Setting the following tasks to queued state:
	<TaskInstance: snowflake_data_pipeline.check_new_data scheduled__2025-03-22T18:00:00+00:00 [scheduled]>
	<TaskInstance: snowflake_data_pipeline.check_new_data scheduled__2025-03-22T19:00:00+00:00 [scheduled]>
	<TaskInstance: snowflake_data_pipeline.check_new_data scheduled__2025-03-22T22:00:00+00:00 [scheduled]>
	<TaskInstance: snowflake_data_pipeline.check_new_data scheduled__2025-03-23T00:00:00+00:00 [scheduled]>
	<TaskInstance: snowflake_data_pipeline.check_new_data scheduled__2025-03-23T02:00:00+00:00 [scheduled]>
	<TaskInstance: snowflake_data_pipeline.check_new_data scheduled__2025-03-23T03:00:00+00:00 [scheduled]>
2025-03-23 10:48:17,675 INFO - Trying to enqueue tasks: [<TaskInstance: snowflake_data_pipeline.check_new_data scheduled__2025-03-22T18:00:00+00:00 [scheduled]>, <TaskInstance: snowflake_data_pipeline.check_new_data scheduled__2025-03-22T19:00:00+00:00 [scheduled]>, <TaskInstance: snowflake_data_pipeline.check_new_data scheduled__2025-03-22T22:00:00+00:00 [scheduled]>, <TaskInstance: snowflake_data_pipeline.check_new_data scheduled__2025-03-23T00:00:00+00:00 [scheduled]>, <TaskInstance: snowflake_data_pipeline.check_new_data scheduled__2025-03-23T02:00:00+00:00 [scheduled]>, <TaskInstance: snowflake_data_pipeline.check_new_data scheduled__2025-03-23T03:00:00+00:00 [scheduled]>] for executor: LocalExecutor(parallelism=32)
2025-03-23 10:48:17,675 INFO - Sending TaskInstanceKey(dag_id='snowflake_data_pipeline', task_id='check_new_data', run_id='scheduled__2025-03-22T18:00:00+00:00', try_number=2, map_index=-1) to LocalExecutor with priority 2 and queue default
2025-03-23 10:48:17,675 INFO - Adding to queue: ['airflow', 'tasks', 'run', 'snowflake_data_pipeline', 'check_new_data', 'scheduled__2025-03-22T18:00:00+00:00', '--local', '--subdir', 'DAGS_FOLDER/check_data_availabilty.py']
2025-03-23 10:48:17,675 INFO - Sending TaskInstanceKey(dag_id='snowflake_data_pipeline', task_id='check_new_data', run_id='scheduled__2025-03-22T19:00:00+00:00', try_number=2, map_index=-1) to LocalExecutor with priority 2 and queue default
2025-03-23 10:48:17,676 INFO - Adding to queue: ['airflow', 'tasks', 'run', 'snowflake_data_pipeline', 'check_new_data', 'scheduled__2025-03-22T19:00:00+00:00', '--local', '--subdir', 'DAGS_FOLDER/check_data_availabilty.py']
2025-03-23 10:48:17,676 INFO - Sending TaskInstanceKey(dag_id='snowflake_data_pipeline', task_id='check_new_data', run_id='scheduled__2025-03-22T22:00:00+00:00', try_number=2, map_index=-1) to LocalExecutor with priority 2 and queue default
2025-03-23 10:48:17,676 INFO - Adding to queue: ['airflow', 'tasks', 'run', 'snowflake_data_pipeline', 'check_new_data', 'scheduled__2025-03-22T22:00:00+00:00', '--local', '--subdir', 'DAGS_FOLDER/check_data_availabilty.py']
2025-03-23 10:48:17,676 INFO - Sending TaskInstanceKey(dag_id='snowflake_data_pipeline', task_id='check_new_data', run_id='scheduled__2025-03-23T00:00:00+00:00', try_number=2, map_index=-1) to LocalExecutor with priority 2 and queue default
2025-03-23 10:48:17,676 INFO - Adding to queue: ['airflow', 'tasks', 'run', 'snowflake_data_pipeline', 'check_new_data', 'scheduled__2025-03-23T00:00:00+00:00', '--local', '--subdir', 'DAGS_FOLDER/check_data_availabilty.py']
2025-03-23 10:48:17,676 INFO - Sending TaskInstanceKey(dag_id='snowflake_data_pipeline', task_id='check_new_data', run_id='scheduled__2025-03-23T02:00:00+00:00', try_number=2, map_index=-1) to LocalExecutor with priority 2 and queue default
2025-03-23 10:48:17,676 INFO - Adding to queue: ['airflow', 'tasks', 'run', 'snowflake_data_pipeline', 'check_new_data', 'scheduled__2025-03-23T02:00:00+00:00', '--local', '--subdir', 'DAGS_FOLDER/check_data_availabilty.py']
2025-03-23 10:48:17,677 INFO - Sending TaskInstanceKey(dag_id='snowflake_data_pipeline', task_id='check_new_data', run_id='scheduled__2025-03-23T03:00:00+00:00', try_number=2, map_index=-1) to LocalExecutor with priority 2 and queue default
2025-03-23 10:48:17,677 INFO - Adding to queue: ['airflow', 'tasks', 'run', 'snowflake_data_pipeline', 'check_new_data', 'scheduled__2025-03-23T03:00:00+00:00', '--local', '--subdir', 'DAGS_FOLDER/check_data_availabilty.py']
2025-03-23 10:48:17,689 INFO - QueuedLocalWorker running ['airflow', 'tasks', 'run', 'snowflake_data_pipeline', 'check_new_data', 'scheduled__2025-03-22T19:00:00+00:00', '--local', '--subdir', 'DAGS_FOLDER/check_data_availabilty.py']
2025-03-23 10:48:17,689 INFO - QueuedLocalWorker running ['airflow', 'tasks', 'run', 'snowflake_data_pipeline', 'check_new_data', 'scheduled__2025-03-22T18:00:00+00:00', '--local', '--subdir', 'DAGS_FOLDER/check_data_availabilty.py']
2025-03-23 10:48:17,691 INFO - QueuedLocalWorker running ['airflow', 'tasks', 'run', 'snowflake_data_pipeline', 'check_new_data', 'scheduled__2025-03-23T00:00:00+00:00', '--local', '--subdir', 'DAGS_FOLDER/check_data_availabilty.py']
2025-03-23 10:48:17,694 INFO - QueuedLocalWorker running ['airflow', 'tasks', 'run', 'snowflake_data_pipeline', 'check_new_data', 'scheduled__2025-03-23T02:00:00+00:00', '--local', '--subdir', 'DAGS_FOLDER/check_data_availabilty.py']
2025-03-23 10:48:17,696 INFO - QueuedLocalWorker running ['airflow', 'tasks', 'run', 'snowflake_data_pipeline', 'check_new_data', 'scheduled__2025-03-22T22:00:00+00:00', '--local', '--subdir', 'DAGS_FOLDER/check_data_availabilty.py']
2025-03-23 10:48:17,696 INFO - QueuedLocalWorker running ['airflow', 'tasks', 'run', 'snowflake_data_pipeline', 'check_new_data', 'scheduled__2025-03-23T03:00:00+00:00', '--local', '--subdir', 'DAGS_FOLDER/check_data_availabilty.py']
2025-03-23 10:48:17,786 INFO - Filling up the DagBag from /home/ravi/analytics_platform/Insurance_analytics/***/dags/check_data_availabilty.py
2025-03-23 10:48:17,788 INFO - Filling up the DagBag from /home/ravi/analytics_platform/Insurance_analytics/***/dags/check_data_availabilty.py
2025-03-23 10:48:17,790 INFO - Filling up the DagBag from /home/ravi/analytics_platform/Insurance_analytics/***/dags/check_data_availabilty.py
2025-03-23 10:48:17,792 INFO - Filling up the DagBag from /home/ravi/analytics_platform/Insurance_analytics/***/dags/check_data_availabilty.py
2025-03-23 10:48:17,793 INFO - Filling up the DagBag from /home/ravi/analytics_platform/Insurance_analytics/***/dags/check_data_availabilty.py
2025-03-23 10:48:17,795 INFO - Filling up the DagBag from /home/ravi/analytics_platform/Insurance_analytics/***/dags/check_data_availabilty.py
2025-03-23 10:48:17,920 INFO - 2 tasks up for execution:
	<TaskInstance: snowflake_data_pipeline.check_new_data scheduled__2025-03-22T23:00:00+00:00 [scheduled]>
	<TaskInstance: snowflake_data_pipeline.check_new_data scheduled__2025-03-23T01:00:00+00:00 [scheduled]>
2025-03-23 10:48:17,925 INFO - DAG snowflake_data_pipeline has 6/16 running and queued tasks
2025-03-23 10:48:17,930 INFO - DAG snowflake_data_pipeline has 7/16 running and queued tasks
2025-03-23 10:48:17,933 INFO - Setting the following tasks to queued state:
	<TaskInstance: snowflake_data_pipeline.check_new_data scheduled__2025-03-22T23:00:00+00:00 [scheduled]>
	<TaskInstance: snowflake_data_pipeline.check_new_data scheduled__2025-03-23T01:00:00+00:00 [scheduled]>
2025-03-23 10:48:17,940 INFO - Trying to enqueue tasks: [<TaskInstance: snowflake_data_pipeline.check_new_data scheduled__2025-03-22T23:00:00+00:00 [scheduled]>, <TaskInstance: snowflake_data_pipeline.check_new_data scheduled__2025-03-23T01:00:00+00:00 [scheduled]>] for executor: LocalExecutor(parallelism=32)
2025-03-23 10:48:17,944 INFO - Sending TaskInstanceKey(dag_id='snowflake_data_pipeline', task_id='check_new_data', run_id='scheduled__2025-03-22T23:00:00+00:00', try_number=2, map_index=-1) to LocalExecutor with priority 2 and queue default
2025-03-23 10:48:17,946 INFO - Adding to queue: ['airflow', 'tasks', 'run', 'snowflake_data_pipeline', 'check_new_data', 'scheduled__2025-03-22T23:00:00+00:00', '--local', '--subdir', 'DAGS_FOLDER/check_data_availabilty.py']
2025-03-23 10:48:17,948 INFO - Sending TaskInstanceKey(dag_id='snowflake_data_pipeline', task_id='check_new_data', run_id='scheduled__2025-03-23T01:00:00+00:00', try_number=2, map_index=-1) to LocalExecutor with priority 2 and queue default
2025-03-23 10:48:17,949 INFO - Adding to queue: ['airflow', 'tasks', 'run', 'snowflake_data_pipeline', 'check_new_data', 'scheduled__2025-03-23T01:00:00+00:00', '--local', '--subdir', 'DAGS_FOLDER/check_data_availabilty.py']
2025-03-23 10:48:17,964 INFO - QueuedLocalWorker running ['airflow', 'tasks', 'run', 'snowflake_data_pipeline', 'check_new_data', 'scheduled__2025-03-23T01:00:00+00:00', '--local', '--subdir', 'DAGS_FOLDER/check_data_availabilty.py']
2025-03-23 10:48:17,970 INFO - QueuedLocalWorker running ['airflow', 'tasks', 'run', 'snowflake_data_pipeline', 'check_new_data', 'scheduled__2025-03-22T23:00:00+00:00', '--local', '--subdir', 'DAGS_FOLDER/check_data_availabilty.py']
2025-03-23 10:48:18,207 INFO - 2 tasks up for execution:
	<TaskInstance: snowflake_data_pipeline.check_new_data scheduled__2025-03-22T20:00:00+00:00 [scheduled]>
	<TaskInstance: snowflake_data_pipeline.check_new_data scheduled__2025-03-23T04:00:00+00:00 [scheduled]>
2025-03-23 10:48:18,207 INFO - DAG snowflake_data_pipeline has 8/16 running and queued tasks
2025-03-23 10:48:18,183 INFO - Filling up the DagBag from /home/ravi/analytics_platform/Insurance_analytics/***/dags/check_data_availabilty.py
2025-03-23 10:48:18,208 INFO - DAG snowflake_data_pipeline has 9/16 running and queued tasks
2025-03-23 10:48:18,208 INFO - Setting the following tasks to queued state:
	<TaskInstance: snowflake_data_pipeline.check_new_data scheduled__2025-03-22T20:00:00+00:00 [scheduled]>
	<TaskInstance: snowflake_data_pipeline.check_new_data scheduled__2025-03-23T04:00:00+00:00 [scheduled]>
2025-03-23 10:48:18,210 INFO - Trying to enqueue tasks: [<TaskInstance: snowflake_data_pipeline.check_new_data scheduled__2025-03-22T20:00:00+00:00 [scheduled]>, <TaskInstance: snowflake_data_pipeline.check_new_data scheduled__2025-03-23T04:00:00+00:00 [scheduled]>] for executor: LocalExecutor(parallelism=32)
2025-03-23 10:48:18,211 INFO - Sending TaskInstanceKey(dag_id='snowflake_data_pipeline', task_id='check_new_data', run_id='scheduled__2025-03-22T20:00:00+00:00', try_number=2, map_index=-1) to LocalExecutor with priority 2 and queue default
2025-03-23 10:48:18,212 INFO - Adding to queue: ['airflow', 'tasks', 'run', 'snowflake_data_pipeline', 'check_new_data', 'scheduled__2025-03-22T20:00:00+00:00', '--local', '--subdir', 'DAGS_FOLDER/check_data_availabilty.py']
2025-03-23 10:48:18,213 INFO - Sending TaskInstanceKey(dag_id='snowflake_data_pipeline', task_id='check_new_data', run_id='scheduled__2025-03-23T04:00:00+00:00', try_number=2, map_index=-1) to LocalExecutor with priority 2 and queue default
2025-03-23 10:48:18,213 INFO - Adding to queue: ['airflow', 'tasks', 'run', 'snowflake_data_pipeline', 'check_new_data', 'scheduled__2025-03-23T04:00:00+00:00', '--local', '--subdir', 'DAGS_FOLDER/check_data_availabilty.py']
2025-03-23 10:48:18,231 INFO - QueuedLocalWorker running ['airflow', 'tasks', 'run', 'snowflake_data_pipeline', 'check_new_data', 'scheduled__2025-03-22T20:00:00+00:00', '--local', '--subdir', 'DAGS_FOLDER/check_data_availabilty.py']
2025-03-23 10:48:18,230 INFO - QueuedLocalWorker running ['airflow', 'tasks', 'run', 'snowflake_data_pipeline', 'check_new_data', 'scheduled__2025-03-23T04:00:00+00:00', '--local', '--subdir', 'DAGS_FOLDER/check_data_availabilty.py']
2025-03-23 10:48:18,230 INFO - Filling up the DagBag from /home/ravi/analytics_platform/Insurance_analytics/***/dags/check_data_availabilty.py
2025-03-23 10:48:18,536 INFO - Filling up the DagBag from /home/ravi/analytics_platform/Insurance_analytics/***/dags/check_data_availabilty.py
2025-03-23 10:48:18,559 INFO - Filling up the DagBag from /home/ravi/analytics_platform/Insurance_analytics/***/dags/check_data_availabilty.py
2025-03-23 10:48:19,535 INFO - Running <TaskInstance: snowflake_data_pipeline.check_new_data scheduled__2025-03-22T18:00:00+00:00 [queued]> on host LAPTOP-4RSLRQ9T.
2025-03-23 10:48:19,541 INFO - Running <TaskInstance: snowflake_data_pipeline.check_new_data scheduled__2025-03-23T00:00:00+00:00 [queued]> on host LAPTOP-4RSLRQ9T.
2025-03-23 10:48:19,545 INFO - Running <TaskInstance: snowflake_data_pipeline.check_new_data scheduled__2025-03-23T02:00:00+00:00 [queued]> on host LAPTOP-4RSLRQ9T.
2025-03-23 10:48:19,571 INFO - Running <TaskInstance: snowflake_data_pipeline.check_new_data scheduled__2025-03-22T19:00:00+00:00 [queued]> on host LAPTOP-4RSLRQ9T.
2025-03-23 10:48:19,617 INFO - Running <TaskInstance: snowflake_data_pipeline.check_new_data scheduled__2025-03-22T22:00:00+00:00 [queued]> on host LAPTOP-4RSLRQ9T.
2025-03-23 10:48:19,804 INFO - Running <TaskInstance: snowflake_data_pipeline.check_new_data scheduled__2025-03-23T03:00:00+00:00 [queued]> on host LAPTOP-4RSLRQ9T.
2025-03-23 10:48:19,855 INFO - 1 tasks up for execution:
	<TaskInstance: snowflake_data_pipeline.check_new_data scheduled__2025-03-22T21:00:00+00:00 [scheduled]>
2025-03-23 10:48:19,889 INFO - DAG snowflake_data_pipeline has 10/16 running and queued tasks
2025-03-23 10:48:19,890 INFO - Setting the following tasks to queued state:
	<TaskInstance: snowflake_data_pipeline.check_new_data scheduled__2025-03-22T21:00:00+00:00 [scheduled]>
2025-03-23 10:48:19,893 INFO - Trying to enqueue tasks: [<TaskInstance: snowflake_data_pipeline.check_new_data scheduled__2025-03-22T21:00:00+00:00 [scheduled]>] for executor: LocalExecutor(parallelism=32)
2025-03-23 10:48:19,895 INFO - Sending TaskInstanceKey(dag_id='snowflake_data_pipeline', task_id='check_new_data', run_id='scheduled__2025-03-22T21:00:00+00:00', try_number=2, map_index=-1) to LocalExecutor with priority 2 and queue default
2025-03-23 10:48:19,895 INFO - Adding to queue: ['airflow', 'tasks', 'run', 'snowflake_data_pipeline', 'check_new_data', 'scheduled__2025-03-22T21:00:00+00:00', '--local', '--subdir', 'DAGS_FOLDER/check_data_availabilty.py']
2025-03-23 10:48:20,168 INFO - Running <TaskInstance: snowflake_data_pipeline.check_new_data scheduled__2025-03-23T01:00:00+00:00 [queued]> on host LAPTOP-4RSLRQ9T.
2025-03-23 10:48:20,110 INFO - QueuedLocalWorker running ['airflow', 'tasks', 'run', 'snowflake_data_pipeline', 'check_new_data', 'scheduled__2025-03-22T21:00:00+00:00', '--local', '--subdir', 'DAGS_FOLDER/check_data_availabilty.py']
2025-03-23 10:48:20,366 INFO - Running <TaskInstance: snowflake_data_pipeline.check_new_data scheduled__2025-03-22T23:00:00+00:00 [queued]> on host LAPTOP-4RSLRQ9T.
2025-03-23 10:48:20,772 INFO - Running <TaskInstance: snowflake_data_pipeline.check_new_data scheduled__2025-03-22T20:00:00+00:00 [queued]> on host LAPTOP-4RSLRQ9T.
2025-03-23 10:48:20,812 INFO - Filling up the DagBag from /home/ravi/analytics_platform/Insurance_analytics/***/dags/check_data_availabilty.py
2025-03-23 10:48:20,890 INFO - Running <TaskInstance: snowflake_data_pipeline.check_new_data scheduled__2025-03-23T04:00:00+00:00 [queued]> on host LAPTOP-4RSLRQ9T.
2025-03-23 10:48:21,865 INFO - 1 tasks up for execution:
	<TaskInstance: snowflake_data_pipeline.check_new_data scheduled__2025-03-23T05:00:00+00:00 [scheduled]>
2025-03-23 10:48:21,878 INFO - DAG snowflake_data_pipeline has 11/16 running and queued tasks
2025-03-23 10:48:21,879 INFO - Setting the following tasks to queued state:
	<TaskInstance: snowflake_data_pipeline.check_new_data scheduled__2025-03-23T05:00:00+00:00 [scheduled]>
2025-03-23 10:48:21,894 INFO - Trying to enqueue tasks: [<TaskInstance: snowflake_data_pipeline.check_new_data scheduled__2025-03-23T05:00:00+00:00 [scheduled]>] for executor: LocalExecutor(parallelism=32)
2025-03-23 10:48:21,906 INFO - Sending TaskInstanceKey(dag_id='snowflake_data_pipeline', task_id='check_new_data', run_id='scheduled__2025-03-23T05:00:00+00:00', try_number=2, map_index=-1) to LocalExecutor with priority 2 and queue default
2025-03-23 10:48:21,912 INFO - Adding to queue: ['airflow', 'tasks', 'run', 'snowflake_data_pipeline', 'check_new_data', 'scheduled__2025-03-23T05:00:00+00:00', '--local', '--subdir', 'DAGS_FOLDER/check_data_availabilty.py']
2025-03-23 10:48:22,244 INFO - QueuedLocalWorker running ['airflow', 'tasks', 'run', 'snowflake_data_pipeline', 'check_new_data', 'scheduled__2025-03-23T05:00:00+00:00', '--local', '--subdir', 'DAGS_FOLDER/check_data_availabilty.py']
2025-03-23 10:48:23,018 INFO - Filling up the DagBag from /home/ravi/analytics_platform/Insurance_analytics/***/dags/check_data_availabilty.py
2025-03-23 10:48:24,155 INFO - 10 tasks up for execution:
	<TaskInstance: snowflake_data_pipeline.process_new_data scheduled__2025-03-22T18:00:00+00:00 [scheduled]>
	<TaskInstance: snowflake_data_pipeline.process_new_data scheduled__2025-03-22T19:00:00+00:00 [scheduled]>
	<TaskInstance: snowflake_data_pipeline.process_new_data scheduled__2025-03-22T20:00:00+00:00 [scheduled]>
	<TaskInstance: snowflake_data_pipeline.process_new_data scheduled__2025-03-22T22:00:00+00:00 [scheduled]>
	<TaskInstance: snowflake_data_pipeline.process_new_data scheduled__2025-03-22T23:00:00+00:00 [scheduled]>
	<TaskInstance: snowflake_data_pipeline.process_new_data scheduled__2025-03-23T00:00:00+00:00 [scheduled]>
	<TaskInstance: snowflake_data_pipeline.process_new_data scheduled__2025-03-23T01:00:00+00:00 [scheduled]>
	<TaskInstance: snowflake_data_pipeline.process_new_data scheduled__2025-03-23T02:00:00+00:00 [scheduled]>
	<TaskInstance: snowflake_data_pipeline.process_new_data scheduled__2025-03-23T03:00:00+00:00 [scheduled]>
	<TaskInstance: snowflake_data_pipeline.process_new_data scheduled__2025-03-23T04:00:00+00:00 [scheduled]>
2025-03-23 10:48:24,155 INFO - DAG snowflake_data_pipeline has 2/16 running and queued tasks
2025-03-23 10:48:24,156 INFO - DAG snowflake_data_pipeline has 3/16 running and queued tasks
2025-03-23 10:48:24,156 INFO - DAG snowflake_data_pipeline has 4/16 running and queued tasks
2025-03-23 10:48:24,156 INFO - DAG snowflake_data_pipeline has 5/16 running and queued tasks
2025-03-23 10:48:24,156 INFO - DAG snowflake_data_pipeline has 6/16 running and queued tasks
2025-03-23 10:48:24,156 INFO - DAG snowflake_data_pipeline has 7/16 running and queued tasks
2025-03-23 10:48:24,156 INFO - DAG snowflake_data_pipeline has 8/16 running and queued tasks
2025-03-23 10:48:24,156 INFO - DAG snowflake_data_pipeline has 9/16 running and queued tasks
2025-03-23 10:48:24,156 INFO - DAG snowflake_data_pipeline has 10/16 running and queued tasks
2025-03-23 10:48:24,156 INFO - DAG snowflake_data_pipeline has 11/16 running and queued tasks
2025-03-23 10:48:24,157 INFO - Setting the following tasks to queued state:
	<TaskInstance: snowflake_data_pipeline.process_new_data scheduled__2025-03-22T18:00:00+00:00 [scheduled]>
	<TaskInstance: snowflake_data_pipeline.process_new_data scheduled__2025-03-22T19:00:00+00:00 [scheduled]>
	<TaskInstance: snowflake_data_pipeline.process_new_data scheduled__2025-03-22T20:00:00+00:00 [scheduled]>
	<TaskInstance: snowflake_data_pipeline.process_new_data scheduled__2025-03-22T22:00:00+00:00 [scheduled]>
	<TaskInstance: snowflake_data_pipeline.process_new_data scheduled__2025-03-22T23:00:00+00:00 [scheduled]>
	<TaskInstance: snowflake_data_pipeline.process_new_data scheduled__2025-03-23T00:00:00+00:00 [scheduled]>
	<TaskInstance: snowflake_data_pipeline.process_new_data scheduled__2025-03-23T01:00:00+00:00 [scheduled]>
	<TaskInstance: snowflake_data_pipeline.process_new_data scheduled__2025-03-23T02:00:00+00:00 [scheduled]>
	<TaskInstance: snowflake_data_pipeline.process_new_data scheduled__2025-03-23T03:00:00+00:00 [scheduled]>
	<TaskInstance: snowflake_data_pipeline.process_new_data scheduled__2025-03-23T04:00:00+00:00 [scheduled]>
2025-03-23 10:48:24,159 INFO - Trying to enqueue tasks: [<TaskInstance: snowflake_data_pipeline.process_new_data scheduled__2025-03-22T18:00:00+00:00 [scheduled]>, <TaskInstance: snowflake_data_pipeline.process_new_data scheduled__2025-03-22T19:00:00+00:00 [scheduled]>, <TaskInstance: snowflake_data_pipeline.process_new_data scheduled__2025-03-22T20:00:00+00:00 [scheduled]>, <TaskInstance: snowflake_data_pipeline.process_new_data scheduled__2025-03-22T22:00:00+00:00 [scheduled]>, <TaskInstance: snowflake_data_pipeline.process_new_data scheduled__2025-03-22T23:00:00+00:00 [scheduled]>, <TaskInstance: snowflake_data_pipeline.process_new_data scheduled__2025-03-23T00:00:00+00:00 [scheduled]>, <TaskInstance: snowflake_data_pipeline.process_new_data scheduled__2025-03-23T01:00:00+00:00 [scheduled]>, <TaskInstance: snowflake_data_pipeline.process_new_data scheduled__2025-03-23T02:00:00+00:00 [scheduled]>, <TaskInstance: snowflake_data_pipeline.process_new_data scheduled__2025-03-23T03:00:00+00:00 [scheduled]>, <TaskInstance: snowflake_data_pipeline.process_new_data scheduled__2025-03-23T04:00:00+00:00 [scheduled]>] for executor: LocalExecutor(parallelism=32)
2025-03-23 10:48:24,159 INFO - Sending TaskInstanceKey(dag_id='snowflake_data_pipeline', task_id='process_new_data', run_id='scheduled__2025-03-22T18:00:00+00:00', try_number=1, map_index=-1) to LocalExecutor with priority 1 and queue default
2025-03-23 10:48:24,159 INFO - Adding to queue: ['airflow', 'tasks', 'run', 'snowflake_data_pipeline', 'process_new_data', 'scheduled__2025-03-22T18:00:00+00:00', '--local', '--subdir', 'DAGS_FOLDER/check_data_availabilty.py']
2025-03-23 10:48:24,160 INFO - Sending TaskInstanceKey(dag_id='snowflake_data_pipeline', task_id='process_new_data', run_id='scheduled__2025-03-22T19:00:00+00:00', try_number=1, map_index=-1) to LocalExecutor with priority 1 and queue default
2025-03-23 10:48:24,160 INFO - Adding to queue: ['airflow', 'tasks', 'run', 'snowflake_data_pipeline', 'process_new_data', 'scheduled__2025-03-22T19:00:00+00:00', '--local', '--subdir', 'DAGS_FOLDER/check_data_availabilty.py']
2025-03-23 10:48:24,160 INFO - Sending TaskInstanceKey(dag_id='snowflake_data_pipeline', task_id='process_new_data', run_id='scheduled__2025-03-22T20:00:00+00:00', try_number=1, map_index=-1) to LocalExecutor with priority 1 and queue default
2025-03-23 10:48:24,160 INFO - Adding to queue: ['airflow', 'tasks', 'run', 'snowflake_data_pipeline', 'process_new_data', 'scheduled__2025-03-22T20:00:00+00:00', '--local', '--subdir', 'DAGS_FOLDER/check_data_availabilty.py']
2025-03-23 10:48:24,161 INFO - Sending TaskInstanceKey(dag_id='snowflake_data_pipeline', task_id='process_new_data', run_id='scheduled__2025-03-22T22:00:00+00:00', try_number=1, map_index=-1) to LocalExecutor with priority 1 and queue default
2025-03-23 10:48:24,161 INFO - Adding to queue: ['airflow', 'tasks', 'run', 'snowflake_data_pipeline', 'process_new_data', 'scheduled__2025-03-22T22:00:00+00:00', '--local', '--subdir', 'DAGS_FOLDER/check_data_availabilty.py']
2025-03-23 10:48:24,161 INFO - Sending TaskInstanceKey(dag_id='snowflake_data_pipeline', task_id='process_new_data', run_id='scheduled__2025-03-22T23:00:00+00:00', try_number=1, map_index=-1) to LocalExecutor with priority 1 and queue default
2025-03-23 10:48:24,161 INFO - Adding to queue: ['airflow', 'tasks', 'run', 'snowflake_data_pipeline', 'process_new_data', 'scheduled__2025-03-22T23:00:00+00:00', '--local', '--subdir', 'DAGS_FOLDER/check_data_availabilty.py']
2025-03-23 10:48:24,161 INFO - Sending TaskInstanceKey(dag_id='snowflake_data_pipeline', task_id='process_new_data', run_id='scheduled__2025-03-23T00:00:00+00:00', try_number=1, map_index=-1) to LocalExecutor with priority 1 and queue default
2025-03-23 10:48:24,162 INFO - Adding to queue: ['airflow', 'tasks', 'run', 'snowflake_data_pipeline', 'process_new_data', 'scheduled__2025-03-23T00:00:00+00:00', '--local', '--subdir', 'DAGS_FOLDER/check_data_availabilty.py']
2025-03-23 10:48:24,162 INFO - Sending TaskInstanceKey(dag_id='snowflake_data_pipeline', task_id='process_new_data', run_id='scheduled__2025-03-23T01:00:00+00:00', try_number=1, map_index=-1) to LocalExecutor with priority 1 and queue default
2025-03-23 10:48:24,162 INFO - Adding to queue: ['airflow', 'tasks', 'run', 'snowflake_data_pipeline', 'process_new_data', 'scheduled__2025-03-23T01:00:00+00:00', '--local', '--subdir', 'DAGS_FOLDER/check_data_availabilty.py']
2025-03-23 10:48:24,162 INFO - Sending TaskInstanceKey(dag_id='snowflake_data_pipeline', task_id='process_new_data', run_id='scheduled__2025-03-23T02:00:00+00:00', try_number=1, map_index=-1) to LocalExecutor with priority 1 and queue default
2025-03-23 10:48:24,162 INFO - Adding to queue: ['airflow', 'tasks', 'run', 'snowflake_data_pipeline', 'process_new_data', 'scheduled__2025-03-23T02:00:00+00:00', '--local', '--subdir', 'DAGS_FOLDER/check_data_availabilty.py']
2025-03-23 10:48:24,162 INFO - Sending TaskInstanceKey(dag_id='snowflake_data_pipeline', task_id='process_new_data', run_id='scheduled__2025-03-23T03:00:00+00:00', try_number=1, map_index=-1) to LocalExecutor with priority 1 and queue default
2025-03-23 10:48:24,163 INFO - Adding to queue: ['airflow', 'tasks', 'run', 'snowflake_data_pipeline', 'process_new_data', 'scheduled__2025-03-23T03:00:00+00:00', '--local', '--subdir', 'DAGS_FOLDER/check_data_availabilty.py']
2025-03-23 10:48:24,163 INFO - Sending TaskInstanceKey(dag_id='snowflake_data_pipeline', task_id='process_new_data', run_id='scheduled__2025-03-23T04:00:00+00:00', try_number=1, map_index=-1) to LocalExecutor with priority 1 and queue default
2025-03-23 10:48:24,163 INFO - Adding to queue: ['airflow', 'tasks', 'run', 'snowflake_data_pipeline', 'process_new_data', 'scheduled__2025-03-23T04:00:00+00:00', '--local', '--subdir', 'DAGS_FOLDER/check_data_availabilty.py']
2025-03-23 10:48:24,183 INFO - Received executor event with state success for task instance TaskInstanceKey(dag_id='snowflake_data_pipeline', task_id='check_new_data', run_id='scheduled__2025-03-23T01:00:00+00:00', try_number=2, map_index=-1)
2025-03-23 10:48:24,184 INFO - Received executor event with state success for task instance TaskInstanceKey(dag_id='snowflake_data_pipeline', task_id='check_new_data', run_id='scheduled__2025-03-23T03:00:00+00:00', try_number=2, map_index=-1)
2025-03-23 10:48:24,184 INFO - Received executor event with state success for task instance TaskInstanceKey(dag_id='snowflake_data_pipeline', task_id='check_new_data', run_id='scheduled__2025-03-22T18:00:00+00:00', try_number=2, map_index=-1)
2025-03-23 10:48:24,185 INFO - Received executor event with state success for task instance TaskInstanceKey(dag_id='snowflake_data_pipeline', task_id='check_new_data', run_id='scheduled__2025-03-23T02:00:00+00:00', try_number=2, map_index=-1)
2025-03-23 10:48:24,185 INFO - Received executor event with state success for task instance TaskInstanceKey(dag_id='snowflake_data_pipeline', task_id='check_new_data', run_id='scheduled__2025-03-22T19:00:00+00:00', try_number=2, map_index=-1)
2025-03-23 10:48:24,185 INFO - Received executor event with state success for task instance TaskInstanceKey(dag_id='snowflake_data_pipeline', task_id='check_new_data', run_id='scheduled__2025-03-22T23:00:00+00:00', try_number=2, map_index=-1)
2025-03-23 10:48:24,185 INFO - Received executor event with state success for task instance TaskInstanceKey(dag_id='snowflake_data_pipeline', task_id='check_new_data', run_id='scheduled__2025-03-22T22:00:00+00:00', try_number=2, map_index=-1)
2025-03-23 10:48:24,186 INFO - Received executor event with state success for task instance TaskInstanceKey(dag_id='snowflake_data_pipeline', task_id='check_new_data', run_id='scheduled__2025-03-23T00:00:00+00:00', try_number=2, map_index=-1)
2025-03-23 10:48:24,186 INFO - Received executor event with state success for task instance TaskInstanceKey(dag_id='snowflake_data_pipeline', task_id='check_new_data', run_id='scheduled__2025-03-23T04:00:00+00:00', try_number=2, map_index=-1)
2025-03-23 10:48:24,186 INFO - Received executor event with state success for task instance TaskInstanceKey(dag_id='snowflake_data_pipeline', task_id='check_new_data', run_id='scheduled__2025-03-22T20:00:00+00:00', try_number=2, map_index=-1)
2025-03-23 10:48:24,194 INFO - TaskInstance Finished: dag_id=snowflake_data_pipeline, task_id=check_new_data, run_id=scheduled__2025-03-22T20:00:00+00:00, map_index=-1, run_start_date=2025-03-23 10:48:21.038702+00:00, run_end_date=2025-03-23 10:48:23.888876+00:00, run_duration=2.850174, state=success, executor=LocalExecutor(parallelism=32), executor_state=success, try_number=2, max_tries=1, job_id=110, pool=default_pool, queue=default, priority_weight=2, operator=SqlSensor, queued_dttm=2025-03-23 10:48:18.209161+00:00, queued_by_job_id=47, pid=13224
2025-03-23 10:48:24,197 INFO - TaskInstance Finished: dag_id=snowflake_data_pipeline, task_id=check_new_data, run_id=scheduled__2025-03-22T23:00:00+00:00, map_index=-1, run_start_date=2025-03-23 10:48:20.714799+00:00, run_end_date=2025-03-23 10:48:23.197044+00:00, run_duration=2.482245, state=success, executor=LocalExecutor(parallelism=32), executor_state=success, try_number=2, max_tries=1, job_id=109, pool=default_pool, queue=default, priority_weight=2, operator=SqlSensor, queued_dttm=2025-03-23 10:48:17.936325+00:00, queued_by_job_id=47, pid=13197
2025-03-23 10:48:24,198 INFO - TaskInstance Finished: dag_id=snowflake_data_pipeline, task_id=check_new_data, run_id=scheduled__2025-03-22T18:00:00+00:00, map_index=-1, run_start_date=2025-03-23 10:48:19.857196+00:00, run_end_date=2025-03-23 10:48:22.838314+00:00, run_duration=2.981118, state=success, executor=LocalExecutor(parallelism=32), executor_state=success, try_number=2, max_tries=1, job_id=104, pool=default_pool, queue=default, priority_weight=2, operator=SqlSensor, queued_dttm=2025-03-23 10:48:17.674187+00:00, queued_by_job_id=47, pid=13123
2025-03-23 10:48:24,198 INFO - TaskInstance Finished: dag_id=snowflake_data_pipeline, task_id=check_new_data, run_id=scheduled__2025-03-22T19:00:00+00:00, map_index=-1, run_start_date=2025-03-23 10:48:19.941014+00:00, run_end_date=2025-03-23 10:48:22.823314+00:00, run_duration=2.8823, state=success, executor=LocalExecutor(parallelism=32), executor_state=success, try_number=2, max_tries=1, job_id=103, pool=default_pool, queue=default, priority_weight=2, operator=SqlSensor, queued_dttm=2025-03-23 10:48:17.674187+00:00, queued_by_job_id=47, pid=13144
2025-03-23 10:48:24,199 INFO - TaskInstance Finished: dag_id=snowflake_data_pipeline, task_id=check_new_data, run_id=scheduled__2025-03-23T00:00:00+00:00, map_index=-1, run_start_date=2025-03-23 10:48:19.858434+00:00, run_end_date=2025-03-23 10:48:22.820742+00:00, run_duration=2.962308, state=success, executor=LocalExecutor(parallelism=32), executor_state=success, try_number=2, max_tries=1, job_id=102, pool=default_pool, queue=default, priority_weight=2, operator=SqlSensor, queued_dttm=2025-03-23 10:48:17.674187+00:00, queued_by_job_id=47, pid=13121
2025-03-23 10:48:24,199 INFO - TaskInstance Finished: dag_id=snowflake_data_pipeline, task_id=check_new_data, run_id=scheduled__2025-03-23T01:00:00+00:00, map_index=-1, run_start_date=2025-03-23 10:48:20.450692+00:00, run_end_date=2025-03-23 10:48:22.706158+00:00, run_duration=2.255466, state=success, executor=LocalExecutor(parallelism=32), executor_state=success, try_number=2, max_tries=1, job_id=108, pool=default_pool, queue=default, priority_weight=2, operator=SqlSensor, queued_dttm=2025-03-23 10:48:17.936325+00:00, queued_by_job_id=47, pid=13167
2025-03-23 10:48:24,200 INFO - TaskInstance Finished: dag_id=snowflake_data_pipeline, task_id=check_new_data, run_id=scheduled__2025-03-22T22:00:00+00:00, map_index=-1, run_start_date=2025-03-23 10:48:19.953727+00:00, run_end_date=2025-03-23 10:48:22.898576+00:00, run_duration=2.944849, state=success, executor=LocalExecutor(parallelism=32), executor_state=success, try_number=2, max_tries=1, job_id=106, pool=default_pool, queue=default, priority_weight=2, operator=SqlSensor, queued_dttm=2025-03-23 10:48:17.674187+00:00, queued_by_job_id=47, pid=13146
2025-03-23 10:48:24,201 INFO - TaskInstance Finished: dag_id=snowflake_data_pipeline, task_id=check_new_data, run_id=scheduled__2025-03-23T02:00:00+00:00, map_index=-1, run_start_date=2025-03-23 10:48:19.898856+00:00, run_end_date=2025-03-23 10:48:22.839049+00:00, run_duration=2.940193, state=success, executor=LocalExecutor(parallelism=32), executor_state=success, try_number=2, max_tries=1, job_id=105, pool=default_pool, queue=default, priority_weight=2, operator=SqlSensor, queued_dttm=2025-03-23 10:48:17.674187+00:00, queued_by_job_id=47, pid=13125
2025-03-23 10:48:24,202 INFO - TaskInstance Finished: dag_id=snowflake_data_pipeline, task_id=check_new_data, run_id=scheduled__2025-03-23T03:00:00+00:00, map_index=-1, run_start_date=2025-03-23 10:48:20.010009+00:00, run_end_date=2025-03-23 10:48:22.810313+00:00, run_duration=2.800304, state=success, executor=LocalExecutor(parallelism=32), executor_state=success, try_number=2, max_tries=1, job_id=107, pool=default_pool, queue=default, priority_weight=2, operator=SqlSensor, queued_dttm=2025-03-23 10:48:17.674187+00:00, queued_by_job_id=47, pid=13143
2025-03-23 10:48:24,203 INFO - TaskInstance Finished: dag_id=snowflake_data_pipeline, task_id=check_new_data, run_id=scheduled__2025-03-23T04:00:00+00:00, map_index=-1, run_start_date=2025-03-23 10:48:21.160209+00:00, run_end_date=2025-03-23 10:48:23.905697+00:00, run_duration=2.745488, state=success, executor=LocalExecutor(parallelism=32), executor_state=success, try_number=2, max_tries=1, job_id=111, pool=default_pool, queue=default, priority_weight=2, operator=SqlSensor, queued_dttm=2025-03-23 10:48:18.209161+00:00, queued_by_job_id=47, pid=13230
2025-03-23 10:48:24,205 INFO - QueuedLocalWorker running ['airflow', 'tasks', 'run', 'snowflake_data_pipeline', 'process_new_data', 'scheduled__2025-03-23T01:00:00+00:00', '--local', '--subdir', 'DAGS_FOLDER/check_data_availabilty.py']
2025-03-23 10:48:24,209 INFO - QueuedLocalWorker running ['airflow', 'tasks', 'run', 'snowflake_data_pipeline', 'process_new_data', 'scheduled__2025-03-22T19:00:00+00:00', '--local', '--subdir', 'DAGS_FOLDER/check_data_availabilty.py']
2025-03-23 10:48:24,206 INFO - QueuedLocalWorker running ['airflow', 'tasks', 'run', 'snowflake_data_pipeline', 'process_new_data', 'scheduled__2025-03-22T23:00:00+00:00', '--local', '--subdir', 'DAGS_FOLDER/check_data_availabilty.py']
2025-03-23 10:48:24,207 INFO - QueuedLocalWorker running ['airflow', 'tasks', 'run', 'snowflake_data_pipeline', 'process_new_data', 'scheduled__2025-03-22T22:00:00+00:00', '--local', '--subdir', 'DAGS_FOLDER/check_data_availabilty.py']
2025-03-23 10:48:24,210 INFO - QueuedLocalWorker running ['airflow', 'tasks', 'run', 'snowflake_data_pipeline', 'process_new_data', 'scheduled__2025-03-22T18:00:00+00:00', '--local', '--subdir', 'DAGS_FOLDER/check_data_availabilty.py']
2025-03-23 10:48:24,210 INFO - QueuedLocalWorker running ['airflow', 'tasks', 'run', 'snowflake_data_pipeline', 'process_new_data', 'scheduled__2025-03-23T02:00:00+00:00', '--local', '--subdir', 'DAGS_FOLDER/check_data_availabilty.py']
2025-03-23 10:48:24,212 INFO - QueuedLocalWorker running ['airflow', 'tasks', 'run', 'snowflake_data_pipeline', 'process_new_data', 'scheduled__2025-03-23T04:00:00+00:00', '--local', '--subdir', 'DAGS_FOLDER/check_data_availabilty.py']
2025-03-23 10:48:24,213 INFO - QueuedLocalWorker running ['airflow', 'tasks', 'run', 'snowflake_data_pipeline', 'process_new_data', 'scheduled__2025-03-23T03:00:00+00:00', '--local', '--subdir', 'DAGS_FOLDER/check_data_availabilty.py']
2025-03-23 10:48:24,217 INFO - QueuedLocalWorker running ['airflow', 'tasks', 'run', 'snowflake_data_pipeline', 'process_new_data', 'scheduled__2025-03-23T00:00:00+00:00', '--local', '--subdir', 'DAGS_FOLDER/check_data_availabilty.py']
2025-03-23 10:48:24,216 INFO - QueuedLocalWorker running ['airflow', 'tasks', 'run', 'snowflake_data_pipeline', 'process_new_data', 'scheduled__2025-03-22T20:00:00+00:00', '--local', '--subdir', 'DAGS_FOLDER/check_data_availabilty.py']
2025-03-23 10:48:24,341 INFO - Filling up the DagBag from /home/ravi/analytics_platform/Insurance_analytics/***/dags/check_data_availabilty.py
2025-03-23 10:48:24,377 INFO - Filling up the DagBag from /home/ravi/analytics_platform/Insurance_analytics/***/dags/check_data_availabilty.py
2025-03-23 10:48:24,381 INFO - Filling up the DagBag from /home/ravi/analytics_platform/Insurance_analytics/***/dags/check_data_availabilty.py
2025-03-23 10:48:24,375 INFO - Filling up the DagBag from /home/ravi/analytics_platform/Insurance_analytics/***/dags/check_data_availabilty.py
2025-03-23 10:48:24,394 INFO - Filling up the DagBag from /home/ravi/analytics_platform/Insurance_analytics/***/dags/check_data_availabilty.py
2025-03-23 10:48:24,423 INFO - Filling up the DagBag from /home/ravi/analytics_platform/Insurance_analytics/***/dags/check_data_availabilty.py
2025-03-23 10:48:24,446 INFO - Filling up the DagBag from /home/ravi/analytics_platform/Insurance_analytics/***/dags/check_data_availabilty.py
2025-03-23 10:48:24,501 INFO - Filling up the DagBag from /home/ravi/analytics_platform/Insurance_analytics/***/dags/check_data_availabilty.py
2025-03-23 10:48:24,504 INFO - Filling up the DagBag from /home/ravi/analytics_platform/Insurance_analytics/***/dags/check_data_availabilty.py
2025-03-23 10:48:24,534 INFO - Filling up the DagBag from /home/ravi/analytics_platform/Insurance_analytics/***/dags/check_data_availabilty.py
2025-03-23 10:48:25,187 INFO - Running <TaskInstance: snowflake_data_pipeline.check_new_data scheduled__2025-03-22T21:00:00+00:00 [queued]> on host LAPTOP-4RSLRQ9T.
2025-03-23 10:48:25,244 INFO - Running <TaskInstance: snowflake_data_pipeline.check_new_data scheduled__2025-03-23T05:00:00+00:00 [queued]> on host LAPTOP-4RSLRQ9T.
2025-03-23 10:48:26,945 INFO - Running <TaskInstance: snowflake_data_pipeline.process_new_data scheduled__2025-03-23T03:00:00+00:00 [queued]> on host LAPTOP-4RSLRQ9T.
2025-03-23 10:48:27,022 INFO - Running <TaskInstance: snowflake_data_pipeline.process_new_data scheduled__2025-03-23T01:00:00+00:00 [queued]> on host LAPTOP-4RSLRQ9T.
2025-03-23 10:48:27,072 INFO - Running <TaskInstance: snowflake_data_pipeline.process_new_data scheduled__2025-03-23T02:00:00+00:00 [queued]> on host LAPTOP-4RSLRQ9T.
2025-03-23 10:48:27,082 INFO - Running <TaskInstance: snowflake_data_pipeline.process_new_data scheduled__2025-03-22T22:00:00+00:00 [queued]> on host LAPTOP-4RSLRQ9T.
2025-03-23 10:48:27,115 INFO - Running <TaskInstance: snowflake_data_pipeline.process_new_data scheduled__2025-03-23T04:00:00+00:00 [queued]> on host LAPTOP-4RSLRQ9T.
2025-03-23 10:48:27,207 INFO - Running <TaskInstance: snowflake_data_pipeline.process_new_data scheduled__2025-03-22T19:00:00+00:00 [queued]> on host LAPTOP-4RSLRQ9T.
2025-03-23 10:48:27,412 INFO - Running <TaskInstance: snowflake_data_pipeline.process_new_data scheduled__2025-03-22T20:00:00+00:00 [queued]> on host LAPTOP-4RSLRQ9T.
2025-03-23 10:48:27,451 INFO - Running <TaskInstance: snowflake_data_pipeline.process_new_data scheduled__2025-03-22T23:00:00+00:00 [queued]> on host LAPTOP-4RSLRQ9T.
2025-03-23 10:48:27,510 INFO - Running <TaskInstance: snowflake_data_pipeline.process_new_data scheduled__2025-03-22T18:00:00+00:00 [queued]> on host LAPTOP-4RSLRQ9T.
2025-03-23 10:48:27,545 INFO - Running <TaskInstance: snowflake_data_pipeline.process_new_data scheduled__2025-03-23T00:00:00+00:00 [queued]> on host LAPTOP-4RSLRQ9T.
2025-03-23 10:48:29,170 INFO - 2 tasks up for execution:
	<TaskInstance: snowflake_data_pipeline.process_new_data scheduled__2025-03-22T21:00:00+00:00 [scheduled]>
	<TaskInstance: snowflake_data_pipeline.process_new_data scheduled__2025-03-23T05:00:00+00:00 [scheduled]>
2025-03-23 10:48:29,171 INFO - DAG snowflake_data_pipeline has 10/16 running and queued tasks
2025-03-23 10:48:29,171 INFO - DAG snowflake_data_pipeline has 11/16 running and queued tasks
2025-03-23 10:48:29,171 INFO - Setting the following tasks to queued state:
	<TaskInstance: snowflake_data_pipeline.process_new_data scheduled__2025-03-22T21:00:00+00:00 [scheduled]>
	<TaskInstance: snowflake_data_pipeline.process_new_data scheduled__2025-03-23T05:00:00+00:00 [scheduled]>
2025-03-23 10:48:29,173 INFO - Trying to enqueue tasks: [<TaskInstance: snowflake_data_pipeline.process_new_data scheduled__2025-03-22T21:00:00+00:00 [scheduled]>, <TaskInstance: snowflake_data_pipeline.process_new_data scheduled__2025-03-23T05:00:00+00:00 [scheduled]>] for executor: LocalExecutor(parallelism=32)
2025-03-23 10:48:29,174 INFO - Sending TaskInstanceKey(dag_id='snowflake_data_pipeline', task_id='process_new_data', run_id='scheduled__2025-03-22T21:00:00+00:00', try_number=1, map_index=-1) to LocalExecutor with priority 1 and queue default
2025-03-23 10:48:29,174 INFO - Adding to queue: ['airflow', 'tasks', 'run', 'snowflake_data_pipeline', 'process_new_data', 'scheduled__2025-03-22T21:00:00+00:00', '--local', '--subdir', 'DAGS_FOLDER/check_data_availabilty.py']
2025-03-23 10:48:29,174 INFO - Sending TaskInstanceKey(dag_id='snowflake_data_pipeline', task_id='process_new_data', run_id='scheduled__2025-03-23T05:00:00+00:00', try_number=1, map_index=-1) to LocalExecutor with priority 1 and queue default
2025-03-23 10:48:29,174 INFO - Adding to queue: ['airflow', 'tasks', 'run', 'snowflake_data_pipeline', 'process_new_data', 'scheduled__2025-03-23T05:00:00+00:00', '--local', '--subdir', 'DAGS_FOLDER/check_data_availabilty.py']
2025-03-23 10:48:29,180 INFO - Received executor event with state success for task instance TaskInstanceKey(dag_id='snowflake_data_pipeline', task_id='check_new_data', run_id='scheduled__2025-03-23T05:00:00+00:00', try_number=2, map_index=-1)
2025-03-23 10:48:29,181 INFO - Received executor event with state success for task instance TaskInstanceKey(dag_id='snowflake_data_pipeline', task_id='check_new_data', run_id='scheduled__2025-03-22T21:00:00+00:00', try_number=2, map_index=-1)
2025-03-23 10:48:29,184 INFO - TaskInstance Finished: dag_id=snowflake_data_pipeline, task_id=check_new_data, run_id=scheduled__2025-03-22T21:00:00+00:00, map_index=-1, run_start_date=2025-03-23 10:48:25.935971+00:00, run_end_date=2025-03-23 10:48:27.839681+00:00, run_duration=1.90371, state=success, executor=LocalExecutor(parallelism=32), executor_state=success, try_number=2, max_tries=1, job_id=112, pool=default_pool, queue=default, priority_weight=2, operator=SqlSensor, queued_dttm=2025-03-23 10:48:19.891701+00:00, queued_by_job_id=47, pid=13508
2025-03-23 10:48:29,184 INFO - TaskInstance Finished: dag_id=snowflake_data_pipeline, task_id=check_new_data, run_id=scheduled__2025-03-23T05:00:00+00:00, map_index=-1, run_start_date=2025-03-23 10:48:25.956893+00:00, run_end_date=2025-03-23 10:48:27.831418+00:00, run_duration=1.874525, state=success, executor=LocalExecutor(parallelism=32), executor_state=success, try_number=2, max_tries=1, job_id=113, pool=default_pool, queue=default, priority_weight=2, operator=SqlSensor, queued_dttm=2025-03-23 10:48:21.880230+00:00, queued_by_job_id=47, pid=13509
2025-03-23 10:48:29,214 INFO - QueuedLocalWorker running ['airflow', 'tasks', 'run', 'snowflake_data_pipeline', 'process_new_data', 'scheduled__2025-03-22T21:00:00+00:00', '--local', '--subdir', 'DAGS_FOLDER/check_data_availabilty.py']
2025-03-23 10:48:29,211 INFO - QueuedLocalWorker running ['airflow', 'tasks', 'run', 'snowflake_data_pipeline', 'process_new_data', 'scheduled__2025-03-23T05:00:00+00:00', '--local', '--subdir', 'DAGS_FOLDER/check_data_availabilty.py']
2025-03-23 10:48:29,325 INFO - Filling up the DagBag from /home/ravi/analytics_platform/Insurance_analytics/***/dags/check_data_availabilty.py
2025-03-23 10:48:29,399 INFO - Filling up the DagBag from /home/ravi/analytics_platform/Insurance_analytics/***/dags/check_data_availabilty.py
2025-03-23 10:48:30,130 INFO - Running <TaskInstance: snowflake_data_pipeline.process_new_data scheduled__2025-03-23T05:00:00+00:00 [queued]> on host LAPTOP-4RSLRQ9T.
2025-03-23 10:48:30,132 INFO - Running <TaskInstance: snowflake_data_pipeline.process_new_data scheduled__2025-03-22T21:00:00+00:00 [queued]> on host LAPTOP-4RSLRQ9T.
2025-03-23 10:48:30,497 INFO - Received executor event with state success for task instance TaskInstanceKey(dag_id='snowflake_data_pipeline', task_id='process_new_data', run_id='scheduled__2025-03-23T01:00:00+00:00', try_number=1, map_index=-1)
2025-03-23 10:48:30,497 INFO - Received executor event with state success for task instance TaskInstanceKey(dag_id='snowflake_data_pipeline', task_id='process_new_data', run_id='scheduled__2025-03-23T02:00:00+00:00', try_number=1, map_index=-1)
2025-03-23 10:48:30,498 INFO - Received executor event with state success for task instance TaskInstanceKey(dag_id='snowflake_data_pipeline', task_id='process_new_data', run_id='scheduled__2025-03-23T04:00:00+00:00', try_number=1, map_index=-1)
2025-03-23 10:48:30,498 INFO - Received executor event with state success for task instance TaskInstanceKey(dag_id='snowflake_data_pipeline', task_id='process_new_data', run_id='scheduled__2025-03-22T22:00:00+00:00', try_number=1, map_index=-1)
2025-03-23 10:48:30,498 INFO - Received executor event with state success for task instance TaskInstanceKey(dag_id='snowflake_data_pipeline', task_id='process_new_data', run_id='scheduled__2025-03-23T03:00:00+00:00', try_number=1, map_index=-1)
2025-03-23 10:48:30,498 INFO - Received executor event with state success for task instance TaskInstanceKey(dag_id='snowflake_data_pipeline', task_id='process_new_data', run_id='scheduled__2025-03-22T20:00:00+00:00', try_number=1, map_index=-1)
2025-03-23 10:48:30,498 INFO - Received executor event with state success for task instance TaskInstanceKey(dag_id='snowflake_data_pipeline', task_id='process_new_data', run_id='scheduled__2025-03-22T23:00:00+00:00', try_number=1, map_index=-1)
2025-03-23 10:48:30,498 INFO - Received executor event with state success for task instance TaskInstanceKey(dag_id='snowflake_data_pipeline', task_id='process_new_data', run_id='scheduled__2025-03-22T19:00:00+00:00', try_number=1, map_index=-1)
2025-03-23 10:48:30,498 INFO - Received executor event with state success for task instance TaskInstanceKey(dag_id='snowflake_data_pipeline', task_id='process_new_data', run_id='scheduled__2025-03-22T18:00:00+00:00', try_number=1, map_index=-1)
2025-03-23 10:48:30,498 INFO - Received executor event with state success for task instance TaskInstanceKey(dag_id='snowflake_data_pipeline', task_id='process_new_data', run_id='scheduled__2025-03-23T00:00:00+00:00', try_number=1, map_index=-1)
2025-03-23 10:48:30,502 INFO - TaskInstance Finished: dag_id=snowflake_data_pipeline, task_id=process_new_data, run_id=scheduled__2025-03-22T20:00:00+00:00, map_index=-1, run_start_date=2025-03-23 10:48:27.578258+00:00, run_end_date=2025-03-23 10:48:29.395094+00:00, run_duration=1.816836, state=up_for_retry, executor=LocalExecutor(parallelism=32), executor_state=success, try_number=1, max_tries=1, job_id=120, pool=default_pool, queue=default, priority_weight=1, operator=SqlSensor, queued_dttm=2025-03-23 10:48:24.157413+00:00, queued_by_job_id=47, pid=13608
2025-03-23 10:48:30,503 INFO - TaskInstance Finished: dag_id=snowflake_data_pipeline, task_id=process_new_data, run_id=scheduled__2025-03-22T23:00:00+00:00, map_index=-1, run_start_date=2025-03-23 10:48:27.640907+00:00, run_end_date=2025-03-23 10:48:29.369464+00:00, run_duration=1.728557, state=up_for_retry, executor=LocalExecutor(parallelism=32), executor_state=success, try_number=1, max_tries=1, job_id=121, pool=default_pool, queue=default, priority_weight=1, operator=SqlSensor, queued_dttm=2025-03-23 10:48:24.157413+00:00, queued_by_job_id=47, pid=13610
2025-03-23 10:48:30,503 INFO - TaskInstance Finished: dag_id=snowflake_data_pipeline, task_id=process_new_data, run_id=scheduled__2025-03-22T18:00:00+00:00, map_index=-1, run_start_date=2025-03-23 10:48:27.667885+00:00, run_end_date=2025-03-23 10:48:29.439578+00:00, run_duration=1.771693, state=up_for_retry, executor=LocalExecutor(parallelism=32), executor_state=success, try_number=1, max_tries=1, job_id=122, pool=default_pool, queue=default, priority_weight=1, operator=SqlSensor, queued_dttm=2025-03-23 10:48:24.157413+00:00, queued_by_job_id=47, pid=13619
2025-03-23 10:48:30,504 INFO - TaskInstance Finished: dag_id=snowflake_data_pipeline, task_id=process_new_data, run_id=scheduled__2025-03-22T19:00:00+00:00, map_index=-1, run_start_date=2025-03-23 10:48:27.509930+00:00, run_end_date=2025-03-23 10:48:29.372990+00:00, run_duration=1.86306, state=up_for_retry, executor=LocalExecutor(parallelism=32), executor_state=success, try_number=1, max_tries=1, job_id=119, pool=default_pool, queue=default, priority_weight=1, operator=SqlSensor, queued_dttm=2025-03-23 10:48:24.157413+00:00, queued_by_job_id=47, pid=13594
2025-03-23 10:48:30,504 INFO - TaskInstance Finished: dag_id=snowflake_data_pipeline, task_id=process_new_data, run_id=scheduled__2025-03-23T00:00:00+00:00, map_index=-1, run_start_date=2025-03-23 10:48:27.852031+00:00, run_end_date=2025-03-23 10:48:29.384711+00:00, run_duration=1.53268, state=up_for_retry, executor=LocalExecutor(parallelism=32), executor_state=success, try_number=1, max_tries=1, job_id=123, pool=default_pool, queue=default, priority_weight=1, operator=SqlSensor, queued_dttm=2025-03-23 10:48:24.157413+00:00, queued_by_job_id=47, pid=13641
2025-03-23 10:48:30,504 INFO - TaskInstance Finished: dag_id=snowflake_data_pipeline, task_id=process_new_data, run_id=scheduled__2025-03-22T22:00:00+00:00, map_index=-1, run_start_date=2025-03-23 10:48:27.226292+00:00, run_end_date=2025-03-23 10:48:29.322298+00:00, run_duration=2.096006, state=up_for_retry, executor=LocalExecutor(parallelism=32), executor_state=success, try_number=1, max_tries=1, job_id=116, pool=default_pool, queue=default, priority_weight=1, operator=SqlSensor, queued_dttm=2025-03-23 10:48:24.157413+00:00, queued_by_job_id=47, pid=13560
2025-03-23 10:48:30,505 INFO - TaskInstance Finished: dag_id=snowflake_data_pipeline, task_id=process_new_data, run_id=scheduled__2025-03-23T03:00:00+00:00, map_index=-1, run_start_date=2025-03-23 10:48:27.123750+00:00, run_end_date=2025-03-23 10:48:29.351274+00:00, run_duration=2.227524, state=up_for_retry, executor=LocalExecutor(parallelism=32), executor_state=success, try_number=1, max_tries=1, job_id=114, pool=default_pool, queue=default, priority_weight=1, operator=SqlSensor, queued_dttm=2025-03-23 10:48:24.157413+00:00, queued_by_job_id=47, pid=13545
2025-03-23 10:48:30,505 INFO - TaskInstance Finished: dag_id=snowflake_data_pipeline, task_id=process_new_data, run_id=scheduled__2025-03-23T01:00:00+00:00, map_index=-1, run_start_date=2025-03-23 10:48:27.199682+00:00, run_end_date=2025-03-23 10:48:29.245977+00:00, run_duration=2.046295, state=up_for_retry, executor=LocalExecutor(parallelism=32), executor_state=success, try_number=1, max_tries=1, job_id=115, pool=default_pool, queue=default, priority_weight=1, operator=SqlSensor, queued_dttm=2025-03-23 10:48:24.157413+00:00, queued_by_job_id=47, pid=13556
2025-03-23 10:48:30,505 INFO - TaskInstance Finished: dag_id=snowflake_data_pipeline, task_id=process_new_data, run_id=scheduled__2025-03-23T04:00:00+00:00, map_index=-1, run_start_date=2025-03-23 10:48:27.267356+00:00, run_end_date=2025-03-23 10:48:29.246104+00:00, run_duration=1.978748, state=up_for_retry, executor=LocalExecutor(parallelism=32), executor_state=success, try_number=1, max_tries=1, job_id=118, pool=default_pool, queue=default, priority_weight=1, operator=SqlSensor, queued_dttm=2025-03-23 10:48:24.157413+00:00, queued_by_job_id=47, pid=13569
2025-03-23 10:48:30,505 INFO - TaskInstance Finished: dag_id=snowflake_data_pipeline, task_id=process_new_data, run_id=scheduled__2025-03-23T02:00:00+00:00, map_index=-1, run_start_date=2025-03-23 10:48:27.255787+00:00, run_end_date=2025-03-23 10:48:29.245935+00:00, run_duration=1.990148, state=up_for_retry, executor=LocalExecutor(parallelism=32), executor_state=success, try_number=1, max_tries=1, job_id=117, pool=default_pool, queue=default, priority_weight=1, operator=SqlSensor, queued_dttm=2025-03-23 10:48:24.157413+00:00, queued_by_job_id=47, pid=13564
2025-03-23 10:48:34,546 INFO - Received executor event with state success for task instance TaskInstanceKey(dag_id='snowflake_data_pipeline', task_id='process_new_data', run_id='scheduled__2025-03-23T05:00:00+00:00', try_number=1, map_index=-1)
2025-03-23 10:48:34,547 INFO - Received executor event with state success for task instance TaskInstanceKey(dag_id='snowflake_data_pipeline', task_id='process_new_data', run_id='scheduled__2025-03-22T21:00:00+00:00', try_number=1, map_index=-1)
2025-03-23 10:48:34,550 INFO - TaskInstance Finished: dag_id=snowflake_data_pipeline, task_id=process_new_data, run_id=scheduled__2025-03-23T05:00:00+00:00, map_index=-1, run_start_date=2025-03-23 10:48:30.201514+00:00, run_end_date=2025-03-23 10:48:34.196121+00:00, run_duration=3.994607, state=up_for_retry, executor=LocalExecutor(parallelism=32), executor_state=success, try_number=1, max_tries=1, job_id=125, pool=default_pool, queue=default, priority_weight=1, operator=SqlSensor, queued_dttm=2025-03-23 10:48:29.172425+00:00, queued_by_job_id=47, pid=13789
2025-03-23 10:48:34,551 INFO - TaskInstance Finished: dag_id=snowflake_data_pipeline, task_id=process_new_data, run_id=scheduled__2025-03-22T21:00:00+00:00, map_index=-1, run_start_date=2025-03-23 10:48:30.200441+00:00, run_end_date=2025-03-23 10:48:34.167552+00:00, run_duration=3.967111, state=up_for_retry, executor=LocalExecutor(parallelism=32), executor_state=success, try_number=1, max_tries=1, job_id=124, pool=default_pool, queue=default, priority_weight=1, operator=SqlSensor, queued_dttm=2025-03-23 10:48:29.172425+00:00, queued_by_job_id=47, pid=13788
2025-03-23 10:50:09,250 INFO - 1 tasks up for execution:
	<TaskInstance: snowflake_data_pipeline.check_new_data manual__2025-03-23T10:44:40.720894+00:00 [scheduled]>
2025-03-23 10:50:09,251 INFO - DAG snowflake_data_pipeline has 0/16 running and queued tasks
2025-03-23 10:50:09,251 INFO - Setting the following tasks to queued state:
	<TaskInstance: snowflake_data_pipeline.check_new_data manual__2025-03-23T10:44:40.720894+00:00 [scheduled]>
2025-03-23 10:50:09,252 INFO - Trying to enqueue tasks: [<TaskInstance: snowflake_data_pipeline.check_new_data manual__2025-03-23T10:44:40.720894+00:00 [scheduled]>] for executor: LocalExecutor(parallelism=32)
2025-03-23 10:50:09,252 INFO - Sending TaskInstanceKey(dag_id='snowflake_data_pipeline', task_id='check_new_data', run_id='manual__2025-03-23T10:44:40.720894+00:00', try_number=2, map_index=-1) to LocalExecutor with priority 2 and queue default
2025-03-23 10:50:09,253 INFO - Adding to queue: ['airflow', 'tasks', 'run', 'snowflake_data_pipeline', 'check_new_data', 'manual__2025-03-23T10:44:40.720894+00:00', '--local', '--subdir', 'DAGS_FOLDER/check_data_availabilty.py']
2025-03-23 10:50:09,269 INFO - QueuedLocalWorker running ['airflow', 'tasks', 'run', 'snowflake_data_pipeline', 'check_new_data', 'manual__2025-03-23T10:44:40.720894+00:00', '--local', '--subdir', 'DAGS_FOLDER/check_data_availabilty.py']
2025-03-23 10:50:09,319 INFO - Filling up the DagBag from /home/ravi/analytics_platform/Insurance_analytics/***/dags/check_data_availabilty.py
2025-03-23 10:50:09,773 INFO - Running <TaskInstance: snowflake_data_pipeline.check_new_data manual__2025-03-23T10:44:40.720894+00:00 [queued]> on host LAPTOP-4RSLRQ9T.
2025-03-23 10:50:11,914 INFO - 1 tasks up for execution:
	<TaskInstance: snowflake_data_pipeline.process_new_data manual__2025-03-23T10:44:40.720894+00:00 [scheduled]>
2025-03-23 10:50:11,914 INFO - DAG snowflake_data_pipeline has 0/16 running and queued tasks
2025-03-23 10:50:11,915 INFO - Setting the following tasks to queued state:
	<TaskInstance: snowflake_data_pipeline.process_new_data manual__2025-03-23T10:44:40.720894+00:00 [scheduled]>
2025-03-23 10:50:11,916 INFO - Trying to enqueue tasks: [<TaskInstance: snowflake_data_pipeline.process_new_data manual__2025-03-23T10:44:40.720894+00:00 [scheduled]>] for executor: LocalExecutor(parallelism=32)
2025-03-23 10:50:11,916 INFO - Sending TaskInstanceKey(dag_id='snowflake_data_pipeline', task_id='process_new_data', run_id='manual__2025-03-23T10:44:40.720894+00:00', try_number=1, map_index=-1) to LocalExecutor with priority 1 and queue default
2025-03-23 10:50:11,916 INFO - Adding to queue: ['airflow', 'tasks', 'run', 'snowflake_data_pipeline', 'process_new_data', 'manual__2025-03-23T10:44:40.720894+00:00', '--local', '--subdir', 'DAGS_FOLDER/check_data_availabilty.py']
2025-03-23 10:50:11,919 INFO - Received executor event with state success for task instance TaskInstanceKey(dag_id='snowflake_data_pipeline', task_id='check_new_data', run_id='manual__2025-03-23T10:44:40.720894+00:00', try_number=2, map_index=-1)
2025-03-23 10:50:11,922 INFO - TaskInstance Finished: dag_id=snowflake_data_pipeline, task_id=check_new_data, run_id=manual__2025-03-23T10:44:40.720894+00:00, map_index=-1, run_start_date=2025-03-23 10:50:09.831483+00:00, run_end_date=2025-03-23 10:50:10.811297+00:00, run_duration=0.979814, state=success, executor=LocalExecutor(parallelism=32), executor_state=success, try_number=2, max_tries=1, job_id=126, pool=default_pool, queue=default, priority_weight=2, operator=SqlSensor, queued_dttm=2025-03-23 10:50:09.251689+00:00, queued_by_job_id=47, pid=14164
2025-03-23 10:50:11,925 INFO - QueuedLocalWorker running ['airflow', 'tasks', 'run', 'snowflake_data_pipeline', 'process_new_data', 'manual__2025-03-23T10:44:40.720894+00:00', '--local', '--subdir', 'DAGS_FOLDER/check_data_availabilty.py']
2025-03-23 10:50:11,978 INFO - Filling up the DagBag from /home/ravi/analytics_platform/Insurance_analytics/***/dags/check_data_availabilty.py
2025-03-23 10:50:12,389 INFO - Running <TaskInstance: snowflake_data_pipeline.process_new_data manual__2025-03-23T10:44:40.720894+00:00 [queued]> on host LAPTOP-4RSLRQ9T.
2025-03-23 10:50:14,329 INFO - Received executor event with state success for task instance TaskInstanceKey(dag_id='snowflake_data_pipeline', task_id='process_new_data', run_id='manual__2025-03-23T10:44:40.720894+00:00', try_number=1, map_index=-1)
2025-03-23 10:50:14,332 INFO - TaskInstance Finished: dag_id=snowflake_data_pipeline, task_id=process_new_data, run_id=manual__2025-03-23T10:44:40.720894+00:00, map_index=-1, run_start_date=2025-03-23 10:50:12.467115+00:00, run_end_date=2025-03-23 10:50:13.689064+00:00, run_duration=1.221949, state=up_for_retry, executor=LocalExecutor(parallelism=32), executor_state=success, try_number=1, max_tries=1, job_id=127, pool=default_pool, queue=default, priority_weight=1, operator=SqlSensor, queued_dttm=2025-03-23 10:50:11.915409+00:00, queued_by_job_id=47, pid=14208
2025-03-23 10:50:48,157 INFO - 1 tasks up for execution:
	<TaskInstance: snowflake_data_pipeline.check_new_data scheduled__2025-03-23T06:00:00+00:00 [scheduled]>
2025-03-23 10:50:48,157 INFO - DAG snowflake_data_pipeline has 0/16 running and queued tasks
2025-03-23 10:50:48,157 INFO - Setting the following tasks to queued state:
	<TaskInstance: snowflake_data_pipeline.check_new_data scheduled__2025-03-23T06:00:00+00:00 [scheduled]>
2025-03-23 10:50:48,158 INFO - Trying to enqueue tasks: [<TaskInstance: snowflake_data_pipeline.check_new_data scheduled__2025-03-23T06:00:00+00:00 [scheduled]>] for executor: LocalExecutor(parallelism=32)
2025-03-23 10:50:48,159 INFO - Sending TaskInstanceKey(dag_id='snowflake_data_pipeline', task_id='check_new_data', run_id='scheduled__2025-03-23T06:00:00+00:00', try_number=2, map_index=-1) to LocalExecutor with priority 2 and queue default
2025-03-23 10:50:48,159 INFO - Adding to queue: ['airflow', 'tasks', 'run', 'snowflake_data_pipeline', 'check_new_data', 'scheduled__2025-03-23T06:00:00+00:00', '--local', '--subdir', 'DAGS_FOLDER/check_data_availabilty.py']
2025-03-23 10:50:48,170 INFO - QueuedLocalWorker running ['airflow', 'tasks', 'run', 'snowflake_data_pipeline', 'check_new_data', 'scheduled__2025-03-23T06:00:00+00:00', '--local', '--subdir', 'DAGS_FOLDER/check_data_availabilty.py']
2025-03-23 10:50:48,264 INFO - Filling up the DagBag from /home/ravi/analytics_platform/Insurance_analytics/***/dags/check_data_availabilty.py
2025-03-23 10:50:48,730 INFO - Running <TaskInstance: snowflake_data_pipeline.check_new_data scheduled__2025-03-23T06:00:00+00:00 [queued]> on host LAPTOP-4RSLRQ9T.
2025-03-23 10:50:50,099 INFO - 1 tasks up for execution:
	<TaskInstance: snowflake_data_pipeline.process_new_data scheduled__2025-03-23T06:00:00+00:00 [scheduled]>
2025-03-23 10:50:50,100 INFO - DAG snowflake_data_pipeline has 0/16 running and queued tasks
2025-03-23 10:50:50,100 INFO - Setting the following tasks to queued state:
	<TaskInstance: snowflake_data_pipeline.process_new_data scheduled__2025-03-23T06:00:00+00:00 [scheduled]>
2025-03-23 10:50:50,101 INFO - Trying to enqueue tasks: [<TaskInstance: snowflake_data_pipeline.process_new_data scheduled__2025-03-23T06:00:00+00:00 [scheduled]>] for executor: LocalExecutor(parallelism=32)
2025-03-23 10:50:50,102 INFO - Sending TaskInstanceKey(dag_id='snowflake_data_pipeline', task_id='process_new_data', run_id='scheduled__2025-03-23T06:00:00+00:00', try_number=1, map_index=-1) to LocalExecutor with priority 1 and queue default
2025-03-23 10:50:50,102 INFO - Adding to queue: ['airflow', 'tasks', 'run', 'snowflake_data_pipeline', 'process_new_data', 'scheduled__2025-03-23T06:00:00+00:00', '--local', '--subdir', 'DAGS_FOLDER/check_data_availabilty.py']
2025-03-23 10:50:50,106 INFO - Received executor event with state success for task instance TaskInstanceKey(dag_id='snowflake_data_pipeline', task_id='check_new_data', run_id='scheduled__2025-03-23T06:00:00+00:00', try_number=2, map_index=-1)
2025-03-23 10:50:50,110 INFO - TaskInstance Finished: dag_id=snowflake_data_pipeline, task_id=check_new_data, run_id=scheduled__2025-03-23T06:00:00+00:00, map_index=-1, run_start_date=2025-03-23 10:50:48.789737+00:00, run_end_date=2025-03-23 10:50:49.792876+00:00, run_duration=1.003139, state=success, executor=LocalExecutor(parallelism=32), executor_state=success, try_number=2, max_tries=1, job_id=128, pool=default_pool, queue=default, priority_weight=2, operator=SqlSensor, queued_dttm=2025-03-23 10:50:48.158203+00:00, queued_by_job_id=47, pid=14360
2025-03-23 10:50:50,113 INFO - QueuedLocalWorker running ['airflow', 'tasks', 'run', 'snowflake_data_pipeline', 'process_new_data', 'scheduled__2025-03-23T06:00:00+00:00', '--local', '--subdir', 'DAGS_FOLDER/check_data_availabilty.py']
2025-03-23 10:50:50,208 INFO - Filling up the DagBag from /home/ravi/analytics_platform/Insurance_analytics/***/dags/check_data_availabilty.py
2025-03-23 10:50:50,654 INFO - Running <TaskInstance: snowflake_data_pipeline.process_new_data scheduled__2025-03-23T06:00:00+00:00 [queued]> on host LAPTOP-4RSLRQ9T.
2025-03-23 10:50:55,474 INFO - Received executor event with state success for task instance TaskInstanceKey(dag_id='snowflake_data_pipeline', task_id='process_new_data', run_id='scheduled__2025-03-23T06:00:00+00:00', try_number=1, map_index=-1)
2025-03-23 10:50:55,477 INFO - TaskInstance Finished: dag_id=snowflake_data_pipeline, task_id=process_new_data, run_id=scheduled__2025-03-23T06:00:00+00:00, map_index=-1, run_start_date=2025-03-23 10:50:50.716843+00:00, run_end_date=2025-03-23 10:50:54.759351+00:00, run_duration=4.042508, state=up_for_retry, executor=LocalExecutor(parallelism=32), executor_state=success, try_number=1, max_tries=1, job_id=129, pool=default_pool, queue=default, priority_weight=1, operator=SqlSensor, queued_dttm=2025-03-23 10:50:50.100650+00:00, queued_by_job_id=47, pid=14401
2025-03-23 10:52:09,933 INFO - 1 tasks up for execution:
	<TaskInstance: snowflake_data_pipeline.check_new_data manual__2025-03-23T10:51:00.249849+00:00 [scheduled]>
2025-03-23 10:52:09,933 INFO - DAG snowflake_data_pipeline has 0/16 running and queued tasks
2025-03-23 10:52:09,933 INFO - Setting the following tasks to queued state:
	<TaskInstance: snowflake_data_pipeline.check_new_data manual__2025-03-23T10:51:00.249849+00:00 [scheduled]>
2025-03-23 10:52:09,935 INFO - Trying to enqueue tasks: [<TaskInstance: snowflake_data_pipeline.check_new_data manual__2025-03-23T10:51:00.249849+00:00 [scheduled]>] for executor: LocalExecutor(parallelism=32)
2025-03-23 10:52:09,935 INFO - Sending TaskInstanceKey(dag_id='snowflake_data_pipeline', task_id='check_new_data', run_id='manual__2025-03-23T10:51:00.249849+00:00', try_number=1, map_index=-1) to LocalExecutor with priority 2 and queue default
2025-03-23 10:52:09,936 INFO - Adding to queue: ['airflow', 'tasks', 'run', 'snowflake_data_pipeline', 'check_new_data', 'manual__2025-03-23T10:51:00.249849+00:00', '--local', '--subdir', 'DAGS_FOLDER/check_data_availabilty.py']
2025-03-23 10:52:09,948 INFO - QueuedLocalWorker running ['airflow', 'tasks', 'run', 'snowflake_data_pipeline', 'check_new_data', 'manual__2025-03-23T10:51:00.249849+00:00', '--local', '--subdir', 'DAGS_FOLDER/check_data_availabilty.py']
2025-03-23 10:52:10,069 INFO - Filling up the DagBag from /home/ravi/analytics_platform/Insurance_analytics/***/dags/check_data_availabilty.py
2025-03-23 10:52:10,551 INFO - Running <TaskInstance: snowflake_data_pipeline.check_new_data manual__2025-03-23T10:51:00.249849+00:00 [queued]> on host LAPTOP-4RSLRQ9T.
2025-03-23 10:52:12,392 INFO - 1 tasks up for execution:
	<TaskInstance: snowflake_data_pipeline.process_new_data manual__2025-03-23T10:51:00.249849+00:00 [scheduled]>
2025-03-23 10:52:12,392 INFO - DAG snowflake_data_pipeline has 0/16 running and queued tasks
2025-03-23 10:52:12,393 INFO - Setting the following tasks to queued state:
	<TaskInstance: snowflake_data_pipeline.process_new_data manual__2025-03-23T10:51:00.249849+00:00 [scheduled]>
2025-03-23 10:52:12,393 INFO - Trying to enqueue tasks: [<TaskInstance: snowflake_data_pipeline.process_new_data manual__2025-03-23T10:51:00.249849+00:00 [scheduled]>] for executor: LocalExecutor(parallelism=32)
2025-03-23 10:52:12,394 INFO - Sending TaskInstanceKey(dag_id='snowflake_data_pipeline', task_id='process_new_data', run_id='manual__2025-03-23T10:51:00.249849+00:00', try_number=1, map_index=-1) to LocalExecutor with priority 1 and queue default
2025-03-23 10:52:12,394 INFO - Adding to queue: ['airflow', 'tasks', 'run', 'snowflake_data_pipeline', 'process_new_data', 'manual__2025-03-23T10:51:00.249849+00:00', '--local', '--subdir', 'DAGS_FOLDER/check_data_availabilty.py']
2025-03-23 10:52:12,398 INFO - Received executor event with state success for task instance TaskInstanceKey(dag_id='snowflake_data_pipeline', task_id='check_new_data', run_id='manual__2025-03-23T10:51:00.249849+00:00', try_number=1, map_index=-1)
2025-03-23 10:52:12,402 INFO - TaskInstance Finished: dag_id=snowflake_data_pipeline, task_id=check_new_data, run_id=manual__2025-03-23T10:51:00.249849+00:00, map_index=-1, run_start_date=2025-03-23 10:52:10.626791+00:00, run_end_date=2025-03-23 10:52:11.576250+00:00, run_duration=0.949459, state=success, executor=LocalExecutor(parallelism=32), executor_state=success, try_number=1, max_tries=1, job_id=130, pool=default_pool, queue=default, priority_weight=2, operator=SqlSensor, queued_dttm=2025-03-23 10:52:09.934097+00:00, queued_by_job_id=47, pid=14698
2025-03-23 10:52:12,405 INFO - QueuedLocalWorker running ['airflow', 'tasks', 'run', 'snowflake_data_pipeline', 'process_new_data', 'manual__2025-03-23T10:51:00.249849+00:00', '--local', '--subdir', 'DAGS_FOLDER/check_data_availabilty.py']
2025-03-23 10:52:12,535 INFO - Filling up the DagBag from /home/ravi/analytics_platform/Insurance_analytics/***/dags/check_data_availabilty.py
2025-03-23 10:52:13,009 INFO - Running <TaskInstance: snowflake_data_pipeline.process_new_data manual__2025-03-23T10:51:00.249849+00:00 [queued]> on host LAPTOP-4RSLRQ9T.
2025-03-23 10:52:15,020 INFO - Received executor event with state success for task instance TaskInstanceKey(dag_id='snowflake_data_pipeline', task_id='process_new_data', run_id='manual__2025-03-23T10:51:00.249849+00:00', try_number=1, map_index=-1)
2025-03-23 10:52:15,022 INFO - TaskInstance Finished: dag_id=snowflake_data_pipeline, task_id=process_new_data, run_id=manual__2025-03-23T10:51:00.249849+00:00, map_index=-1, run_start_date=2025-03-23 10:52:13.079306+00:00, run_end_date=2025-03-23 10:52:14.249751+00:00, run_duration=1.170445, state=up_for_retry, executor=LocalExecutor(parallelism=32), executor_state=success, try_number=1, max_tries=1, job_id=131, pool=default_pool, queue=default, priority_weight=1, operator=SqlSensor, queued_dttm=2025-03-23 10:52:12.393295+00:00, queued_by_job_id=47, pid=14739
2025-03-23 10:52:31,326 INFO - 1 tasks up for execution:
	<TaskInstance: snowflake_data_pipeline.process_new_data manual__2025-03-23T10:46:48.219892+00:00 [scheduled]>
2025-03-23 10:52:31,326 INFO - DAG snowflake_data_pipeline has 0/16 running and queued tasks
2025-03-23 10:52:31,326 INFO - Setting the following tasks to queued state:
	<TaskInstance: snowflake_data_pipeline.process_new_data manual__2025-03-23T10:46:48.219892+00:00 [scheduled]>
2025-03-23 10:52:31,328 INFO - Trying to enqueue tasks: [<TaskInstance: snowflake_data_pipeline.process_new_data manual__2025-03-23T10:46:48.219892+00:00 [scheduled]>] for executor: LocalExecutor(parallelism=32)
2025-03-23 10:52:31,328 INFO - Sending TaskInstanceKey(dag_id='snowflake_data_pipeline', task_id='process_new_data', run_id='manual__2025-03-23T10:46:48.219892+00:00', try_number=2, map_index=-1) to LocalExecutor with priority 1 and queue default
2025-03-23 10:52:31,328 INFO - Adding to queue: ['airflow', 'tasks', 'run', 'snowflake_data_pipeline', 'process_new_data', 'manual__2025-03-23T10:46:48.219892+00:00', '--local', '--subdir', 'DAGS_FOLDER/check_data_availabilty.py']
2025-03-23 10:52:31,338 INFO - QueuedLocalWorker running ['airflow', 'tasks', 'run', 'snowflake_data_pipeline', 'process_new_data', 'manual__2025-03-23T10:46:48.219892+00:00', '--local', '--subdir', 'DAGS_FOLDER/check_data_availabilty.py']
2025-03-23 10:52:31,463 INFO - Filling up the DagBag from /home/ravi/analytics_platform/Insurance_analytics/***/dags/check_data_availabilty.py
2025-03-23 10:52:31,942 INFO - Running <TaskInstance: snowflake_data_pipeline.process_new_data manual__2025-03-23T10:46:48.219892+00:00 [queued]> on host LAPTOP-4RSLRQ9T.
2025-03-23 10:52:33,639 ERROR - Marking run <DagRun snowflake_data_pipeline @ 2025-03-23 10:46:48.219892+00:00: manual__2025-03-23T10:46:48.219892+00:00, state:running, queued_at: 2025-03-23 10:46:48.233676+00:00. externally triggered: True> failed
2025-03-23 10:52:33,640 INFO - DagRun Finished: dag_id=snowflake_data_pipeline, execution_date=2025-03-23 10:46:48.219892+00:00, run_id=manual__2025-03-23T10:46:48.219892+00:00, run_start_date=2025-03-23 10:47:26.778013+00:00, run_end_date=2025-03-23 10:52:33.640043+00:00, run_duration=306.86203, state=failed, external_trigger=True, run_type=manual, data_interval_start=2025-03-23 09:00:00+00:00, data_interval_end=2025-03-23 10:00:00+00:00, dag_hash=bfbf7632056508c88c340ad2d476f394
2025-03-23 10:52:33,745 INFO - Received executor event with state success for task instance TaskInstanceKey(dag_id='snowflake_data_pipeline', task_id='process_new_data', run_id='manual__2025-03-23T10:46:48.219892+00:00', try_number=2, map_index=-1)
2025-03-23 10:52:33,748 INFO - TaskInstance Finished: dag_id=snowflake_data_pipeline, task_id=process_new_data, run_id=manual__2025-03-23T10:46:48.219892+00:00, map_index=-1, run_start_date=2025-03-23 10:52:31.998263+00:00, run_end_date=2025-03-23 10:52:33.152723+00:00, run_duration=1.15446, state=failed, executor=LocalExecutor(parallelism=32), executor_state=success, try_number=2, max_tries=1, job_id=132, pool=default_pool, queue=default, priority_weight=1, operator=SqlSensor, queued_dttm=2025-03-23 10:52:31.327130+00:00, queued_by_job_id=47, pid=14836
2025-03-23 10:52:40,720 INFO - DAG snowflake_data_pipeline is at (or above) max_active_runs (16 of 16), not creating any more runs
2025-03-23 10:52:40,830 INFO - 2 tasks up for execution:
	<TaskInstance: snowflake_data_pipeline.check_new_data scheduled__2025-03-23T08:00:00+00:00 [scheduled]>
	<TaskInstance: snowflake_data_pipeline.process_new_data scheduled__2025-03-23T07:00:00+00:00 [scheduled]>
2025-03-23 10:52:40,830 INFO - DAG snowflake_data_pipeline has 0/16 running and queued tasks
2025-03-23 10:52:40,831 INFO - DAG snowflake_data_pipeline has 1/16 running and queued tasks
2025-03-23 10:52:40,831 INFO - Setting the following tasks to queued state:
	<TaskInstance: snowflake_data_pipeline.check_new_data scheduled__2025-03-23T08:00:00+00:00 [scheduled]>
	<TaskInstance: snowflake_data_pipeline.process_new_data scheduled__2025-03-23T07:00:00+00:00 [scheduled]>
2025-03-23 10:52:40,832 INFO - Trying to enqueue tasks: [<TaskInstance: snowflake_data_pipeline.check_new_data scheduled__2025-03-23T08:00:00+00:00 [scheduled]>, <TaskInstance: snowflake_data_pipeline.process_new_data scheduled__2025-03-23T07:00:00+00:00 [scheduled]>] for executor: LocalExecutor(parallelism=32)
2025-03-23 10:52:40,833 INFO - Sending TaskInstanceKey(dag_id='snowflake_data_pipeline', task_id='check_new_data', run_id='scheduled__2025-03-23T08:00:00+00:00', try_number=1, map_index=-1) to LocalExecutor with priority 2 and queue default
2025-03-23 10:52:40,833 INFO - Adding to queue: ['airflow', 'tasks', 'run', 'snowflake_data_pipeline', 'check_new_data', 'scheduled__2025-03-23T08:00:00+00:00', '--local', '--subdir', 'DAGS_FOLDER/check_data_availabilty.py']
2025-03-23 10:52:40,833 INFO - Sending TaskInstanceKey(dag_id='snowflake_data_pipeline', task_id='process_new_data', run_id='scheduled__2025-03-23T07:00:00+00:00', try_number=2, map_index=-1) to LocalExecutor with priority 1 and queue default
2025-03-23 10:52:40,833 INFO - Adding to queue: ['airflow', 'tasks', 'run', 'snowflake_data_pipeline', 'process_new_data', 'scheduled__2025-03-23T07:00:00+00:00', '--local', '--subdir', 'DAGS_FOLDER/check_data_availabilty.py']
2025-03-23 10:52:40,840 INFO - QueuedLocalWorker running ['airflow', 'tasks', 'run', 'snowflake_data_pipeline', 'process_new_data', 'scheduled__2025-03-23T07:00:00+00:00', '--local', '--subdir', 'DAGS_FOLDER/check_data_availabilty.py']
2025-03-23 10:52:40,844 INFO - QueuedLocalWorker running ['airflow', 'tasks', 'run', 'snowflake_data_pipeline', 'check_new_data', 'scheduled__2025-03-23T08:00:00+00:00', '--local', '--subdir', 'DAGS_FOLDER/check_data_availabilty.py']
2025-03-23 10:52:40,951 INFO - Filling up the DagBag from /home/ravi/analytics_platform/Insurance_analytics/***/dags/check_data_availabilty.py
2025-03-23 10:52:40,971 INFO - Filling up the DagBag from /home/ravi/analytics_platform/Insurance_analytics/***/dags/check_data_availabilty.py
2025-03-23 10:52:41,485 INFO - Running <TaskInstance: snowflake_data_pipeline.process_new_data scheduled__2025-03-23T07:00:00+00:00 [queued]> on host LAPTOP-4RSLRQ9T.
2025-03-23 10:52:41,532 INFO - Running <TaskInstance: snowflake_data_pipeline.check_new_data scheduled__2025-03-23T08:00:00+00:00 [queued]> on host LAPTOP-4RSLRQ9T.
2025-03-23 10:52:43,240 ERROR - Marking run <DagRun snowflake_data_pipeline @ 2025-03-23 07:00:00+00:00: scheduled__2025-03-23T07:00:00+00:00, state:running, queued_at: 2025-03-23 10:47:37.019384+00:00. externally triggered: False> failed
2025-03-23 10:52:43,241 INFO - DagRun Finished: dag_id=snowflake_data_pipeline, execution_date=2025-03-23 07:00:00+00:00, run_id=scheduled__2025-03-23T07:00:00+00:00, run_start_date=2025-03-23 10:47:37.039594+00:00, run_end_date=2025-03-23 10:52:43.241108+00:00, run_duration=306.201514, state=failed, external_trigger=False, run_type=scheduled, data_interval_start=2025-03-23 07:00:00+00:00, data_interval_end=2025-03-23 08:00:00+00:00, dag_hash=bfbf7632056508c88c340ad2d476f394
2025-03-23 10:52:43,250 INFO - Setting next_dagrun for snowflake_data_pipeline to 2025-03-23 08:00:00+00:00, run_after=2025-03-23 09:00:00+00:00
2025-03-23 10:52:43,367 INFO - 1 tasks up for execution:
	<TaskInstance: snowflake_data_pipeline.process_new_data scheduled__2025-03-23T08:00:00+00:00 [scheduled]>
2025-03-23 10:52:43,367 INFO - DAG snowflake_data_pipeline has 0/16 running and queued tasks
2025-03-23 10:52:43,367 INFO - Setting the following tasks to queued state:
	<TaskInstance: snowflake_data_pipeline.process_new_data scheduled__2025-03-23T08:00:00+00:00 [scheduled]>
2025-03-23 10:52:43,369 INFO - Trying to enqueue tasks: [<TaskInstance: snowflake_data_pipeline.process_new_data scheduled__2025-03-23T08:00:00+00:00 [scheduled]>] for executor: LocalExecutor(parallelism=32)
2025-03-23 10:52:43,370 INFO - Sending TaskInstanceKey(dag_id='snowflake_data_pipeline', task_id='process_new_data', run_id='scheduled__2025-03-23T08:00:00+00:00', try_number=1, map_index=-1) to LocalExecutor with priority 1 and queue default
2025-03-23 10:52:43,370 INFO - Adding to queue: ['airflow', 'tasks', 'run', 'snowflake_data_pipeline', 'process_new_data', 'scheduled__2025-03-23T08:00:00+00:00', '--local', '--subdir', 'DAGS_FOLDER/check_data_availabilty.py']
2025-03-23 10:52:43,375 INFO - Received executor event with state success for task instance TaskInstanceKey(dag_id='snowflake_data_pipeline', task_id='check_new_data', run_id='scheduled__2025-03-23T08:00:00+00:00', try_number=1, map_index=-1)
2025-03-23 10:52:43,375 INFO - Received executor event with state success for task instance TaskInstanceKey(dag_id='snowflake_data_pipeline', task_id='process_new_data', run_id='scheduled__2025-03-23T07:00:00+00:00', try_number=2, map_index=-1)
2025-03-23 10:52:43,383 INFO - TaskInstance Finished: dag_id=snowflake_data_pipeline, task_id=check_new_data, run_id=scheduled__2025-03-23T08:00:00+00:00, map_index=-1, run_start_date=2025-03-23 10:52:41.594252+00:00, run_end_date=2025-03-23 10:52:42.445691+00:00, run_duration=0.851439, state=success, executor=LocalExecutor(parallelism=32), executor_state=success, try_number=1, max_tries=1, job_id=134, pool=default_pool, queue=default, priority_weight=2, operator=SqlSensor, queued_dttm=2025-03-23 10:52:40.831537+00:00, queued_by_job_id=47, pid=14919
2025-03-23 10:52:43,384 INFO - TaskInstance Finished: dag_id=snowflake_data_pipeline, task_id=process_new_data, run_id=scheduled__2025-03-23T07:00:00+00:00, map_index=-1, run_start_date=2025-03-23 10:52:41.549819+00:00, run_end_date=2025-03-23 10:52:42.748009+00:00, run_duration=1.19819, state=failed, executor=LocalExecutor(parallelism=32), executor_state=success, try_number=2, max_tries=1, job_id=133, pool=default_pool, queue=default, priority_weight=1, operator=SqlSensor, queued_dttm=2025-03-23 10:52:40.831537+00:00, queued_by_job_id=47, pid=14913
2025-03-23 10:52:43,378 INFO - QueuedLocalWorker running ['airflow', 'tasks', 'run', 'snowflake_data_pipeline', 'process_new_data', 'scheduled__2025-03-23T08:00:00+00:00', '--local', '--subdir', 'DAGS_FOLDER/check_data_availabilty.py']
2025-03-23 10:52:43,403 INFO - Setting next_dagrun for snowflake_data_pipeline to 2025-03-23 09:00:00+00:00, run_after=2025-03-23 10:00:00+00:00
2025-03-23 10:52:43,499 INFO - Filling up the DagBag from /home/ravi/analytics_platform/Insurance_analytics/***/dags/check_data_availabilty.py
2025-03-23 10:52:43,974 INFO - Running <TaskInstance: snowflake_data_pipeline.process_new_data scheduled__2025-03-23T08:00:00+00:00 [queued]> on host LAPTOP-4RSLRQ9T.
2025-03-23 10:52:44,538 INFO - DAG snowflake_data_pipeline is at (or above) max_active_runs (16 of 16), not creating any more runs
2025-03-23 10:52:44,665 INFO - 1 tasks up for execution:
	<TaskInstance: snowflake_data_pipeline.check_new_data scheduled__2025-03-23T09:00:00+00:00 [scheduled]>
2025-03-23 10:52:44,665 INFO - DAG snowflake_data_pipeline has 1/16 running and queued tasks
2025-03-23 10:52:44,665 INFO - Setting the following tasks to queued state:
	<TaskInstance: snowflake_data_pipeline.check_new_data scheduled__2025-03-23T09:00:00+00:00 [scheduled]>
2025-03-23 10:52:44,666 INFO - Trying to enqueue tasks: [<TaskInstance: snowflake_data_pipeline.check_new_data scheduled__2025-03-23T09:00:00+00:00 [scheduled]>] for executor: LocalExecutor(parallelism=32)
2025-03-23 10:52:44,667 INFO - Sending TaskInstanceKey(dag_id='snowflake_data_pipeline', task_id='check_new_data', run_id='scheduled__2025-03-23T09:00:00+00:00', try_number=1, map_index=-1) to LocalExecutor with priority 2 and queue default
2025-03-23 10:52:44,667 INFO - Adding to queue: ['airflow', 'tasks', 'run', 'snowflake_data_pipeline', 'check_new_data', 'scheduled__2025-03-23T09:00:00+00:00', '--local', '--subdir', 'DAGS_FOLDER/check_data_availabilty.py']
2025-03-23 10:52:44,672 INFO - QueuedLocalWorker running ['airflow', 'tasks', 'run', 'snowflake_data_pipeline', 'check_new_data', 'scheduled__2025-03-23T09:00:00+00:00', '--local', '--subdir', 'DAGS_FOLDER/check_data_availabilty.py']
2025-03-23 10:52:44,795 INFO - Filling up the DagBag from /home/ravi/analytics_platform/Insurance_analytics/***/dags/check_data_availabilty.py
2025-03-23 10:52:45,269 INFO - Running <TaskInstance: snowflake_data_pipeline.check_new_data scheduled__2025-03-23T09:00:00+00:00 [queued]> on host LAPTOP-4RSLRQ9T.
2025-03-23 10:52:45,944 INFO - Received executor event with state success for task instance TaskInstanceKey(dag_id='snowflake_data_pipeline', task_id='process_new_data', run_id='scheduled__2025-03-23T08:00:00+00:00', try_number=1, map_index=-1)
2025-03-23 10:52:45,947 INFO - TaskInstance Finished: dag_id=snowflake_data_pipeline, task_id=process_new_data, run_id=scheduled__2025-03-23T08:00:00+00:00, map_index=-1, run_start_date=2025-03-23 10:52:44.047494+00:00, run_end_date=2025-03-23 10:52:45.163095+00:00, run_duration=1.115601, state=up_for_retry, executor=LocalExecutor(parallelism=32), executor_state=success, try_number=1, max_tries=1, job_id=135, pool=default_pool, queue=default, priority_weight=1, operator=SqlSensor, queued_dttm=2025-03-23 10:52:43.368453+00:00, queued_by_job_id=47, pid=14972
2025-03-23 10:52:47,081 INFO - 1 tasks up for execution:
	<TaskInstance: snowflake_data_pipeline.process_new_data scheduled__2025-03-23T09:00:00+00:00 [scheduled]>
2025-03-23 10:52:47,082 INFO - DAG snowflake_data_pipeline has 0/16 running and queued tasks
2025-03-23 10:52:47,082 INFO - Setting the following tasks to queued state:
	<TaskInstance: snowflake_data_pipeline.process_new_data scheduled__2025-03-23T09:00:00+00:00 [scheduled]>
2025-03-23 10:52:47,083 INFO - Trying to enqueue tasks: [<TaskInstance: snowflake_data_pipeline.process_new_data scheduled__2025-03-23T09:00:00+00:00 [scheduled]>] for executor: LocalExecutor(parallelism=32)
2025-03-23 10:52:47,083 INFO - Sending TaskInstanceKey(dag_id='snowflake_data_pipeline', task_id='process_new_data', run_id='scheduled__2025-03-23T09:00:00+00:00', try_number=1, map_index=-1) to LocalExecutor with priority 1 and queue default
2025-03-23 10:52:47,083 INFO - Adding to queue: ['airflow', 'tasks', 'run', 'snowflake_data_pipeline', 'process_new_data', 'scheduled__2025-03-23T09:00:00+00:00', '--local', '--subdir', 'DAGS_FOLDER/check_data_availabilty.py']
2025-03-23 10:52:47,087 INFO - Received executor event with state success for task instance TaskInstanceKey(dag_id='snowflake_data_pipeline', task_id='check_new_data', run_id='scheduled__2025-03-23T09:00:00+00:00', try_number=1, map_index=-1)
2025-03-23 10:52:47,090 INFO - TaskInstance Finished: dag_id=snowflake_data_pipeline, task_id=check_new_data, run_id=scheduled__2025-03-23T09:00:00+00:00, map_index=-1, run_start_date=2025-03-23 10:52:45.325715+00:00, run_end_date=2025-03-23 10:52:46.140005+00:00, run_duration=0.81429, state=success, executor=LocalExecutor(parallelism=32), executor_state=success, try_number=1, max_tries=1, job_id=136, pool=default_pool, queue=default, priority_weight=2, operator=SqlSensor, queued_dttm=2025-03-23 10:52:44.666202+00:00, queued_by_job_id=47, pid=15013
2025-03-23 10:52:47,089 INFO - QueuedLocalWorker running ['airflow', 'tasks', 'run', 'snowflake_data_pipeline', 'process_new_data', 'scheduled__2025-03-23T09:00:00+00:00', '--local', '--subdir', 'DAGS_FOLDER/check_data_availabilty.py']
2025-03-23 10:52:47,202 INFO - Filling up the DagBag from /home/ravi/analytics_platform/Insurance_analytics/***/dags/check_data_availabilty.py
2025-03-23 10:52:47,653 INFO - Running <TaskInstance: snowflake_data_pipeline.process_new_data scheduled__2025-03-23T09:00:00+00:00 [queued]> on host LAPTOP-4RSLRQ9T.
2025-03-23 10:52:49,510 INFO - Received executor event with state success for task instance TaskInstanceKey(dag_id='snowflake_data_pipeline', task_id='process_new_data', run_id='scheduled__2025-03-23T09:00:00+00:00', try_number=1, map_index=-1)
2025-03-23 10:52:49,512 INFO - TaskInstance Finished: dag_id=snowflake_data_pipeline, task_id=process_new_data, run_id=scheduled__2025-03-23T09:00:00+00:00, map_index=-1, run_start_date=2025-03-23 10:52:47.717259+00:00, run_end_date=2025-03-23 10:52:48.912635+00:00, run_duration=1.195376, state=up_for_retry, executor=LocalExecutor(parallelism=32), executor_state=success, try_number=1, max_tries=1, job_id=137, pool=default_pool, queue=default, priority_weight=1, operator=SqlSensor, queued_dttm=2025-03-23 10:52:47.082567+00:00, queued_by_job_id=47, pid=15054
2025-03-23 10:52:55,842 INFO - Adopting or resetting orphaned tasks for active dag runs
2025-03-23 10:53:30,308 INFO - 9 tasks up for execution:
	<TaskInstance: snowflake_data_pipeline.process_new_data scheduled__2025-03-22T18:00:00+00:00 [scheduled]>
	<TaskInstance: snowflake_data_pipeline.process_new_data scheduled__2025-03-22T19:00:00+00:00 [scheduled]>
	<TaskInstance: snowflake_data_pipeline.process_new_data scheduled__2025-03-22T20:00:00+00:00 [scheduled]>
	<TaskInstance: snowflake_data_pipeline.process_new_data scheduled__2025-03-22T23:00:00+00:00 [scheduled]>
	<TaskInstance: snowflake_data_pipeline.process_new_data scheduled__2025-03-23T00:00:00+00:00 [scheduled]>
	<TaskInstance: snowflake_data_pipeline.process_new_data scheduled__2025-03-23T01:00:00+00:00 [scheduled]>
	<TaskInstance: snowflake_data_pipeline.process_new_data scheduled__2025-03-23T02:00:00+00:00 [scheduled]>
	<TaskInstance: snowflake_data_pipeline.process_new_data scheduled__2025-03-23T03:00:00+00:00 [scheduled]>
	<TaskInstance: snowflake_data_pipeline.process_new_data scheduled__2025-03-23T04:00:00+00:00 [scheduled]>
2025-03-23 10:53:30,309 INFO - DAG snowflake_data_pipeline has 0/16 running and queued tasks
2025-03-23 10:53:30,310 INFO - DAG snowflake_data_pipeline has 1/16 running and queued tasks
2025-03-23 10:53:30,310 INFO - DAG snowflake_data_pipeline has 2/16 running and queued tasks
2025-03-23 10:53:30,310 INFO - DAG snowflake_data_pipeline has 3/16 running and queued tasks
2025-03-23 10:53:30,310 INFO - DAG snowflake_data_pipeline has 4/16 running and queued tasks
2025-03-23 10:53:30,310 INFO - DAG snowflake_data_pipeline has 5/16 running and queued tasks
2025-03-23 10:53:30,310 INFO - DAG snowflake_data_pipeline has 6/16 running and queued tasks
2025-03-23 10:53:30,311 INFO - DAG snowflake_data_pipeline has 7/16 running and queued tasks
2025-03-23 10:53:30,311 INFO - DAG snowflake_data_pipeline has 8/16 running and queued tasks
2025-03-23 10:53:30,311 INFO - Setting the following tasks to queued state:
	<TaskInstance: snowflake_data_pipeline.process_new_data scheduled__2025-03-22T18:00:00+00:00 [scheduled]>
	<TaskInstance: snowflake_data_pipeline.process_new_data scheduled__2025-03-22T19:00:00+00:00 [scheduled]>
	<TaskInstance: snowflake_data_pipeline.process_new_data scheduled__2025-03-22T20:00:00+00:00 [scheduled]>
	<TaskInstance: snowflake_data_pipeline.process_new_data scheduled__2025-03-22T23:00:00+00:00 [scheduled]>
	<TaskInstance: snowflake_data_pipeline.process_new_data scheduled__2025-03-23T00:00:00+00:00 [scheduled]>
	<TaskInstance: snowflake_data_pipeline.process_new_data scheduled__2025-03-23T01:00:00+00:00 [scheduled]>
	<TaskInstance: snowflake_data_pipeline.process_new_data scheduled__2025-03-23T02:00:00+00:00 [scheduled]>
	<TaskInstance: snowflake_data_pipeline.process_new_data scheduled__2025-03-23T03:00:00+00:00 [scheduled]>
	<TaskInstance: snowflake_data_pipeline.process_new_data scheduled__2025-03-23T04:00:00+00:00 [scheduled]>
2025-03-23 10:53:30,312 INFO - Trying to enqueue tasks: [<TaskInstance: snowflake_data_pipeline.process_new_data scheduled__2025-03-22T18:00:00+00:00 [scheduled]>, <TaskInstance: snowflake_data_pipeline.process_new_data scheduled__2025-03-22T19:00:00+00:00 [scheduled]>, <TaskInstance: snowflake_data_pipeline.process_new_data scheduled__2025-03-22T20:00:00+00:00 [scheduled]>, <TaskInstance: snowflake_data_pipeline.process_new_data scheduled__2025-03-22T23:00:00+00:00 [scheduled]>, <TaskInstance: snowflake_data_pipeline.process_new_data scheduled__2025-03-23T00:00:00+00:00 [scheduled]>, <TaskInstance: snowflake_data_pipeline.process_new_data scheduled__2025-03-23T01:00:00+00:00 [scheduled]>, <TaskInstance: snowflake_data_pipeline.process_new_data scheduled__2025-03-23T02:00:00+00:00 [scheduled]>, <TaskInstance: snowflake_data_pipeline.process_new_data scheduled__2025-03-23T03:00:00+00:00 [scheduled]>, <TaskInstance: snowflake_data_pipeline.process_new_data scheduled__2025-03-23T04:00:00+00:00 [scheduled]>] for executor: LocalExecutor(parallelism=32)
2025-03-23 10:53:30,313 INFO - Sending TaskInstanceKey(dag_id='snowflake_data_pipeline', task_id='process_new_data', run_id='scheduled__2025-03-22T18:00:00+00:00', try_number=2, map_index=-1) to LocalExecutor with priority 1 and queue default
2025-03-23 10:53:30,313 INFO - Adding to queue: ['airflow', 'tasks', 'run', 'snowflake_data_pipeline', 'process_new_data', 'scheduled__2025-03-22T18:00:00+00:00', '--local', '--subdir', 'DAGS_FOLDER/check_data_availabilty.py']
2025-03-23 10:53:30,313 INFO - Sending TaskInstanceKey(dag_id='snowflake_data_pipeline', task_id='process_new_data', run_id='scheduled__2025-03-22T19:00:00+00:00', try_number=2, map_index=-1) to LocalExecutor with priority 1 and queue default
2025-03-23 10:53:30,313 INFO - Adding to queue: ['airflow', 'tasks', 'run', 'snowflake_data_pipeline', 'process_new_data', 'scheduled__2025-03-22T19:00:00+00:00', '--local', '--subdir', 'DAGS_FOLDER/check_data_availabilty.py']
2025-03-23 10:53:30,313 INFO - Sending TaskInstanceKey(dag_id='snowflake_data_pipeline', task_id='process_new_data', run_id='scheduled__2025-03-22T20:00:00+00:00', try_number=2, map_index=-1) to LocalExecutor with priority 1 and queue default
2025-03-23 10:53:30,313 INFO - Adding to queue: ['airflow', 'tasks', 'run', 'snowflake_data_pipeline', 'process_new_data', 'scheduled__2025-03-22T20:00:00+00:00', '--local', '--subdir', 'DAGS_FOLDER/check_data_availabilty.py']
2025-03-23 10:53:30,314 INFO - Sending TaskInstanceKey(dag_id='snowflake_data_pipeline', task_id='process_new_data', run_id='scheduled__2025-03-22T23:00:00+00:00', try_number=2, map_index=-1) to LocalExecutor with priority 1 and queue default
2025-03-23 10:53:30,314 INFO - Adding to queue: ['airflow', 'tasks', 'run', 'snowflake_data_pipeline', 'process_new_data', 'scheduled__2025-03-22T23:00:00+00:00', '--local', '--subdir', 'DAGS_FOLDER/check_data_availabilty.py']
2025-03-23 10:53:30,314 INFO - Sending TaskInstanceKey(dag_id='snowflake_data_pipeline', task_id='process_new_data', run_id='scheduled__2025-03-23T00:00:00+00:00', try_number=2, map_index=-1) to LocalExecutor with priority 1 and queue default
2025-03-23 10:53:30,314 INFO - Adding to queue: ['airflow', 'tasks', 'run', 'snowflake_data_pipeline', 'process_new_data', 'scheduled__2025-03-23T00:00:00+00:00', '--local', '--subdir', 'DAGS_FOLDER/check_data_availabilty.py']
2025-03-23 10:53:30,314 INFO - Sending TaskInstanceKey(dag_id='snowflake_data_pipeline', task_id='process_new_data', run_id='scheduled__2025-03-23T01:00:00+00:00', try_number=2, map_index=-1) to LocalExecutor with priority 1 and queue default
2025-03-23 10:53:30,314 INFO - Adding to queue: ['airflow', 'tasks', 'run', 'snowflake_data_pipeline', 'process_new_data', 'scheduled__2025-03-23T01:00:00+00:00', '--local', '--subdir', 'DAGS_FOLDER/check_data_availabilty.py']
2025-03-23 10:53:30,314 INFO - Sending TaskInstanceKey(dag_id='snowflake_data_pipeline', task_id='process_new_data', run_id='scheduled__2025-03-23T02:00:00+00:00', try_number=2, map_index=-1) to LocalExecutor with priority 1 and queue default
2025-03-23 10:53:30,315 INFO - Adding to queue: ['airflow', 'tasks', 'run', 'snowflake_data_pipeline', 'process_new_data', 'scheduled__2025-03-23T02:00:00+00:00', '--local', '--subdir', 'DAGS_FOLDER/check_data_availabilty.py']
2025-03-23 10:53:30,315 INFO - Sending TaskInstanceKey(dag_id='snowflake_data_pipeline', task_id='process_new_data', run_id='scheduled__2025-03-23T03:00:00+00:00', try_number=2, map_index=-1) to LocalExecutor with priority 1 and queue default
2025-03-23 10:53:30,315 INFO - Adding to queue: ['airflow', 'tasks', 'run', 'snowflake_data_pipeline', 'process_new_data', 'scheduled__2025-03-23T03:00:00+00:00', '--local', '--subdir', 'DAGS_FOLDER/check_data_availabilty.py']
2025-03-23 10:53:30,315 INFO - Sending TaskInstanceKey(dag_id='snowflake_data_pipeline', task_id='process_new_data', run_id='scheduled__2025-03-23T04:00:00+00:00', try_number=2, map_index=-1) to LocalExecutor with priority 1 and queue default
2025-03-23 10:53:30,315 INFO - Adding to queue: ['airflow', 'tasks', 'run', 'snowflake_data_pipeline', 'process_new_data', 'scheduled__2025-03-23T04:00:00+00:00', '--local', '--subdir', 'DAGS_FOLDER/check_data_availabilty.py']
2025-03-23 10:53:30,327 INFO - QueuedLocalWorker running ['airflow', 'tasks', 'run', 'snowflake_data_pipeline', 'process_new_data', 'scheduled__2025-03-23T02:00:00+00:00', '--local', '--subdir', 'DAGS_FOLDER/check_data_availabilty.py']
2025-03-23 10:53:30,330 INFO - QueuedLocalWorker running ['airflow', 'tasks', 'run', 'snowflake_data_pipeline', 'process_new_data', 'scheduled__2025-03-23T04:00:00+00:00', '--local', '--subdir', 'DAGS_FOLDER/check_data_availabilty.py']
2025-03-23 10:53:30,323 INFO - QueuedLocalWorker running ['airflow', 'tasks', 'run', 'snowflake_data_pipeline', 'process_new_data', 'scheduled__2025-03-22T20:00:00+00:00', '--local', '--subdir', 'DAGS_FOLDER/check_data_availabilty.py']
2025-03-23 10:53:30,323 INFO - QueuedLocalWorker running ['airflow', 'tasks', 'run', 'snowflake_data_pipeline', 'process_new_data', 'scheduled__2025-03-22T18:00:00+00:00', '--local', '--subdir', 'DAGS_FOLDER/check_data_availabilty.py']
2025-03-23 10:53:30,325 INFO - QueuedLocalWorker running ['airflow', 'tasks', 'run', 'snowflake_data_pipeline', 'process_new_data', 'scheduled__2025-03-22T19:00:00+00:00', '--local', '--subdir', 'DAGS_FOLDER/check_data_availabilty.py']
2025-03-23 10:53:30,328 INFO - QueuedLocalWorker running ['airflow', 'tasks', 'run', 'snowflake_data_pipeline', 'process_new_data', 'scheduled__2025-03-22T23:00:00+00:00', '--local', '--subdir', 'DAGS_FOLDER/check_data_availabilty.py']
2025-03-23 10:53:30,333 INFO - QueuedLocalWorker running ['airflow', 'tasks', 'run', 'snowflake_data_pipeline', 'process_new_data', 'scheduled__2025-03-23T00:00:00+00:00', '--local', '--subdir', 'DAGS_FOLDER/check_data_availabilty.py']
2025-03-23 10:53:30,336 INFO - QueuedLocalWorker running ['airflow', 'tasks', 'run', 'snowflake_data_pipeline', 'process_new_data', 'scheduled__2025-03-23T03:00:00+00:00', '--local', '--subdir', 'DAGS_FOLDER/check_data_availabilty.py']
2025-03-23 10:53:30,341 INFO - QueuedLocalWorker running ['airflow', 'tasks', 'run', 'snowflake_data_pipeline', 'process_new_data', 'scheduled__2025-03-23T01:00:00+00:00', '--local', '--subdir', 'DAGS_FOLDER/check_data_availabilty.py']
2025-03-23 10:53:30,375 INFO - Filling up the DagBag from /home/ravi/analytics_platform/Insurance_analytics/***/dags/check_data_availabilty.py
2025-03-23 10:53:30,380 INFO - Filling up the DagBag from /home/ravi/analytics_platform/Insurance_analytics/***/dags/check_data_availabilty.py
2025-03-23 10:53:30,416 INFO - Filling up the DagBag from /home/ravi/analytics_platform/Insurance_analytics/***/dags/check_data_availabilty.py
2025-03-23 10:53:30,501 INFO - Filling up the DagBag from /home/ravi/analytics_platform/Insurance_analytics/***/dags/check_data_availabilty.py
2025-03-23 10:53:30,535 INFO - Filling up the DagBag from /home/ravi/analytics_platform/Insurance_analytics/***/dags/check_data_availabilty.py
2025-03-23 10:53:30,533 INFO - Filling up the DagBag from /home/ravi/analytics_platform/Insurance_analytics/***/dags/check_data_availabilty.py
2025-03-23 10:53:30,528 INFO - Filling up the DagBag from /home/ravi/analytics_platform/Insurance_analytics/***/dags/check_data_availabilty.py
2025-03-23 10:53:30,551 INFO - Filling up the DagBag from /home/ravi/analytics_platform/Insurance_analytics/***/dags/check_data_availabilty.py
2025-03-23 10:53:30,568 INFO - Filling up the DagBag from /home/ravi/analytics_platform/Insurance_analytics/***/dags/check_data_availabilty.py
2025-03-23 10:53:32,782 INFO - Running <TaskInstance: snowflake_data_pipeline.process_new_data scheduled__2025-03-23T02:00:00+00:00 [queued]> on host LAPTOP-4RSLRQ9T.
2025-03-23 10:53:32,788 INFO - Running <TaskInstance: snowflake_data_pipeline.process_new_data scheduled__2025-03-23T04:00:00+00:00 [queued]> on host LAPTOP-4RSLRQ9T.
2025-03-23 10:53:32,986 INFO - Running <TaskInstance: snowflake_data_pipeline.process_new_data scheduled__2025-03-23T03:00:00+00:00 [queued]> on host LAPTOP-4RSLRQ9T.
2025-03-23 10:53:33,316 INFO - Running <TaskInstance: snowflake_data_pipeline.process_new_data scheduled__2025-03-22T23:00:00+00:00 [queued]> on host LAPTOP-4RSLRQ9T.
2025-03-23 10:53:33,409 INFO - Running <TaskInstance: snowflake_data_pipeline.process_new_data scheduled__2025-03-23T01:00:00+00:00 [queued]> on host LAPTOP-4RSLRQ9T.
2025-03-23 10:53:33,458 INFO - Running <TaskInstance: snowflake_data_pipeline.process_new_data scheduled__2025-03-22T20:00:00+00:00 [queued]> on host LAPTOP-4RSLRQ9T.
2025-03-23 10:53:33,474 INFO - Running <TaskInstance: snowflake_data_pipeline.process_new_data scheduled__2025-03-22T18:00:00+00:00 [queued]> on host LAPTOP-4RSLRQ9T.
2025-03-23 10:53:33,564 INFO - Running <TaskInstance: snowflake_data_pipeline.process_new_data scheduled__2025-03-22T19:00:00+00:00 [queued]> on host LAPTOP-4RSLRQ9T.
2025-03-23 10:53:33,648 INFO - Running <TaskInstance: snowflake_data_pipeline.process_new_data scheduled__2025-03-23T00:00:00+00:00 [queued]> on host LAPTOP-4RSLRQ9T.
2025-03-23 10:53:34,417 INFO - 2 tasks up for execution:
	<TaskInstance: snowflake_data_pipeline.process_new_data scheduled__2025-03-22T21:00:00+00:00 [scheduled]>
	<TaskInstance: snowflake_data_pipeline.process_new_data scheduled__2025-03-23T05:00:00+00:00 [scheduled]>
2025-03-23 10:53:34,420 INFO - DAG snowflake_data_pipeline has 9/16 running and queued tasks
2025-03-23 10:53:34,420 INFO - DAG snowflake_data_pipeline has 10/16 running and queued tasks
2025-03-23 10:53:34,421 INFO - Setting the following tasks to queued state:
	<TaskInstance: snowflake_data_pipeline.process_new_data scheduled__2025-03-22T21:00:00+00:00 [scheduled]>
	<TaskInstance: snowflake_data_pipeline.process_new_data scheduled__2025-03-23T05:00:00+00:00 [scheduled]>
2025-03-23 10:53:34,423 INFO - Trying to enqueue tasks: [<TaskInstance: snowflake_data_pipeline.process_new_data scheduled__2025-03-22T21:00:00+00:00 [scheduled]>, <TaskInstance: snowflake_data_pipeline.process_new_data scheduled__2025-03-23T05:00:00+00:00 [scheduled]>] for executor: LocalExecutor(parallelism=32)
2025-03-23 10:53:34,424 INFO - Sending TaskInstanceKey(dag_id='snowflake_data_pipeline', task_id='process_new_data', run_id='scheduled__2025-03-22T21:00:00+00:00', try_number=2, map_index=-1) to LocalExecutor with priority 1 and queue default
2025-03-23 10:53:34,424 INFO - Adding to queue: ['airflow', 'tasks', 'run', 'snowflake_data_pipeline', 'process_new_data', 'scheduled__2025-03-22T21:00:00+00:00', '--local', '--subdir', 'DAGS_FOLDER/check_data_availabilty.py']
2025-03-23 10:53:34,424 INFO - Sending TaskInstanceKey(dag_id='snowflake_data_pipeline', task_id='process_new_data', run_id='scheduled__2025-03-23T05:00:00+00:00', try_number=2, map_index=-1) to LocalExecutor with priority 1 and queue default
2025-03-23 10:53:34,424 INFO - Adding to queue: ['airflow', 'tasks', 'run', 'snowflake_data_pipeline', 'process_new_data', 'scheduled__2025-03-23T05:00:00+00:00', '--local', '--subdir', 'DAGS_FOLDER/check_data_availabilty.py']
2025-03-23 10:53:34,441 INFO - QueuedLocalWorker running ['airflow', 'tasks', 'run', 'snowflake_data_pipeline', 'process_new_data', 'scheduled__2025-03-22T21:00:00+00:00', '--local', '--subdir', 'DAGS_FOLDER/check_data_availabilty.py']
2025-03-23 10:53:34,442 INFO - QueuedLocalWorker running ['airflow', 'tasks', 'run', 'snowflake_data_pipeline', 'process_new_data', 'scheduled__2025-03-23T05:00:00+00:00', '--local', '--subdir', 'DAGS_FOLDER/check_data_availabilty.py']
2025-03-23 10:53:34,549 INFO - Filling up the DagBag from /home/ravi/analytics_platform/Insurance_analytics/***/dags/check_data_availabilty.py
2025-03-23 10:53:34,551 INFO - Filling up the DagBag from /home/ravi/analytics_platform/Insurance_analytics/***/dags/check_data_availabilty.py
2025-03-23 10:53:35,568 ERROR - Marking run <DagRun snowflake_data_pipeline @ 2025-03-23 03:00:00+00:00: scheduled__2025-03-23T03:00:00+00:00, state:running, queued_at: 2025-03-23 10:42:58.742946+00:00. externally triggered: False> failed
2025-03-23 10:53:35,571 INFO - DagRun Finished: dag_id=snowflake_data_pipeline, execution_date=2025-03-23 03:00:00+00:00, run_id=scheduled__2025-03-23T03:00:00+00:00, run_start_date=2025-03-23 10:42:58.764836+00:00, run_end_date=2025-03-23 10:53:35.569312+00:00, run_duration=636.804476, state=failed, external_trigger=False, run_type=scheduled, data_interval_start=2025-03-23 03:00:00+00:00, data_interval_end=2025-03-23 04:00:00+00:00, dag_hash=bfbf7632056508c88c340ad2d476f394
2025-03-23 10:53:35,594 INFO - Setting next_dagrun for snowflake_data_pipeline to 2025-03-23 04:00:00+00:00, run_after=2025-03-23 05:00:00+00:00
2025-03-23 10:53:35,601 ERROR - Marking run <DagRun snowflake_data_pipeline @ 2025-03-23 02:00:00+00:00: scheduled__2025-03-23T02:00:00+00:00, state:running, queued_at: 2025-03-23 10:42:58.565730+00:00. externally triggered: False> failed
2025-03-23 10:53:35,602 INFO - DagRun Finished: dag_id=snowflake_data_pipeline, execution_date=2025-03-23 02:00:00+00:00, run_id=scheduled__2025-03-23T02:00:00+00:00, run_start_date=2025-03-23 10:42:58.583124+00:00, run_end_date=2025-03-23 10:53:35.602180+00:00, run_duration=637.019056, state=failed, external_trigger=False, run_type=scheduled, data_interval_start=2025-03-23 02:00:00+00:00, data_interval_end=2025-03-23 03:00:00+00:00, dag_hash=bfbf7632056508c88c340ad2d476f394
2025-03-23 10:53:35,614 INFO - Setting next_dagrun for snowflake_data_pipeline to 2025-03-23 03:00:00+00:00, run_after=2025-03-23 04:00:00+00:00
2025-03-23 10:53:35,619 ERROR - Marking run <DagRun snowflake_data_pipeline @ 2025-03-22 19:00:00+00:00: scheduled__2025-03-22T19:00:00+00:00, state:running, queued_at: 2025-03-23 10:42:57.669008+00:00. externally triggered: False> failed
2025-03-23 10:53:35,619 INFO - DagRun Finished: dag_id=snowflake_data_pipeline, execution_date=2025-03-22 19:00:00+00:00, run_id=scheduled__2025-03-22T19:00:00+00:00, run_start_date=2025-03-23 10:42:57.677955+00:00, run_end_date=2025-03-23 10:53:35.619638+00:00, run_duration=637.941683, state=failed, external_trigger=False, run_type=scheduled, data_interval_start=2025-03-22 19:00:00+00:00, data_interval_end=2025-03-22 20:00:00+00:00, dag_hash=bfbf7632056508c88c340ad2d476f394
2025-03-23 10:53:35,633 INFO - Setting next_dagrun for snowflake_data_pipeline to 2025-03-22 20:00:00+00:00, run_after=2025-03-22 21:00:00+00:00
2025-03-23 10:53:35,638 ERROR - Marking run <DagRun snowflake_data_pipeline @ 2025-03-23 01:00:00+00:00: scheduled__2025-03-23T01:00:00+00:00, state:running, queued_at: 2025-03-23 10:42:58.406565+00:00. externally triggered: False> failed
2025-03-23 10:53:35,638 INFO - DagRun Finished: dag_id=snowflake_data_pipeline, execution_date=2025-03-23 01:00:00+00:00, run_id=scheduled__2025-03-23T01:00:00+00:00, run_start_date=2025-03-23 10:42:58.427304+00:00, run_end_date=2025-03-23 10:53:35.638657+00:00, run_duration=637.211353, state=failed, external_trigger=False, run_type=scheduled, data_interval_start=2025-03-23 01:00:00+00:00, data_interval_end=2025-03-23 02:00:00+00:00, dag_hash=bfbf7632056508c88c340ad2d476f394
2025-03-23 10:53:35,644 INFO - Setting next_dagrun for snowflake_data_pipeline to 2025-03-23 02:00:00+00:00, run_after=2025-03-23 03:00:00+00:00
2025-03-23 10:53:35,649 ERROR - Marking run <DagRun snowflake_data_pipeline @ 2025-03-22 23:00:00+00:00: scheduled__2025-03-22T23:00:00+00:00, state:running, queued_at: 2025-03-23 10:42:58.032954+00:00. externally triggered: False> failed
2025-03-23 10:53:35,649 INFO - DagRun Finished: dag_id=snowflake_data_pipeline, execution_date=2025-03-22 23:00:00+00:00, run_id=scheduled__2025-03-22T23:00:00+00:00, run_start_date=2025-03-23 10:42:58.048434+00:00, run_end_date=2025-03-23 10:53:35.649721+00:00, run_duration=637.601287, state=failed, external_trigger=False, run_type=scheduled, data_interval_start=2025-03-22 23:00:00+00:00, data_interval_end=2025-03-23 00:00:00+00:00, dag_hash=bfbf7632056508c88c340ad2d476f394
2025-03-23 10:53:35,657 INFO - Setting next_dagrun for snowflake_data_pipeline to 2025-03-23 00:00:00+00:00, run_after=2025-03-23 01:00:00+00:00
2025-03-23 10:53:35,661 ERROR - Marking run <DagRun snowflake_data_pipeline @ 2025-03-22 20:00:00+00:00: scheduled__2025-03-22T20:00:00+00:00, state:running, queued_at: 2025-03-23 10:42:57.744838+00:00. externally triggered: False> failed
2025-03-23 10:53:35,662 INFO - DagRun Finished: dag_id=snowflake_data_pipeline, execution_date=2025-03-22 20:00:00+00:00, run_id=scheduled__2025-03-22T20:00:00+00:00, run_start_date=2025-03-23 10:42:57.754918+00:00, run_end_date=2025-03-23 10:53:35.662421+00:00, run_duration=637.907503, state=failed, external_trigger=False, run_type=scheduled, data_interval_start=2025-03-22 20:00:00+00:00, data_interval_end=2025-03-22 21:00:00+00:00, dag_hash=bfbf7632056508c88c340ad2d476f394
2025-03-23 10:53:35,668 INFO - Setting next_dagrun for snowflake_data_pipeline to 2025-03-22 21:00:00+00:00, run_after=2025-03-22 22:00:00+00:00
2025-03-23 10:53:35,673 ERROR - Marking run <DagRun snowflake_data_pipeline @ 2025-03-23 04:00:00+00:00: scheduled__2025-03-23T04:00:00+00:00, state:running, queued_at: 2025-03-23 10:42:58.948507+00:00. externally triggered: False> failed
2025-03-23 10:53:35,674 INFO - DagRun Finished: dag_id=snowflake_data_pipeline, execution_date=2025-03-23 04:00:00+00:00, run_id=scheduled__2025-03-23T04:00:00+00:00, run_start_date=2025-03-23 10:42:58.967915+00:00, run_end_date=2025-03-23 10:53:35.674245+00:00, run_duration=636.70633, state=failed, external_trigger=False, run_type=scheduled, data_interval_start=2025-03-23 04:00:00+00:00, data_interval_end=2025-03-23 05:00:00+00:00, dag_hash=bfbf7632056508c88c340ad2d476f394
2025-03-23 10:53:35,679 INFO - Setting next_dagrun for snowflake_data_pipeline to 2025-03-23 05:00:00+00:00, run_after=2025-03-23 06:00:00+00:00
2025-03-23 10:53:35,684 ERROR - Marking run <DagRun snowflake_data_pipeline @ 2025-03-23 00:00:00+00:00: scheduled__2025-03-23T00:00:00+00:00, state:running, queued_at: 2025-03-23 10:42:58.244091+00:00. externally triggered: False> failed
2025-03-23 10:53:35,684 INFO - DagRun Finished: dag_id=snowflake_data_pipeline, execution_date=2025-03-23 00:00:00+00:00, run_id=scheduled__2025-03-23T00:00:00+00:00, run_start_date=2025-03-23 10:42:58.261534+00:00, run_end_date=2025-03-23 10:53:35.684846+00:00, run_duration=637.423312, state=failed, external_trigger=False, run_type=scheduled, data_interval_start=2025-03-23 00:00:00+00:00, data_interval_end=2025-03-23 01:00:00+00:00, dag_hash=bfbf7632056508c88c340ad2d476f394
2025-03-23 10:53:35,690 INFO - Setting next_dagrun for snowflake_data_pipeline to 2025-03-23 01:00:00+00:00, run_after=2025-03-23 02:00:00+00:00
2025-03-23 10:53:35,694 ERROR - Marking run <DagRun snowflake_data_pipeline @ 2025-03-22 18:00:00+00:00: scheduled__2025-03-22T18:00:00+00:00, state:running, queued_at: 2025-03-23 10:42:57.599645+00:00. externally triggered: False> failed
2025-03-23 10:53:35,694 INFO - DagRun Finished: dag_id=snowflake_data_pipeline, execution_date=2025-03-22 18:00:00+00:00, run_id=scheduled__2025-03-22T18:00:00+00:00, run_start_date=2025-03-23 10:42:57.612208+00:00, run_end_date=2025-03-23 10:53:35.694817+00:00, run_duration=638.082609, state=failed, external_trigger=False, run_type=scheduled, data_interval_start=2025-03-22 18:00:00+00:00, data_interval_end=2025-03-22 19:00:00+00:00, dag_hash=bfbf7632056508c88c340ad2d476f394
2025-03-23 10:53:35,700 INFO - Setting next_dagrun for snowflake_data_pipeline to 2025-03-22 19:00:00+00:00, run_after=2025-03-22 20:00:00+00:00
2025-03-23 10:53:35,777 INFO - Received executor event with state success for task instance TaskInstanceKey(dag_id='snowflake_data_pipeline', task_id='process_new_data', run_id='scheduled__2025-03-23T03:00:00+00:00', try_number=2, map_index=-1)
2025-03-23 10:53:35,778 INFO - Received executor event with state success for task instance TaskInstanceKey(dag_id='snowflake_data_pipeline', task_id='process_new_data', run_id='scheduled__2025-03-23T02:00:00+00:00', try_number=2, map_index=-1)
2025-03-23 10:53:35,778 INFO - Received executor event with state success for task instance TaskInstanceKey(dag_id='snowflake_data_pipeline', task_id='process_new_data', run_id='scheduled__2025-03-23T04:00:00+00:00', try_number=2, map_index=-1)
2025-03-23 10:53:35,778 INFO - Received executor event with state success for task instance TaskInstanceKey(dag_id='snowflake_data_pipeline', task_id='process_new_data', run_id='scheduled__2025-03-22T18:00:00+00:00', try_number=2, map_index=-1)
2025-03-23 10:53:35,779 INFO - Received executor event with state success for task instance TaskInstanceKey(dag_id='snowflake_data_pipeline', task_id='process_new_data', run_id='scheduled__2025-03-22T20:00:00+00:00', try_number=2, map_index=-1)
2025-03-23 10:53:35,779 INFO - Received executor event with state success for task instance TaskInstanceKey(dag_id='snowflake_data_pipeline', task_id='process_new_data', run_id='scheduled__2025-03-23T01:00:00+00:00', try_number=2, map_index=-1)
2025-03-23 10:53:35,779 INFO - Received executor event with state success for task instance TaskInstanceKey(dag_id='snowflake_data_pipeline', task_id='process_new_data', run_id='scheduled__2025-03-22T23:00:00+00:00', try_number=2, map_index=-1)
2025-03-23 10:53:35,779 INFO - Received executor event with state success for task instance TaskInstanceKey(dag_id='snowflake_data_pipeline', task_id='process_new_data', run_id='scheduled__2025-03-22T19:00:00+00:00', try_number=2, map_index=-1)
2025-03-23 10:53:35,779 INFO - Received executor event with state success for task instance TaskInstanceKey(dag_id='snowflake_data_pipeline', task_id='process_new_data', run_id='scheduled__2025-03-23T00:00:00+00:00', try_number=2, map_index=-1)
2025-03-23 10:53:35,781 INFO - Running <TaskInstance: snowflake_data_pipeline.process_new_data scheduled__2025-03-22T21:00:00+00:00 [queued]> on host LAPTOP-4RSLRQ9T.
2025-03-23 10:53:35,783 INFO - Running <TaskInstance: snowflake_data_pipeline.process_new_data scheduled__2025-03-23T05:00:00+00:00 [queued]> on host LAPTOP-4RSLRQ9T.
2025-03-23 10:53:35,787 INFO - TaskInstance Finished: dag_id=snowflake_data_pipeline, task_id=process_new_data, run_id=scheduled__2025-03-22T23:00:00+00:00, map_index=-1, run_start_date=2025-03-23 10:53:33.510165+00:00, run_end_date=2025-03-23 10:53:35.219261+00:00, run_duration=1.709096, state=failed, executor=LocalExecutor(parallelism=32), executor_state=success, try_number=2, max_tries=1, job_id=141, pool=default_pool, queue=default, priority_weight=1, operator=SqlSensor, queued_dttm=2025-03-23 10:53:30.311660+00:00, queued_by_job_id=47, pid=15419
2025-03-23 10:53:35,791 INFO - TaskInstance Finished: dag_id=snowflake_data_pipeline, task_id=process_new_data, run_id=scheduled__2025-03-22T20:00:00+00:00, map_index=-1, run_start_date=2025-03-23 10:53:33.632304+00:00, run_end_date=2025-03-23 10:53:35.191299+00:00, run_duration=1.558995, state=failed, executor=LocalExecutor(parallelism=32), executor_state=success, try_number=2, max_tries=1, job_id=143, pool=default_pool, queue=default, priority_weight=1, operator=SqlSensor, queued_dttm=2025-03-23 10:53:30.311660+00:00, queued_by_job_id=47, pid=15438
2025-03-23 10:53:35,792 INFO - TaskInstance Finished: dag_id=snowflake_data_pipeline, task_id=process_new_data, run_id=scheduled__2025-03-23T00:00:00+00:00, map_index=-1, run_start_date=2025-03-23 10:53:33.778783+00:00, run_end_date=2025-03-23 10:53:35.292571+00:00, run_duration=1.513788, state=failed, executor=LocalExecutor(parallelism=32), executor_state=success, try_number=2, max_tries=1, job_id=146, pool=default_pool, queue=default, priority_weight=1, operator=SqlSensor, queued_dttm=2025-03-23 10:53:30.311660+00:00, queued_by_job_id=47, pid=15465
2025-03-23 10:53:35,792 INFO - TaskInstance Finished: dag_id=snowflake_data_pipeline, task_id=process_new_data, run_id=scheduled__2025-03-22T18:00:00+00:00, map_index=-1, run_start_date=2025-03-23 10:53:33.638999+00:00, run_end_date=2025-03-23 10:53:35.079783+00:00, run_duration=1.440784, state=failed, executor=LocalExecutor(parallelism=32), executor_state=success, try_number=2, max_tries=1, job_id=144, pool=default_pool, queue=default, priority_weight=1, operator=SqlSensor, queued_dttm=2025-03-23 10:53:30.311660+00:00, queued_by_job_id=47, pid=15442
2025-03-23 10:53:35,792 INFO - TaskInstance Finished: dag_id=snowflake_data_pipeline, task_id=process_new_data, run_id=scheduled__2025-03-22T19:00:00+00:00, map_index=-1, run_start_date=2025-03-23 10:53:33.701805+00:00, run_end_date=2025-03-23 10:53:35.234830+00:00, run_duration=1.533025, state=failed, executor=LocalExecutor(parallelism=32), executor_state=success, try_number=2, max_tries=1, job_id=145, pool=default_pool, queue=default, priority_weight=1, operator=SqlSensor, queued_dttm=2025-03-23 10:53:30.311660+00:00, queued_by_job_id=47, pid=15454
2025-03-23 10:53:35,793 INFO - TaskInstance Finished: dag_id=snowflake_data_pipeline, task_id=process_new_data, run_id=scheduled__2025-03-23T03:00:00+00:00, map_index=-1, run_start_date=2025-03-23 10:53:33.185675+00:00, run_end_date=2025-03-23 10:53:34.822532+00:00, run_duration=1.636857, state=failed, executor=LocalExecutor(parallelism=32), executor_state=success, try_number=2, max_tries=1, job_id=140, pool=default_pool, queue=default, priority_weight=1, operator=SqlSensor, queued_dttm=2025-03-23 10:53:30.311660+00:00, queued_by_job_id=47, pid=15388
2025-03-23 10:53:35,793 INFO - TaskInstance Finished: dag_id=snowflake_data_pipeline, task_id=process_new_data, run_id=scheduled__2025-03-23T01:00:00+00:00, map_index=-1, run_start_date=2025-03-23 10:53:33.580793+00:00, run_end_date=2025-03-23 10:53:35.243458+00:00, run_duration=1.662665, state=failed, executor=LocalExecutor(parallelism=32), executor_state=success, try_number=2, max_tries=1, job_id=142, pool=default_pool, queue=default, priority_weight=1, operator=SqlSensor, queued_dttm=2025-03-23 10:53:30.311660+00:00, queued_by_job_id=47, pid=15430
2025-03-23 10:53:35,793 INFO - TaskInstance Finished: dag_id=snowflake_data_pipeline, task_id=process_new_data, run_id=scheduled__2025-03-23T04:00:00+00:00, map_index=-1, run_start_date=2025-03-23 10:53:33.044164+00:00, run_end_date=2025-03-23 10:53:34.938921+00:00, run_duration=1.894757, state=failed, executor=LocalExecutor(parallelism=32), executor_state=success, try_number=2, max_tries=1, job_id=139, pool=default_pool, queue=default, priority_weight=1, operator=SqlSensor, queued_dttm=2025-03-23 10:53:30.311660+00:00, queued_by_job_id=47, pid=15377
2025-03-23 10:53:35,793 INFO - TaskInstance Finished: dag_id=snowflake_data_pipeline, task_id=process_new_data, run_id=scheduled__2025-03-23T02:00:00+00:00, map_index=-1, run_start_date=2025-03-23 10:53:33.060832+00:00, run_end_date=2025-03-23 10:53:34.832973+00:00, run_duration=1.772141, state=failed, executor=LocalExecutor(parallelism=32), executor_state=success, try_number=2, max_tries=1, job_id=138, pool=default_pool, queue=default, priority_weight=1, operator=SqlSensor, queued_dttm=2025-03-23 10:53:30.311660+00:00, queued_by_job_id=47, pid=15378
2025-03-23 10:53:36,279 INFO - Setting next_dagrun for snowflake_data_pipeline to 2025-03-22 20:00:00+00:00, run_after=2025-03-22 21:00:00+00:00
2025-03-23 10:53:37,370 INFO - Setting next_dagrun for snowflake_data_pipeline to 2025-03-22 21:00:00+00:00, run_after=2025-03-22 22:00:00+00:00
2025-03-23 10:53:37,393 ERROR - Marking run <DagRun snowflake_data_pipeline @ 2025-03-23 05:00:00+00:00: scheduled__2025-03-23T05:00:00+00:00, state:running, queued_at: 2025-03-23 10:42:59.155013+00:00. externally triggered: False> failed
2025-03-23 10:53:37,394 INFO - DagRun Finished: dag_id=snowflake_data_pipeline, execution_date=2025-03-23 05:00:00+00:00, run_id=scheduled__2025-03-23T05:00:00+00:00, run_start_date=2025-03-23 10:42:59.175950+00:00, run_end_date=2025-03-23 10:53:37.394140+00:00, run_duration=638.21819, state=failed, external_trigger=False, run_type=scheduled, data_interval_start=2025-03-23 05:00:00+00:00, data_interval_end=2025-03-23 06:00:00+00:00, dag_hash=bfbf7632056508c88c340ad2d476f394
2025-03-23 10:53:37,397 INFO - Setting next_dagrun for snowflake_data_pipeline to 2025-03-23 06:00:00+00:00, run_after=2025-03-23 07:00:00+00:00
2025-03-23 10:53:37,402 ERROR - Marking run <DagRun snowflake_data_pipeline @ 2025-03-22 21:00:00+00:00: scheduled__2025-03-22T21:00:00+00:00, state:running, queued_at: 2025-03-23 10:42:57.830633+00:00. externally triggered: False> failed
2025-03-23 10:53:37,402 INFO - DagRun Finished: dag_id=snowflake_data_pipeline, execution_date=2025-03-22 21:00:00+00:00, run_id=scheduled__2025-03-22T21:00:00+00:00, run_start_date=2025-03-23 10:42:57.843635+00:00, run_end_date=2025-03-23 10:53:37.402723+00:00, run_duration=639.559088, state=failed, external_trigger=False, run_type=scheduled, data_interval_start=2025-03-22 21:00:00+00:00, data_interval_end=2025-03-22 22:00:00+00:00, dag_hash=bfbf7632056508c88c340ad2d476f394
2025-03-23 10:53:37,408 INFO - Setting next_dagrun for snowflake_data_pipeline to 2025-03-22 22:00:00+00:00, run_after=2025-03-22 23:00:00+00:00
2025-03-23 10:53:37,464 INFO - Received executor event with state success for task instance TaskInstanceKey(dag_id='snowflake_data_pipeline', task_id='process_new_data', run_id='scheduled__2025-03-22T21:00:00+00:00', try_number=2, map_index=-1)
2025-03-23 10:53:37,465 INFO - Received executor event with state success for task instance TaskInstanceKey(dag_id='snowflake_data_pipeline', task_id='process_new_data', run_id='scheduled__2025-03-23T05:00:00+00:00', try_number=2, map_index=-1)
2025-03-23 10:53:37,468 INFO - TaskInstance Finished: dag_id=snowflake_data_pipeline, task_id=process_new_data, run_id=scheduled__2025-03-23T05:00:00+00:00, map_index=-1, run_start_date=2025-03-23 10:53:35.852646+00:00, run_end_date=2025-03-23 10:53:36.911587+00:00, run_duration=1.058941, state=failed, executor=LocalExecutor(parallelism=32), executor_state=success, try_number=2, max_tries=1, job_id=147, pool=default_pool, queue=default, priority_weight=1, operator=SqlSensor, queued_dttm=2025-03-23 10:53:34.421479+00:00, queued_by_job_id=47, pid=15591
2025-03-23 10:53:37,469 INFO - TaskInstance Finished: dag_id=snowflake_data_pipeline, task_id=process_new_data, run_id=scheduled__2025-03-22T21:00:00+00:00, map_index=-1, run_start_date=2025-03-23 10:53:35.852642+00:00, run_end_date=2025-03-23 10:53:36.932035+00:00, run_duration=1.079393, state=failed, executor=LocalExecutor(parallelism=32), executor_state=success, try_number=2, max_tries=1, job_id=148, pool=default_pool, queue=default, priority_weight=1, operator=SqlSensor, queued_dttm=2025-03-23 10:53:34.421479+00:00, queued_by_job_id=47, pid=15590
2025-03-23 10:53:38,493 INFO - Setting next_dagrun for snowflake_data_pipeline to 2025-03-22 23:00:00+00:00, run_after=2025-03-23 00:00:00+00:00
2025-03-23 10:53:39,569 INFO - Setting next_dagrun for snowflake_data_pipeline to 2025-03-23 00:00:00+00:00, run_after=2025-03-23 01:00:00+00:00
2025-03-23 10:53:40,633 INFO - Setting next_dagrun for snowflake_data_pipeline to 2025-03-23 01:00:00+00:00, run_after=2025-03-23 02:00:00+00:00
2025-03-23 10:55:13,702 INFO - 1 tasks up for execution:
	<TaskInstance: snowflake_data_pipeline.process_new_data manual__2025-03-23T10:44:40.720894+00:00 [scheduled]>
2025-03-23 10:55:13,702 INFO - DAG snowflake_data_pipeline has 0/16 running and queued tasks
2025-03-23 10:55:13,702 INFO - Setting the following tasks to queued state:
	<TaskInstance: snowflake_data_pipeline.process_new_data manual__2025-03-23T10:44:40.720894+00:00 [scheduled]>
2025-03-23 10:55:13,703 INFO - Trying to enqueue tasks: [<TaskInstance: snowflake_data_pipeline.process_new_data manual__2025-03-23T10:44:40.720894+00:00 [scheduled]>] for executor: LocalExecutor(parallelism=32)
2025-03-23 10:55:13,704 INFO - Sending TaskInstanceKey(dag_id='snowflake_data_pipeline', task_id='process_new_data', run_id='manual__2025-03-23T10:44:40.720894+00:00', try_number=2, map_index=-1) to LocalExecutor with priority 1 and queue default
2025-03-23 10:55:13,704 INFO - Adding to queue: ['airflow', 'tasks', 'run', 'snowflake_data_pipeline', 'process_new_data', 'manual__2025-03-23T10:44:40.720894+00:00', '--local', '--subdir', 'DAGS_FOLDER/check_data_availabilty.py']
2025-03-23 10:55:13,716 INFO - QueuedLocalWorker running ['airflow', 'tasks', 'run', 'snowflake_data_pipeline', 'process_new_data', 'manual__2025-03-23T10:44:40.720894+00:00', '--local', '--subdir', 'DAGS_FOLDER/check_data_availabilty.py']
2025-03-23 10:55:13,777 INFO - Filling up the DagBag from /home/ravi/analytics_platform/Insurance_analytics/***/dags/check_data_availabilty.py
2025-03-23 10:55:14,278 INFO - Running <TaskInstance: snowflake_data_pipeline.process_new_data manual__2025-03-23T10:44:40.720894+00:00 [queued]> on host LAPTOP-4RSLRQ9T.
2025-03-23 10:55:16,316 ERROR - Marking run <DagRun snowflake_data_pipeline @ 2025-03-23 10:44:40.720894+00:00: manual__2025-03-23T10:44:40.720894+00:00, state:running, queued_at: 2025-03-23 10:44:40.732003+00:00. externally triggered: True> failed
2025-03-23 10:55:16,317 INFO - DagRun Finished: dag_id=snowflake_data_pipeline, execution_date=2025-03-23 10:44:40.720894+00:00, run_id=manual__2025-03-23T10:44:40.720894+00:00, run_start_date=2025-03-23 10:45:07.304190+00:00, run_end_date=2025-03-23 10:55:16.317141+00:00, run_duration=609.012951, state=failed, external_trigger=True, run_type=manual, data_interval_start=2025-03-23 09:00:00+00:00, data_interval_end=2025-03-23 10:00:00+00:00, dag_hash=bfbf7632056508c88c340ad2d476f394
2025-03-23 10:55:16,351 INFO - Received executor event with state success for task instance TaskInstanceKey(dag_id='snowflake_data_pipeline', task_id='process_new_data', run_id='manual__2025-03-23T10:44:40.720894+00:00', try_number=2, map_index=-1)
2025-03-23 10:55:16,353 INFO - TaskInstance Finished: dag_id=snowflake_data_pipeline, task_id=process_new_data, run_id=manual__2025-03-23T10:44:40.720894+00:00, map_index=-1, run_start_date=2025-03-23 10:55:14.339816+00:00, run_end_date=2025-03-23 10:55:15.730372+00:00, run_duration=1.390556, state=failed, executor=LocalExecutor(parallelism=32), executor_state=success, try_number=2, max_tries=1, job_id=149, pool=default_pool, queue=default, priority_weight=1, operator=SqlSensor, queued_dttm=2025-03-23 10:55:13.703093+00:00, queued_by_job_id=47, pid=15959
2025-03-23 10:55:55,031 INFO - 1 tasks up for execution:
	<TaskInstance: snowflake_data_pipeline.process_new_data scheduled__2025-03-23T06:00:00+00:00 [scheduled]>
2025-03-23 10:55:55,032 INFO - DAG snowflake_data_pipeline has 0/16 running and queued tasks
2025-03-23 10:55:55,032 INFO - Setting the following tasks to queued state:
	<TaskInstance: snowflake_data_pipeline.process_new_data scheduled__2025-03-23T06:00:00+00:00 [scheduled]>
2025-03-23 10:55:55,034 INFO - Trying to enqueue tasks: [<TaskInstance: snowflake_data_pipeline.process_new_data scheduled__2025-03-23T06:00:00+00:00 [scheduled]>] for executor: LocalExecutor(parallelism=32)
2025-03-23 10:55:55,034 INFO - Sending TaskInstanceKey(dag_id='snowflake_data_pipeline', task_id='process_new_data', run_id='scheduled__2025-03-23T06:00:00+00:00', try_number=2, map_index=-1) to LocalExecutor with priority 1 and queue default
2025-03-23 10:55:55,034 INFO - Adding to queue: ['airflow', 'tasks', 'run', 'snowflake_data_pipeline', 'process_new_data', 'scheduled__2025-03-23T06:00:00+00:00', '--local', '--subdir', 'DAGS_FOLDER/check_data_availabilty.py']
2025-03-23 10:55:55,049 INFO - QueuedLocalWorker running ['airflow', 'tasks', 'run', 'snowflake_data_pipeline', 'process_new_data', 'scheduled__2025-03-23T06:00:00+00:00', '--local', '--subdir', 'DAGS_FOLDER/check_data_availabilty.py']
2025-03-23 10:55:55,103 INFO - Filling up the DagBag from /home/ravi/analytics_platform/Insurance_analytics/***/dags/check_data_availabilty.py
2025-03-23 10:55:55,589 INFO - Running <TaskInstance: snowflake_data_pipeline.process_new_data scheduled__2025-03-23T06:00:00+00:00 [queued]> on host LAPTOP-4RSLRQ9T.
2025-03-23 10:55:57,488 ERROR - Marking run <DagRun snowflake_data_pipeline @ 2025-03-23 06:00:00+00:00: scheduled__2025-03-23T06:00:00+00:00, state:running, queued_at: 2025-03-23 10:45:46.179649+00:00. externally triggered: False> failed
2025-03-23 10:55:57,489 INFO - DagRun Finished: dag_id=snowflake_data_pipeline, execution_date=2025-03-23 06:00:00+00:00, run_id=scheduled__2025-03-23T06:00:00+00:00, run_start_date=2025-03-23 10:45:46.191370+00:00, run_end_date=2025-03-23 10:55:57.489308+00:00, run_duration=611.297938, state=failed, external_trigger=False, run_type=scheduled, data_interval_start=2025-03-23 06:00:00+00:00, data_interval_end=2025-03-23 07:00:00+00:00, dag_hash=bfbf7632056508c88c340ad2d476f394
2025-03-23 10:55:57,492 INFO - Setting next_dagrun for snowflake_data_pipeline to 2025-03-23 07:00:00+00:00, run_after=2025-03-23 08:00:00+00:00
2025-03-23 10:55:57,527 INFO - Received executor event with state success for task instance TaskInstanceKey(dag_id='snowflake_data_pipeline', task_id='process_new_data', run_id='scheduled__2025-03-23T06:00:00+00:00', try_number=2, map_index=-1)
2025-03-23 10:55:57,529 INFO - TaskInstance Finished: dag_id=snowflake_data_pipeline, task_id=process_new_data, run_id=scheduled__2025-03-23T06:00:00+00:00, map_index=-1, run_start_date=2025-03-23 10:55:55.653050+00:00, run_end_date=2025-03-23 10:55:57.082095+00:00, run_duration=1.429045, state=failed, executor=LocalExecutor(parallelism=32), executor_state=success, try_number=2, max_tries=1, job_id=150, pool=default_pool, queue=default, priority_weight=1, operator=SqlSensor, queued_dttm=2025-03-23 10:55:55.033118+00:00, queued_by_job_id=47, pid=16115
2025-03-23 10:55:58,445 INFO - Setting next_dagrun for snowflake_data_pipeline to 2025-03-23 08:00:00+00:00, run_after=2025-03-23 09:00:00+00:00
2025-03-23 10:55:59,515 INFO - Setting next_dagrun for snowflake_data_pipeline to 2025-03-23 09:00:00+00:00, run_after=2025-03-23 10:00:00+00:00
2025-03-23 10:56:00,058 INFO - Setting next_dagrun for snowflake_data_pipeline to 2025-03-23 10:00:00+00:00, run_after=2025-03-23 11:00:00+00:00
2025-03-23 10:57:14,722 INFO - 1 tasks up for execution:
	<TaskInstance: snowflake_data_pipeline.process_new_data manual__2025-03-23T10:51:00.249849+00:00 [scheduled]>
2025-03-23 10:57:14,722 INFO - DAG snowflake_data_pipeline has 0/16 running and queued tasks
2025-03-23 10:57:14,723 INFO - Setting the following tasks to queued state:
	<TaskInstance: snowflake_data_pipeline.process_new_data manual__2025-03-23T10:51:00.249849+00:00 [scheduled]>
2025-03-23 10:57:14,724 INFO - Trying to enqueue tasks: [<TaskInstance: snowflake_data_pipeline.process_new_data manual__2025-03-23T10:51:00.249849+00:00 [scheduled]>] for executor: LocalExecutor(parallelism=32)
2025-03-23 10:57:14,724 INFO - Sending TaskInstanceKey(dag_id='snowflake_data_pipeline', task_id='process_new_data', run_id='manual__2025-03-23T10:51:00.249849+00:00', try_number=2, map_index=-1) to LocalExecutor with priority 1 and queue default
2025-03-23 10:57:14,724 INFO - Adding to queue: ['airflow', 'tasks', 'run', 'snowflake_data_pipeline', 'process_new_data', 'manual__2025-03-23T10:51:00.249849+00:00', '--local', '--subdir', 'DAGS_FOLDER/check_data_availabilty.py']
2025-03-23 10:57:14,735 INFO - QueuedLocalWorker running ['airflow', 'tasks', 'run', 'snowflake_data_pipeline', 'process_new_data', 'manual__2025-03-23T10:51:00.249849+00:00', '--local', '--subdir', 'DAGS_FOLDER/check_data_availabilty.py']
2025-03-23 10:57:14,792 INFO - Filling up the DagBag from /home/ravi/analytics_platform/Insurance_analytics/***/dags/check_data_availabilty.py
2025-03-23 10:57:15,215 INFO - Running <TaskInstance: snowflake_data_pipeline.process_new_data manual__2025-03-23T10:51:00.249849+00:00 [queued]> on host LAPTOP-4RSLRQ9T.
2025-03-23 10:57:16,754 ERROR - Marking run <DagRun snowflake_data_pipeline @ 2025-03-23 10:51:00.249849+00:00: manual__2025-03-23T10:51:00.249849+00:00, state:running, queued_at: 2025-03-23 10:51:00.289843+00:00. externally triggered: True> failed
2025-03-23 10:57:16,755 INFO - DagRun Finished: dag_id=snowflake_data_pipeline, execution_date=2025-03-23 10:51:00.249849+00:00, run_id=manual__2025-03-23T10:51:00.249849+00:00, run_start_date=2025-03-23 10:52:09.789384+00:00, run_end_date=2025-03-23 10:57:16.754995+00:00, run_duration=306.965611, state=failed, external_trigger=True, run_type=manual, data_interval_start=2025-03-23 09:00:00+00:00, data_interval_end=2025-03-23 10:00:00+00:00, dag_hash=bfbf7632056508c88c340ad2d476f394
2025-03-23 10:57:16,779 INFO - Received executor event with state success for task instance TaskInstanceKey(dag_id='snowflake_data_pipeline', task_id='process_new_data', run_id='manual__2025-03-23T10:51:00.249849+00:00', try_number=2, map_index=-1)
2025-03-23 10:57:16,781 INFO - TaskInstance Finished: dag_id=snowflake_data_pipeline, task_id=process_new_data, run_id=manual__2025-03-23T10:51:00.249849+00:00, map_index=-1, run_start_date=2025-03-23 10:57:15.276070+00:00, run_end_date=2025-03-23 10:57:16.618486+00:00, run_duration=1.342416, state=failed, executor=LocalExecutor(parallelism=32), executor_state=success, try_number=2, max_tries=1, job_id=151, pool=default_pool, queue=default, priority_weight=1, operator=SqlSensor, queued_dttm=2025-03-23 10:57:14.723369+00:00, queued_by_job_id=47, pid=16405
2025-03-23 10:57:45,989 INFO - 1 tasks up for execution:
	<TaskInstance: snowflake_data_pipeline.process_new_data scheduled__2025-03-23T08:00:00+00:00 [scheduled]>
2025-03-23 10:57:45,989 INFO - DAG snowflake_data_pipeline has 0/16 running and queued tasks
2025-03-23 10:57:45,989 INFO - Setting the following tasks to queued state:
	<TaskInstance: snowflake_data_pipeline.process_new_data scheduled__2025-03-23T08:00:00+00:00 [scheduled]>
2025-03-23 10:57:45,990 INFO - Trying to enqueue tasks: [<TaskInstance: snowflake_data_pipeline.process_new_data scheduled__2025-03-23T08:00:00+00:00 [scheduled]>] for executor: LocalExecutor(parallelism=32)
2025-03-23 10:57:45,991 INFO - Sending TaskInstanceKey(dag_id='snowflake_data_pipeline', task_id='process_new_data', run_id='scheduled__2025-03-23T08:00:00+00:00', try_number=2, map_index=-1) to LocalExecutor with priority 1 and queue default
2025-03-23 10:57:45,991 INFO - Adding to queue: ['airflow', 'tasks', 'run', 'snowflake_data_pipeline', 'process_new_data', 'scheduled__2025-03-23T08:00:00+00:00', '--local', '--subdir', 'DAGS_FOLDER/check_data_availabilty.py']
2025-03-23 10:57:46,003 INFO - QueuedLocalWorker running ['airflow', 'tasks', 'run', 'snowflake_data_pipeline', 'process_new_data', 'scheduled__2025-03-23T08:00:00+00:00', '--local', '--subdir', 'DAGS_FOLDER/check_data_availabilty.py']
2025-03-23 10:57:46,070 INFO - Filling up the DagBag from /home/ravi/analytics_platform/Insurance_analytics/***/dags/check_data_availabilty.py
2025-03-23 10:57:46,508 INFO - Running <TaskInstance: snowflake_data_pipeline.process_new_data scheduled__2025-03-23T08:00:00+00:00 [queued]> on host LAPTOP-4RSLRQ9T.
2025-03-23 10:57:48,851 ERROR - Marking run <DagRun snowflake_data_pipeline @ 2025-03-23 08:00:00+00:00: scheduled__2025-03-23T08:00:00+00:00, state:running, queued_at: 2025-03-23 10:52:40.714087+00:00. externally triggered: False> failed
2025-03-23 10:57:48,851 INFO - DagRun Finished: dag_id=snowflake_data_pipeline, execution_date=2025-03-23 08:00:00+00:00, run_id=scheduled__2025-03-23T08:00:00+00:00, run_start_date=2025-03-23 10:52:40.728290+00:00, run_end_date=2025-03-23 10:57:48.851839+00:00, run_duration=308.123549, state=failed, external_trigger=False, run_type=scheduled, data_interval_start=2025-03-23 08:00:00+00:00, data_interval_end=2025-03-23 09:00:00+00:00, dag_hash=bfbf7632056508c88c340ad2d476f394
2025-03-23 10:57:48,854 INFO - Setting next_dagrun for snowflake_data_pipeline to 2025-03-23 09:00:00+00:00, run_after=2025-03-23 10:00:00+00:00
2025-03-23 10:57:48,875 INFO - Received executor event with state success for task instance TaskInstanceKey(dag_id='snowflake_data_pipeline', task_id='process_new_data', run_id='scheduled__2025-03-23T08:00:00+00:00', try_number=2, map_index=-1)
2025-03-23 10:57:48,877 INFO - TaskInstance Finished: dag_id=snowflake_data_pipeline, task_id=process_new_data, run_id=scheduled__2025-03-23T08:00:00+00:00, map_index=-1, run_start_date=2025-03-23 10:57:46.566431+00:00, run_end_date=2025-03-23 10:57:47.818150+00:00, run_duration=1.251719, state=failed, executor=LocalExecutor(parallelism=32), executor_state=success, try_number=2, max_tries=1, job_id=152, pool=default_pool, queue=default, priority_weight=1, operator=SqlSensor, queued_dttm=2025-03-23 10:57:45.989989+00:00, queued_by_job_id=47, pid=16536
2025-03-23 10:57:49,539 INFO - Setting next_dagrun for snowflake_data_pipeline to 2025-03-23 10:00:00+00:00, run_after=2025-03-23 11:00:00+00:00
2025-03-23 10:57:49,559 INFO - 1 tasks up for execution:
	<TaskInstance: snowflake_data_pipeline.process_new_data scheduled__2025-03-23T09:00:00+00:00 [scheduled]>
2025-03-23 10:57:49,559 INFO - DAG snowflake_data_pipeline has 0/16 running and queued tasks
2025-03-23 10:57:49,559 INFO - Setting the following tasks to queued state:
	<TaskInstance: snowflake_data_pipeline.process_new_data scheduled__2025-03-23T09:00:00+00:00 [scheduled]>
2025-03-23 10:57:49,560 INFO - Trying to enqueue tasks: [<TaskInstance: snowflake_data_pipeline.process_new_data scheduled__2025-03-23T09:00:00+00:00 [scheduled]>] for executor: LocalExecutor(parallelism=32)
2025-03-23 10:57:49,560 INFO - Sending TaskInstanceKey(dag_id='snowflake_data_pipeline', task_id='process_new_data', run_id='scheduled__2025-03-23T09:00:00+00:00', try_number=2, map_index=-1) to LocalExecutor with priority 1 and queue default
2025-03-23 10:57:49,560 INFO - Adding to queue: ['airflow', 'tasks', 'run', 'snowflake_data_pipeline', 'process_new_data', 'scheduled__2025-03-23T09:00:00+00:00', '--local', '--subdir', 'DAGS_FOLDER/check_data_availabilty.py']
2025-03-23 10:57:49,573 INFO - QueuedLocalWorker running ['airflow', 'tasks', 'run', 'snowflake_data_pipeline', 'process_new_data', 'scheduled__2025-03-23T09:00:00+00:00', '--local', '--subdir', 'DAGS_FOLDER/check_data_availabilty.py']
2025-03-23 10:57:49,620 INFO - Filling up the DagBag from /home/ravi/analytics_platform/Insurance_analytics/***/dags/check_data_availabilty.py
2025-03-23 10:57:50,073 INFO - Running <TaskInstance: snowflake_data_pipeline.process_new_data scheduled__2025-03-23T09:00:00+00:00 [queued]> on host LAPTOP-4RSLRQ9T.
2025-03-23 10:57:52,049 ERROR - Marking run <DagRun snowflake_data_pipeline @ 2025-03-23 09:00:00+00:00: scheduled__2025-03-23T09:00:00+00:00, state:running, queued_at: 2025-03-23 10:52:44.533443+00:00. externally triggered: False> failed
2025-03-23 10:57:52,050 INFO - DagRun Finished: dag_id=snowflake_data_pipeline, execution_date=2025-03-23 09:00:00+00:00, run_id=scheduled__2025-03-23T09:00:00+00:00, run_start_date=2025-03-23 10:52:44.549632+00:00, run_end_date=2025-03-23 10:57:52.050101+00:00, run_duration=307.500469, state=failed, external_trigger=False, run_type=scheduled, data_interval_start=2025-03-23 09:00:00+00:00, data_interval_end=2025-03-23 10:00:00+00:00, dag_hash=bfbf7632056508c88c340ad2d476f394
2025-03-23 10:57:52,052 INFO - Setting next_dagrun for snowflake_data_pipeline to 2025-03-23 10:00:00+00:00, run_after=2025-03-23 11:00:00+00:00
2025-03-23 10:57:52,067 INFO - Received executor event with state success for task instance TaskInstanceKey(dag_id='snowflake_data_pipeline', task_id='process_new_data', run_id='scheduled__2025-03-23T09:00:00+00:00', try_number=2, map_index=-1)
2025-03-23 10:57:52,069 INFO - TaskInstance Finished: dag_id=snowflake_data_pipeline, task_id=process_new_data, run_id=scheduled__2025-03-23T09:00:00+00:00, map_index=-1, run_start_date=2025-03-23 10:57:50.137118+00:00, run_end_date=2025-03-23 10:57:51.365484+00:00, run_duration=1.228366, state=failed, executor=LocalExecutor(parallelism=32), executor_state=success, try_number=2, max_tries=1, job_id=153, pool=default_pool, queue=default, priority_weight=1, operator=SqlSensor, queued_dttm=2025-03-23 10:57:49.559802+00:00, queued_by_job_id=47, pid=16583
2025-03-23 10:58:22,257 INFO - Adopting or resetting orphaned tasks for active dag runs
2025-03-23 11:00:00,953 INFO - Setting next_dagrun for snowflake_data_pipeline to 2025-03-23 11:00:00+00:00, run_after=2025-03-23 12:00:00+00:00
2025-03-23 11:00:00,982 INFO - 1 tasks up for execution:
	<TaskInstance: snowflake_data_pipeline.check_new_data scheduled__2025-03-23T10:00:00+00:00 [scheduled]>
2025-03-23 11:00:00,983 INFO - DAG snowflake_data_pipeline has 0/16 running and queued tasks
2025-03-23 11:00:00,983 INFO - Setting the following tasks to queued state:
	<TaskInstance: snowflake_data_pipeline.check_new_data scheduled__2025-03-23T10:00:00+00:00 [scheduled]>
2025-03-23 11:00:00,984 INFO - Trying to enqueue tasks: [<TaskInstance: snowflake_data_pipeline.check_new_data scheduled__2025-03-23T10:00:00+00:00 [scheduled]>] for executor: LocalExecutor(parallelism=32)
2025-03-23 11:00:00,984 INFO - Sending TaskInstanceKey(dag_id='snowflake_data_pipeline', task_id='check_new_data', run_id='scheduled__2025-03-23T10:00:00+00:00', try_number=1, map_index=-1) to LocalExecutor with priority 2 and queue default
2025-03-23 11:00:00,984 INFO - Adding to queue: ['airflow', 'tasks', 'run', 'snowflake_data_pipeline', 'check_new_data', 'scheduled__2025-03-23T10:00:00+00:00', '--local', '--subdir', 'DAGS_FOLDER/check_data_availabilty.py']
2025-03-23 11:00:00,996 INFO - QueuedLocalWorker running ['airflow', 'tasks', 'run', 'snowflake_data_pipeline', 'check_new_data', 'scheduled__2025-03-23T10:00:00+00:00', '--local', '--subdir', 'DAGS_FOLDER/check_data_availabilty.py']
2025-03-23 11:00:01,051 INFO - Filling up the DagBag from /home/ravi/analytics_platform/Insurance_analytics/***/dags/check_data_availabilty.py
2025-03-23 11:00:01,485 INFO - Running <TaskInstance: snowflake_data_pipeline.check_new_data scheduled__2025-03-23T10:00:00+00:00 [queued]> on host LAPTOP-4RSLRQ9T.
2025-03-23 11:00:03,605 INFO - 1 tasks up for execution:
	<TaskInstance: snowflake_data_pipeline.process_new_data scheduled__2025-03-23T10:00:00+00:00 [scheduled]>
2025-03-23 11:00:03,605 INFO - DAG snowflake_data_pipeline has 0/16 running and queued tasks
2025-03-23 11:00:03,605 INFO - Setting the following tasks to queued state:
	<TaskInstance: snowflake_data_pipeline.process_new_data scheduled__2025-03-23T10:00:00+00:00 [scheduled]>
2025-03-23 11:00:03,606 INFO - Trying to enqueue tasks: [<TaskInstance: snowflake_data_pipeline.process_new_data scheduled__2025-03-23T10:00:00+00:00 [scheduled]>] for executor: LocalExecutor(parallelism=32)
2025-03-23 11:00:03,607 INFO - Sending TaskInstanceKey(dag_id='snowflake_data_pipeline', task_id='process_new_data', run_id='scheduled__2025-03-23T10:00:00+00:00', try_number=1, map_index=-1) to LocalExecutor with priority 1 and queue default
2025-03-23 11:00:03,607 INFO - Adding to queue: ['airflow', 'tasks', 'run', 'snowflake_data_pipeline', 'process_new_data', 'scheduled__2025-03-23T10:00:00+00:00', '--local', '--subdir', 'DAGS_FOLDER/check_data_availabilty.py']
2025-03-23 11:00:03,611 INFO - Received executor event with state success for task instance TaskInstanceKey(dag_id='snowflake_data_pipeline', task_id='check_new_data', run_id='scheduled__2025-03-23T10:00:00+00:00', try_number=1, map_index=-1)
2025-03-23 11:00:03,613 INFO - TaskInstance Finished: dag_id=snowflake_data_pipeline, task_id=check_new_data, run_id=scheduled__2025-03-23T10:00:00+00:00, map_index=-1, run_start_date=2025-03-23 11:00:01.541721+00:00, run_end_date=2025-03-23 11:00:03.027302+00:00, run_duration=1.485581, state=success, executor=LocalExecutor(parallelism=32), executor_state=success, try_number=1, max_tries=1, job_id=154, pool=default_pool, queue=default, priority_weight=2, operator=SqlSensor, queued_dttm=2025-03-23 11:00:00.983524+00:00, queued_by_job_id=47, pid=17022
2025-03-23 11:00:03,619 INFO - QueuedLocalWorker running ['airflow', 'tasks', 'run', 'snowflake_data_pipeline', 'process_new_data', 'scheduled__2025-03-23T10:00:00+00:00', '--local', '--subdir', 'DAGS_FOLDER/check_data_availabilty.py']
2025-03-23 11:00:03,671 INFO - Filling up the DagBag from /home/ravi/analytics_platform/Insurance_analytics/***/dags/check_data_availabilty.py
2025-03-23 11:00:04,135 INFO - Running <TaskInstance: snowflake_data_pipeline.process_new_data scheduled__2025-03-23T10:00:00+00:00 [queued]> on host LAPTOP-4RSLRQ9T.
2025-03-23 11:00:06,778 INFO - Received executor event with state success for task instance TaskInstanceKey(dag_id='snowflake_data_pipeline', task_id='process_new_data', run_id='scheduled__2025-03-23T10:00:00+00:00', try_number=1, map_index=-1)
2025-03-23 11:00:06,781 INFO - TaskInstance Finished: dag_id=snowflake_data_pipeline, task_id=process_new_data, run_id=scheduled__2025-03-23T10:00:00+00:00, map_index=-1, run_start_date=2025-03-23 11:00:04.204495+00:00, run_end_date=2025-03-23 11:00:06.229964+00:00, run_duration=2.025469, state=up_for_retry, executor=LocalExecutor(parallelism=32), executor_state=success, try_number=1, max_tries=1, job_id=155, pool=default_pool, queue=default, priority_weight=1, operator=SqlSensor, queued_dttm=2025-03-23 11:00:03.606037+00:00, queued_by_job_id=47, pid=17069
2025-03-23 11:01:46,436 INFO - 1 tasks up for execution:
	<TaskInstance: snowflake_data_pipeline.check_new_data manual__2025-03-23T11:01:45.874045+00:00 [scheduled]>
2025-03-23 11:01:46,436 INFO - DAG snowflake_data_pipeline has 0/16 running and queued tasks
2025-03-23 11:01:46,436 INFO - Setting the following tasks to queued state:
	<TaskInstance: snowflake_data_pipeline.check_new_data manual__2025-03-23T11:01:45.874045+00:00 [scheduled]>
2025-03-23 11:01:46,438 INFO - Trying to enqueue tasks: [<TaskInstance: snowflake_data_pipeline.check_new_data manual__2025-03-23T11:01:45.874045+00:00 [scheduled]>] for executor: LocalExecutor(parallelism=32)
2025-03-23 11:01:46,439 INFO - Sending TaskInstanceKey(dag_id='snowflake_data_pipeline', task_id='check_new_data', run_id='manual__2025-03-23T11:01:45.874045+00:00', try_number=1, map_index=-1) to LocalExecutor with priority 2 and queue default
2025-03-23 11:01:46,439 INFO - Adding to queue: ['airflow', 'tasks', 'run', 'snowflake_data_pipeline', 'check_new_data', 'manual__2025-03-23T11:01:45.874045+00:00', '--local', '--subdir', 'DAGS_FOLDER/check_data_availabilty.py']
2025-03-23 11:01:46,454 INFO - QueuedLocalWorker running ['airflow', 'tasks', 'run', 'snowflake_data_pipeline', 'check_new_data', 'manual__2025-03-23T11:01:45.874045+00:00', '--local', '--subdir', 'DAGS_FOLDER/check_data_availabilty.py']
2025-03-23 11:01:46,521 INFO - Filling up the DagBag from /home/ravi/analytics_platform/Insurance_analytics/***/dags/check_data_availabilty.py
2025-03-23 11:01:47,005 INFO - Running <TaskInstance: snowflake_data_pipeline.check_new_data manual__2025-03-23T11:01:45.874045+00:00 [queued]> on host LAPTOP-4RSLRQ9T.
2025-03-23 11:01:48,343 INFO - 1 tasks up for execution:
	<TaskInstance: snowflake_data_pipeline.process_new_data manual__2025-03-23T11:01:45.874045+00:00 [scheduled]>
2025-03-23 11:01:48,343 INFO - DAG snowflake_data_pipeline has 0/16 running and queued tasks
2025-03-23 11:01:48,343 INFO - Setting the following tasks to queued state:
	<TaskInstance: snowflake_data_pipeline.process_new_data manual__2025-03-23T11:01:45.874045+00:00 [scheduled]>
2025-03-23 11:01:48,344 INFO - Trying to enqueue tasks: [<TaskInstance: snowflake_data_pipeline.process_new_data manual__2025-03-23T11:01:45.874045+00:00 [scheduled]>] for executor: LocalExecutor(parallelism=32)
2025-03-23 11:01:48,344 INFO - Sending TaskInstanceKey(dag_id='snowflake_data_pipeline', task_id='process_new_data', run_id='manual__2025-03-23T11:01:45.874045+00:00', try_number=1, map_index=-1) to LocalExecutor with priority 1 and queue default
2025-03-23 11:01:48,345 INFO - Adding to queue: ['airflow', 'tasks', 'run', 'snowflake_data_pipeline', 'process_new_data', 'manual__2025-03-23T11:01:45.874045+00:00', '--local', '--subdir', 'DAGS_FOLDER/check_data_availabilty.py']
2025-03-23 11:01:48,349 INFO - Received executor event with state success for task instance TaskInstanceKey(dag_id='snowflake_data_pipeline', task_id='check_new_data', run_id='manual__2025-03-23T11:01:45.874045+00:00', try_number=1, map_index=-1)
2025-03-23 11:01:48,353 INFO - TaskInstance Finished: dag_id=snowflake_data_pipeline, task_id=check_new_data, run_id=manual__2025-03-23T11:01:45.874045+00:00, map_index=-1, run_start_date=2025-03-23 11:01:47.068166+00:00, run_end_date=2025-03-23 11:01:48.085831+00:00, run_duration=1.017665, state=success, executor=LocalExecutor(parallelism=32), executor_state=success, try_number=1, max_tries=1, job_id=156, pool=default_pool, queue=default, priority_weight=2, operator=SqlSensor, queued_dttm=2025-03-23 11:01:46.437276+00:00, queued_by_job_id=47, pid=17442
2025-03-23 11:01:48,358 INFO - QueuedLocalWorker running ['airflow', 'tasks', 'run', 'snowflake_data_pipeline', 'process_new_data', 'manual__2025-03-23T11:01:45.874045+00:00', '--local', '--subdir', 'DAGS_FOLDER/check_data_availabilty.py']
2025-03-23 11:01:48,418 INFO - Filling up the DagBag from /home/ravi/analytics_platform/Insurance_analytics/***/dags/check_data_availabilty.py
2025-03-23 11:01:48,828 INFO - Running <TaskInstance: snowflake_data_pipeline.process_new_data manual__2025-03-23T11:01:45.874045+00:00 [queued]> on host LAPTOP-4RSLRQ9T.
2025-03-23 11:01:50,294 INFO - Received executor event with state success for task instance TaskInstanceKey(dag_id='snowflake_data_pipeline', task_id='process_new_data', run_id='manual__2025-03-23T11:01:45.874045+00:00', try_number=1, map_index=-1)
2025-03-23 11:01:50,297 INFO - TaskInstance Finished: dag_id=snowflake_data_pipeline, task_id=process_new_data, run_id=manual__2025-03-23T11:01:45.874045+00:00, map_index=-1, run_start_date=2025-03-23 11:01:48.887716+00:00, run_end_date=2025-03-23 11:01:50.194860+00:00, run_duration=1.307144, state=up_for_retry, executor=LocalExecutor(parallelism=32), executor_state=success, try_number=1, max_tries=1, job_id=157, pool=default_pool, queue=default, priority_weight=1, operator=SqlSensor, queued_dttm=2025-03-23 11:01:48.343790+00:00, queued_by_job_id=47, pid=17483
2025-03-23 11:03:01,757 INFO - 1 tasks up for execution:
	<TaskInstance: snowflake_data_pipeline.check_new_data manual__2025-03-23T11:03:01.699374+00:00 [scheduled]>
2025-03-23 11:03:01,757 INFO - DAG snowflake_data_pipeline has 0/16 running and queued tasks
2025-03-23 11:03:01,758 INFO - Setting the following tasks to queued state:
	<TaskInstance: snowflake_data_pipeline.check_new_data manual__2025-03-23T11:03:01.699374+00:00 [scheduled]>
2025-03-23 11:03:01,760 INFO - Trying to enqueue tasks: [<TaskInstance: snowflake_data_pipeline.check_new_data manual__2025-03-23T11:03:01.699374+00:00 [scheduled]>] for executor: LocalExecutor(parallelism=32)
2025-03-23 11:03:01,760 INFO - Sending TaskInstanceKey(dag_id='snowflake_data_pipeline', task_id='check_new_data', run_id='manual__2025-03-23T11:03:01.699374+00:00', try_number=1, map_index=-1) to LocalExecutor with priority 2 and queue default
2025-03-23 11:03:01,761 INFO - Adding to queue: ['airflow', 'tasks', 'run', 'snowflake_data_pipeline', 'check_new_data', 'manual__2025-03-23T11:03:01.699374+00:00', '--local', '--subdir', 'DAGS_FOLDER/check_data_availabilty.py']
2025-03-23 11:03:01,774 INFO - QueuedLocalWorker running ['airflow', 'tasks', 'run', 'snowflake_data_pipeline', 'check_new_data', 'manual__2025-03-23T11:03:01.699374+00:00', '--local', '--subdir', 'DAGS_FOLDER/check_data_availabilty.py']
2025-03-23 11:03:01,822 INFO - Filling up the DagBag from /home/ravi/analytics_platform/Insurance_analytics/***/dags/check_data_availabilty.py
2025-03-23 11:03:02,326 INFO - Running <TaskInstance: snowflake_data_pipeline.check_new_data manual__2025-03-23T11:03:01.699374+00:00 [queued]> on host LAPTOP-4RSLRQ9T.
2025-03-23 11:03:03,896 INFO - 1 tasks up for execution:
	<TaskInstance: snowflake_data_pipeline.process_new_data manual__2025-03-23T11:03:01.699374+00:00 [scheduled]>
2025-03-23 11:03:03,896 INFO - DAG snowflake_data_pipeline has 0/16 running and queued tasks
2025-03-23 11:03:03,896 INFO - Setting the following tasks to queued state:
	<TaskInstance: snowflake_data_pipeline.process_new_data manual__2025-03-23T11:03:01.699374+00:00 [scheduled]>
2025-03-23 11:03:03,898 INFO - Trying to enqueue tasks: [<TaskInstance: snowflake_data_pipeline.process_new_data manual__2025-03-23T11:03:01.699374+00:00 [scheduled]>] for executor: LocalExecutor(parallelism=32)
2025-03-23 11:03:03,899 INFO - Sending TaskInstanceKey(dag_id='snowflake_data_pipeline', task_id='process_new_data', run_id='manual__2025-03-23T11:03:01.699374+00:00', try_number=1, map_index=-1) to LocalExecutor with priority 1 and queue default
2025-03-23 11:03:03,899 INFO - Adding to queue: ['airflow', 'tasks', 'run', 'snowflake_data_pipeline', 'process_new_data', 'manual__2025-03-23T11:03:01.699374+00:00', '--local', '--subdir', 'DAGS_FOLDER/check_data_availabilty.py']
2025-03-23 11:03:03,903 INFO - Received executor event with state success for task instance TaskInstanceKey(dag_id='snowflake_data_pipeline', task_id='check_new_data', run_id='manual__2025-03-23T11:03:01.699374+00:00', try_number=1, map_index=-1)
2025-03-23 11:03:03,907 INFO - TaskInstance Finished: dag_id=snowflake_data_pipeline, task_id=check_new_data, run_id=manual__2025-03-23T11:03:01.699374+00:00, map_index=-1, run_start_date=2025-03-23 11:03:02.394630+00:00, run_end_date=2025-03-23 11:03:03.636730+00:00, run_duration=1.2421, state=success, executor=LocalExecutor(parallelism=32), executor_state=success, try_number=1, max_tries=1, job_id=158, pool=default_pool, queue=default, priority_weight=2, operator=SqlSensor, queued_dttm=2025-03-23 11:03:01.758690+00:00, queued_by_job_id=47, pid=17769
2025-03-23 11:03:03,910 INFO - QueuedLocalWorker running ['airflow', 'tasks', 'run', 'snowflake_data_pipeline', 'process_new_data', 'manual__2025-03-23T11:03:01.699374+00:00', '--local', '--subdir', 'DAGS_FOLDER/check_data_availabilty.py']
2025-03-23 11:03:03,960 INFO - Filling up the DagBag from /home/ravi/analytics_platform/Insurance_analytics/***/dags/check_data_availabilty.py
2025-03-23 11:03:04,397 INFO - Running <TaskInstance: snowflake_data_pipeline.process_new_data manual__2025-03-23T11:03:01.699374+00:00 [queued]> on host LAPTOP-4RSLRQ9T.
2025-03-23 11:03:06,579 INFO - Received executor event with state success for task instance TaskInstanceKey(dag_id='snowflake_data_pipeline', task_id='process_new_data', run_id='manual__2025-03-23T11:03:01.699374+00:00', try_number=1, map_index=-1)
2025-03-23 11:03:06,582 INFO - TaskInstance Finished: dag_id=snowflake_data_pipeline, task_id=process_new_data, run_id=manual__2025-03-23T11:03:01.699374+00:00, map_index=-1, run_start_date=2025-03-23 11:03:04.455576+00:00, run_end_date=2025-03-23 11:03:05.793533+00:00, run_duration=1.337957, state=up_for_retry, executor=LocalExecutor(parallelism=32), executor_state=success, try_number=1, max_tries=1, job_id=159, pool=default_pool, queue=default, priority_weight=1, operator=SqlSensor, queued_dttm=2025-03-23 11:03:03.897644+00:00, queued_by_job_id=47, pid=17816
2025-03-23 11:03:51,625 INFO - Adopting or resetting orphaned tasks for active dag runs
2025-03-23 11:04:06,482 INFO - 1 tasks up for execution:
	<TaskInstance: snowflake_data_pipeline.check_new_data manual__2025-03-23T11:04:06.214007+00:00 [scheduled]>
2025-03-23 11:04:06,482 INFO - DAG snowflake_data_pipeline has 0/16 running and queued tasks
2025-03-23 11:04:06,483 INFO - Setting the following tasks to queued state:
	<TaskInstance: snowflake_data_pipeline.check_new_data manual__2025-03-23T11:04:06.214007+00:00 [scheduled]>
2025-03-23 11:04:06,484 INFO - Trying to enqueue tasks: [<TaskInstance: snowflake_data_pipeline.check_new_data manual__2025-03-23T11:04:06.214007+00:00 [scheduled]>] for executor: LocalExecutor(parallelism=32)
2025-03-23 11:04:06,485 INFO - Sending TaskInstanceKey(dag_id='snowflake_data_pipeline', task_id='check_new_data', run_id='manual__2025-03-23T11:04:06.214007+00:00', try_number=1, map_index=-1) to LocalExecutor with priority 2 and queue default
2025-03-23 11:04:06,485 INFO - Adding to queue: ['airflow', 'tasks', 'run', 'snowflake_data_pipeline', 'check_new_data', 'manual__2025-03-23T11:04:06.214007+00:00', '--local', '--subdir', 'DAGS_FOLDER/check_data_availabilty.py']
2025-03-23 11:04:06,499 INFO - QueuedLocalWorker running ['airflow', 'tasks', 'run', 'snowflake_data_pipeline', 'check_new_data', 'manual__2025-03-23T11:04:06.214007+00:00', '--local', '--subdir', 'DAGS_FOLDER/check_data_availabilty.py']
2025-03-23 11:04:06,580 INFO - Filling up the DagBag from /home/ravi/analytics_platform/Insurance_analytics/***/dags/check_data_availabilty.py
2025-03-23 11:04:07,068 INFO - Running <TaskInstance: snowflake_data_pipeline.check_new_data manual__2025-03-23T11:04:06.214007+00:00 [queued]> on host LAPTOP-4RSLRQ9T.
2025-03-23 11:04:08,935 INFO - 1 tasks up for execution:
	<TaskInstance: snowflake_data_pipeline.process_new_data manual__2025-03-23T11:04:06.214007+00:00 [scheduled]>
2025-03-23 11:04:08,935 INFO - DAG snowflake_data_pipeline has 0/16 running and queued tasks
2025-03-23 11:04:08,935 INFO - Setting the following tasks to queued state:
	<TaskInstance: snowflake_data_pipeline.process_new_data manual__2025-03-23T11:04:06.214007+00:00 [scheduled]>
2025-03-23 11:04:08,937 INFO - Trying to enqueue tasks: [<TaskInstance: snowflake_data_pipeline.process_new_data manual__2025-03-23T11:04:06.214007+00:00 [scheduled]>] for executor: LocalExecutor(parallelism=32)
2025-03-23 11:04:08,937 INFO - Sending TaskInstanceKey(dag_id='snowflake_data_pipeline', task_id='process_new_data', run_id='manual__2025-03-23T11:04:06.214007+00:00', try_number=1, map_index=-1) to LocalExecutor with priority 1 and queue default
2025-03-23 11:04:08,937 INFO - Adding to queue: ['airflow', 'tasks', 'run', 'snowflake_data_pipeline', 'process_new_data', 'manual__2025-03-23T11:04:06.214007+00:00', '--local', '--subdir', 'DAGS_FOLDER/check_data_availabilty.py']
2025-03-23 11:04:08,941 INFO - Received executor event with state success for task instance TaskInstanceKey(dag_id='snowflake_data_pipeline', task_id='check_new_data', run_id='manual__2025-03-23T11:04:06.214007+00:00', try_number=1, map_index=-1)
2025-03-23 11:04:08,946 INFO - TaskInstance Finished: dag_id=snowflake_data_pipeline, task_id=check_new_data, run_id=manual__2025-03-23T11:04:06.214007+00:00, map_index=-1, run_start_date=2025-03-23 11:04:07.121463+00:00, run_end_date=2025-03-23 11:04:08.096417+00:00, run_duration=0.974954, state=success, executor=LocalExecutor(parallelism=32), executor_state=success, try_number=1, max_tries=1, job_id=160, pool=default_pool, queue=default, priority_weight=2, operator=SqlSensor, queued_dttm=2025-03-23 11:04:06.483798+00:00, queued_by_job_id=47, pid=18069
2025-03-23 11:04:08,948 INFO - QueuedLocalWorker running ['airflow', 'tasks', 'run', 'snowflake_data_pipeline', 'process_new_data', 'manual__2025-03-23T11:04:06.214007+00:00', '--local', '--subdir', 'DAGS_FOLDER/check_data_availabilty.py']
2025-03-23 11:04:08,999 INFO - Filling up the DagBag from /home/ravi/analytics_platform/Insurance_analytics/***/dags/check_data_availabilty.py
2025-03-23 11:04:09,434 INFO - Running <TaskInstance: snowflake_data_pipeline.process_new_data manual__2025-03-23T11:04:06.214007+00:00 [queued]> on host LAPTOP-4RSLRQ9T.
2025-03-23 11:04:11,532 INFO - Received executor event with state success for task instance TaskInstanceKey(dag_id='snowflake_data_pipeline', task_id='process_new_data', run_id='manual__2025-03-23T11:04:06.214007+00:00', try_number=1, map_index=-1)
2025-03-23 11:04:11,535 INFO - TaskInstance Finished: dag_id=snowflake_data_pipeline, task_id=process_new_data, run_id=manual__2025-03-23T11:04:06.214007+00:00, map_index=-1, run_start_date=2025-03-23 11:04:09.491127+00:00, run_end_date=2025-03-23 11:04:10.759888+00:00, run_duration=1.268761, state=up_for_retry, executor=LocalExecutor(parallelism=32), executor_state=success, try_number=1, max_tries=1, job_id=161, pool=default_pool, queue=default, priority_weight=1, operator=SqlSensor, queued_dttm=2025-03-23 11:04:08.936199+00:00, queued_by_job_id=47, pid=18110
2025-03-23 11:05:06,999 INFO - 1 tasks up for execution:
	<TaskInstance: snowflake_data_pipeline.process_new_data scheduled__2025-03-23T10:00:00+00:00 [scheduled]>
2025-03-23 11:05:07,000 INFO - DAG snowflake_data_pipeline has 0/16 running and queued tasks
2025-03-23 11:05:07,000 INFO - Setting the following tasks to queued state:
	<TaskInstance: snowflake_data_pipeline.process_new_data scheduled__2025-03-23T10:00:00+00:00 [scheduled]>
2025-03-23 11:05:07,002 INFO - Trying to enqueue tasks: [<TaskInstance: snowflake_data_pipeline.process_new_data scheduled__2025-03-23T10:00:00+00:00 [scheduled]>] for executor: LocalExecutor(parallelism=32)
2025-03-23 11:05:07,002 INFO - Sending TaskInstanceKey(dag_id='snowflake_data_pipeline', task_id='process_new_data', run_id='scheduled__2025-03-23T10:00:00+00:00', try_number=2, map_index=-1) to LocalExecutor with priority 1 and queue default
2025-03-23 11:05:07,002 INFO - Adding to queue: ['airflow', 'tasks', 'run', 'snowflake_data_pipeline', 'process_new_data', 'scheduled__2025-03-23T10:00:00+00:00', '--local', '--subdir', 'DAGS_FOLDER/check_data_availabilty.py']
2025-03-23 11:05:07,035 INFO - QueuedLocalWorker running ['airflow', 'tasks', 'run', 'snowflake_data_pipeline', 'process_new_data', 'scheduled__2025-03-23T10:00:00+00:00', '--local', '--subdir', 'DAGS_FOLDER/check_data_availabilty.py']
2025-03-23 11:05:07,127 INFO - Filling up the DagBag from /home/ravi/analytics_platform/Insurance_analytics/***/dags/check_data_availabilty.py
2025-03-23 11:05:07,583 INFO - Running <TaskInstance: snowflake_data_pipeline.process_new_data scheduled__2025-03-23T10:00:00+00:00 [queued]> on host LAPTOP-4RSLRQ9T.
2025-03-23 11:05:09,346 ERROR - Marking run <DagRun snowflake_data_pipeline @ 2025-03-23 10:00:00+00:00: scheduled__2025-03-23T10:00:00+00:00, state:running, queued_at: 2025-03-23 11:00:00.946219+00:00. externally triggered: False> failed
2025-03-23 11:05:09,346 INFO - DagRun Finished: dag_id=snowflake_data_pipeline, execution_date=2025-03-23 10:00:00+00:00, run_id=scheduled__2025-03-23T10:00:00+00:00, run_start_date=2025-03-23 11:00:00.964225+00:00, run_end_date=2025-03-23 11:05:09.346858+00:00, run_duration=308.382633, state=failed, external_trigger=False, run_type=scheduled, data_interval_start=2025-03-23 10:00:00+00:00, data_interval_end=2025-03-23 11:00:00+00:00, dag_hash=bfbf7632056508c88c340ad2d476f394
2025-03-23 11:05:09,349 INFO - Setting next_dagrun for snowflake_data_pipeline to 2025-03-23 11:00:00+00:00, run_after=2025-03-23 12:00:00+00:00
2025-03-23 11:05:09,375 INFO - Received executor event with state success for task instance TaskInstanceKey(dag_id='snowflake_data_pipeline', task_id='process_new_data', run_id='scheduled__2025-03-23T10:00:00+00:00', try_number=2, map_index=-1)
2025-03-23 11:05:09,378 INFO - TaskInstance Finished: dag_id=snowflake_data_pipeline, task_id=process_new_data, run_id=scheduled__2025-03-23T10:00:00+00:00, map_index=-1, run_start_date=2025-03-23 11:05:07.650136+00:00, run_end_date=2025-03-23 11:05:08.897325+00:00, run_duration=1.247189, state=failed, executor=LocalExecutor(parallelism=32), executor_state=success, try_number=2, max_tries=1, job_id=162, pool=default_pool, queue=default, priority_weight=1, operator=SqlSensor, queued_dttm=2025-03-23 11:05:07.000771+00:00, queued_by_job_id=47, pid=18329
2025-03-23 11:06:50,355 INFO - 1 tasks up for execution:
	<TaskInstance: snowflake_data_pipeline.process_new_data manual__2025-03-23T11:01:45.874045+00:00 [scheduled]>
2025-03-23 11:06:50,356 INFO - DAG snowflake_data_pipeline has 0/16 running and queued tasks
2025-03-23 11:06:50,356 INFO - Setting the following tasks to queued state:
	<TaskInstance: snowflake_data_pipeline.process_new_data manual__2025-03-23T11:01:45.874045+00:00 [scheduled]>
2025-03-23 11:06:50,357 INFO - Trying to enqueue tasks: [<TaskInstance: snowflake_data_pipeline.process_new_data manual__2025-03-23T11:01:45.874045+00:00 [scheduled]>] for executor: LocalExecutor(parallelism=32)
2025-03-23 11:06:50,357 INFO - Sending TaskInstanceKey(dag_id='snowflake_data_pipeline', task_id='process_new_data', run_id='manual__2025-03-23T11:01:45.874045+00:00', try_number=2, map_index=-1) to LocalExecutor with priority 1 and queue default
2025-03-23 11:06:50,358 INFO - Adding to queue: ['airflow', 'tasks', 'run', 'snowflake_data_pipeline', 'process_new_data', 'manual__2025-03-23T11:01:45.874045+00:00', '--local', '--subdir', 'DAGS_FOLDER/check_data_availabilty.py']
2025-03-23 11:06:50,390 INFO - QueuedLocalWorker running ['airflow', 'tasks', 'run', 'snowflake_data_pipeline', 'process_new_data', 'manual__2025-03-23T11:01:45.874045+00:00', '--local', '--subdir', 'DAGS_FOLDER/check_data_availabilty.py']
2025-03-23 11:06:50,469 INFO - Filling up the DagBag from /home/ravi/analytics_platform/Insurance_analytics/***/dags/check_data_availabilty.py
2025-03-23 11:06:50,923 INFO - Running <TaskInstance: snowflake_data_pipeline.process_new_data manual__2025-03-23T11:01:45.874045+00:00 [queued]> on host LAPTOP-4RSLRQ9T.
2025-03-23 11:06:52,937 ERROR - Marking run <DagRun snowflake_data_pipeline @ 2025-03-23 11:01:45.874045+00:00: manual__2025-03-23T11:01:45.874045+00:00, state:running, queued_at: 2025-03-23 11:01:45.942077+00:00. externally triggered: True> failed
2025-03-23 11:06:52,938 INFO - DagRun Finished: dag_id=snowflake_data_pipeline, execution_date=2025-03-23 11:01:45.874045+00:00, run_id=manual__2025-03-23T11:01:45.874045+00:00, run_start_date=2025-03-23 11:01:46.399178+00:00, run_end_date=2025-03-23 11:06:52.938190+00:00, run_duration=306.539012, state=failed, external_trigger=True, run_type=manual, data_interval_start=2025-03-23 10:00:00+00:00, data_interval_end=2025-03-23 11:00:00+00:00, dag_hash=bfbf7632056508c88c340ad2d476f394
2025-03-23 11:06:52,967 INFO - Received executor event with state success for task instance TaskInstanceKey(dag_id='snowflake_data_pipeline', task_id='process_new_data', run_id='manual__2025-03-23T11:01:45.874045+00:00', try_number=2, map_index=-1)
2025-03-23 11:06:52,970 INFO - TaskInstance Finished: dag_id=snowflake_data_pipeline, task_id=process_new_data, run_id=manual__2025-03-23T11:01:45.874045+00:00, map_index=-1, run_start_date=2025-03-23 11:06:50.975914+00:00, run_end_date=2025-03-23 11:06:52.366520+00:00, run_duration=1.390606, state=failed, executor=LocalExecutor(parallelism=32), executor_state=success, try_number=2, max_tries=1, job_id=163, pool=default_pool, queue=default, priority_weight=1, operator=SqlSensor, queued_dttm=2025-03-23 11:06:50.356796+00:00, queued_by_job_id=47, pid=18702
2025-03-23 11:08:06,604 INFO - 1 tasks up for execution:
	<TaskInstance: snowflake_data_pipeline.process_new_data manual__2025-03-23T11:03:01.699374+00:00 [scheduled]>
2025-03-23 11:08:06,604 INFO - DAG snowflake_data_pipeline has 0/16 running and queued tasks
2025-03-23 11:08:06,604 INFO - Setting the following tasks to queued state:
	<TaskInstance: snowflake_data_pipeline.process_new_data manual__2025-03-23T11:03:01.699374+00:00 [scheduled]>
2025-03-23 11:08:06,606 INFO - Trying to enqueue tasks: [<TaskInstance: snowflake_data_pipeline.process_new_data manual__2025-03-23T11:03:01.699374+00:00 [scheduled]>] for executor: LocalExecutor(parallelism=32)
2025-03-23 11:08:06,606 INFO - Sending TaskInstanceKey(dag_id='snowflake_data_pipeline', task_id='process_new_data', run_id='manual__2025-03-23T11:03:01.699374+00:00', try_number=2, map_index=-1) to LocalExecutor with priority 1 and queue default
2025-03-23 11:08:06,606 INFO - Adding to queue: ['airflow', 'tasks', 'run', 'snowflake_data_pipeline', 'process_new_data', 'manual__2025-03-23T11:03:01.699374+00:00', '--local', '--subdir', 'DAGS_FOLDER/check_data_availabilty.py']
2025-03-23 11:08:06,643 INFO - QueuedLocalWorker running ['airflow', 'tasks', 'run', 'snowflake_data_pipeline', 'process_new_data', 'manual__2025-03-23T11:03:01.699374+00:00', '--local', '--subdir', 'DAGS_FOLDER/check_data_availabilty.py']
2025-03-23 11:08:06,744 INFO - Filling up the DagBag from /home/ravi/analytics_platform/Insurance_analytics/***/dags/check_data_availabilty.py
2025-03-23 11:08:07,193 INFO - Running <TaskInstance: snowflake_data_pipeline.process_new_data manual__2025-03-23T11:03:01.699374+00:00 [queued]> on host LAPTOP-4RSLRQ9T.
2025-03-23 11:08:09,527 ERROR - Marking run <DagRun snowflake_data_pipeline @ 2025-03-23 11:03:01.699374+00:00: manual__2025-03-23T11:03:01.699374+00:00, state:running, queued_at: 2025-03-23 11:03:01.709618+00:00. externally triggered: True> failed
2025-03-23 11:08:09,527 INFO - DagRun Finished: dag_id=snowflake_data_pipeline, execution_date=2025-03-23 11:03:01.699374+00:00, run_id=manual__2025-03-23T11:03:01.699374+00:00, run_start_date=2025-03-23 11:03:01.724297+00:00, run_end_date=2025-03-23 11:08:09.527846+00:00, run_duration=307.803549, state=failed, external_trigger=True, run_type=manual, data_interval_start=2025-03-23 10:00:00+00:00, data_interval_end=2025-03-23 11:00:00+00:00, dag_hash=bfbf7632056508c88c340ad2d476f394
2025-03-23 11:08:09,549 INFO - Received executor event with state success for task instance TaskInstanceKey(dag_id='snowflake_data_pipeline', task_id='process_new_data', run_id='manual__2025-03-23T11:03:01.699374+00:00', try_number=2, map_index=-1)
2025-03-23 11:08:09,551 INFO - TaskInstance Finished: dag_id=snowflake_data_pipeline, task_id=process_new_data, run_id=manual__2025-03-23T11:03:01.699374+00:00, map_index=-1, run_start_date=2025-03-23 11:08:07.247301+00:00, run_end_date=2025-03-23 11:08:08.535456+00:00, run_duration=1.288155, state=failed, executor=LocalExecutor(parallelism=32), executor_state=success, try_number=2, max_tries=1, job_id=164, pool=default_pool, queue=default, priority_weight=1, operator=SqlSensor, queued_dttm=2025-03-23 11:08:06.605258+00:00, queued_by_job_id=47, pid=18982
2025-03-23 11:09:10,929 INFO - 1 tasks up for execution:
	<TaskInstance: snowflake_data_pipeline.process_new_data manual__2025-03-23T11:04:06.214007+00:00 [scheduled]>
2025-03-23 11:09:10,930 INFO - DAG snowflake_data_pipeline has 0/16 running and queued tasks
2025-03-23 11:09:10,930 INFO - Setting the following tasks to queued state:
	<TaskInstance: snowflake_data_pipeline.process_new_data manual__2025-03-23T11:04:06.214007+00:00 [scheduled]>
2025-03-23 11:09:10,932 INFO - Trying to enqueue tasks: [<TaskInstance: snowflake_data_pipeline.process_new_data manual__2025-03-23T11:04:06.214007+00:00 [scheduled]>] for executor: LocalExecutor(parallelism=32)
2025-03-23 11:09:10,932 INFO - Sending TaskInstanceKey(dag_id='snowflake_data_pipeline', task_id='process_new_data', run_id='manual__2025-03-23T11:04:06.214007+00:00', try_number=2, map_index=-1) to LocalExecutor with priority 1 and queue default
2025-03-23 11:09:10,933 INFO - Adding to queue: ['airflow', 'tasks', 'run', 'snowflake_data_pipeline', 'process_new_data', 'manual__2025-03-23T11:04:06.214007+00:00', '--local', '--subdir', 'DAGS_FOLDER/check_data_availabilty.py']
2025-03-23 11:09:10,971 INFO - QueuedLocalWorker running ['airflow', 'tasks', 'run', 'snowflake_data_pipeline', 'process_new_data', 'manual__2025-03-23T11:04:06.214007+00:00', '--local', '--subdir', 'DAGS_FOLDER/check_data_availabilty.py']
2025-03-23 11:09:11,075 INFO - Filling up the DagBag from /home/ravi/analytics_platform/Insurance_analytics/***/dags/check_data_availabilty.py
2025-03-23 11:09:11,579 INFO - Running <TaskInstance: snowflake_data_pipeline.process_new_data manual__2025-03-23T11:04:06.214007+00:00 [queued]> on host LAPTOP-4RSLRQ9T.
2025-03-23 11:09:13,037 ERROR - Marking run <DagRun snowflake_data_pipeline @ 2025-03-23 11:04:06.214007+00:00: manual__2025-03-23T11:04:06.214007+00:00, state:running, queued_at: 2025-03-23 11:04:06.230695+00:00. externally triggered: True> failed
2025-03-23 11:09:13,038 INFO - DagRun Finished: dag_id=snowflake_data_pipeline, execution_date=2025-03-23 11:04:06.214007+00:00, run_id=manual__2025-03-23T11:04:06.214007+00:00, run_start_date=2025-03-23 11:04:06.423795+00:00, run_end_date=2025-03-23 11:09:13.038220+00:00, run_duration=306.614425, state=failed, external_trigger=True, run_type=manual, data_interval_start=2025-03-23 10:00:00+00:00, data_interval_end=2025-03-23 11:00:00+00:00, dag_hash=bfbf7632056508c88c340ad2d476f394
2025-03-23 11:09:14,090 INFO - Received executor event with state success for task instance TaskInstanceKey(dag_id='snowflake_data_pipeline', task_id='process_new_data', run_id='manual__2025-03-23T11:04:06.214007+00:00', try_number=2, map_index=-1)
2025-03-23 11:09:14,094 INFO - TaskInstance Finished: dag_id=snowflake_data_pipeline, task_id=process_new_data, run_id=manual__2025-03-23T11:04:06.214007+00:00, map_index=-1, run_start_date=2025-03-23 11:09:11.644232+00:00, run_end_date=2025-03-23 11:09:12.935920+00:00, run_duration=1.291688, state=failed, executor=LocalExecutor(parallelism=32), executor_state=success, try_number=2, max_tries=1, job_id=165, pool=default_pool, queue=default, priority_weight=1, operator=SqlSensor, queued_dttm=2025-03-23 11:09:10.930845+00:00, queued_by_job_id=47, pid=19211
2025-03-23 11:09:17,995 INFO - Adopting or resetting orphaned tasks for active dag runs
2025-03-23 11:14:44,460 INFO - Adopting or resetting orphaned tasks for active dag runs
2025-03-23 11:19:16,982 INFO - 1 tasks up for execution:
	<TaskInstance: snowflake_data_pipeline.check_new_data manual__2025-03-23T11:19:16.856298+00:00 [scheduled]>
2025-03-23 11:19:16,985 INFO - DAG snowflake_data_pipeline has 0/16 running and queued tasks
2025-03-23 11:19:16,985 INFO - Setting the following tasks to queued state:
	<TaskInstance: snowflake_data_pipeline.check_new_data manual__2025-03-23T11:19:16.856298+00:00 [scheduled]>
2025-03-23 11:19:16,987 INFO - Trying to enqueue tasks: [<TaskInstance: snowflake_data_pipeline.check_new_data manual__2025-03-23T11:19:16.856298+00:00 [scheduled]>] for executor: LocalExecutor(parallelism=32)
2025-03-23 11:19:16,987 INFO - Sending TaskInstanceKey(dag_id='snowflake_data_pipeline', task_id='check_new_data', run_id='manual__2025-03-23T11:19:16.856298+00:00', try_number=1, map_index=-1) to LocalExecutor with priority 2 and queue default
2025-03-23 11:19:16,987 INFO - Adding to queue: ['airflow', 'tasks', 'run', 'snowflake_data_pipeline', 'check_new_data', 'manual__2025-03-23T11:19:16.856298+00:00', '--local', '--subdir', 'DAGS_FOLDER/check_data_availabilty.py']
2025-03-23 11:19:17,002 INFO - QueuedLocalWorker running ['airflow', 'tasks', 'run', 'snowflake_data_pipeline', 'check_new_data', 'manual__2025-03-23T11:19:16.856298+00:00', '--local', '--subdir', 'DAGS_FOLDER/check_data_availabilty.py']
2025-03-23 11:19:17,058 INFO - Filling up the DagBag from /home/ravi/analytics_platform/Insurance_analytics/***/dags/check_data_availabilty.py
2025-03-23 11:19:18,110 INFO - Running <TaskInstance: snowflake_data_pipeline.check_new_data manual__2025-03-23T11:19:16.856298+00:00 [queued]> on host LAPTOP-4RSLRQ9T.
2025-03-23 11:19:20,186 INFO - 1 tasks up for execution:
	<TaskInstance: snowflake_data_pipeline.process_new_data manual__2025-03-23T11:19:16.856298+00:00 [scheduled]>
2025-03-23 11:19:20,186 INFO - DAG snowflake_data_pipeline has 0/16 running and queued tasks
2025-03-23 11:19:20,186 INFO - Setting the following tasks to queued state:
	<TaskInstance: snowflake_data_pipeline.process_new_data manual__2025-03-23T11:19:16.856298+00:00 [scheduled]>
2025-03-23 11:19:20,188 INFO - Trying to enqueue tasks: [<TaskInstance: snowflake_data_pipeline.process_new_data manual__2025-03-23T11:19:16.856298+00:00 [scheduled]>] for executor: LocalExecutor(parallelism=32)
2025-03-23 11:19:20,188 INFO - Sending TaskInstanceKey(dag_id='snowflake_data_pipeline', task_id='process_new_data', run_id='manual__2025-03-23T11:19:16.856298+00:00', try_number=1, map_index=-1) to LocalExecutor with priority 1 and queue default
2025-03-23 11:19:20,188 INFO - Adding to queue: ['airflow', 'tasks', 'run', 'snowflake_data_pipeline', 'process_new_data', 'manual__2025-03-23T11:19:16.856298+00:00', '--local', '--subdir', 'DAGS_FOLDER/check_data_availabilty.py']
2025-03-23 11:19:20,192 INFO - Received executor event with state success for task instance TaskInstanceKey(dag_id='snowflake_data_pipeline', task_id='check_new_data', run_id='manual__2025-03-23T11:19:16.856298+00:00', try_number=1, map_index=-1)
2025-03-23 11:19:20,195 INFO - TaskInstance Finished: dag_id=snowflake_data_pipeline, task_id=check_new_data, run_id=manual__2025-03-23T11:19:16.856298+00:00, map_index=-1, run_start_date=2025-03-23 11:19:18.171292+00:00, run_end_date=2025-03-23 11:19:19.402633+00:00, run_duration=1.231341, state=success, executor=LocalExecutor(parallelism=32), executor_state=success, try_number=1, max_tries=1, job_id=166, pool=default_pool, queue=default, priority_weight=2, operator=SqlSensor, queued_dttm=2025-03-23 11:19:16.986057+00:00, queued_by_job_id=47, pid=21155
2025-03-23 11:19:20,202 INFO - QueuedLocalWorker running ['airflow', 'tasks', 'run', 'snowflake_data_pipeline', 'process_new_data', 'manual__2025-03-23T11:19:16.856298+00:00', '--local', '--subdir', 'DAGS_FOLDER/check_data_availabilty.py']
2025-03-23 11:19:20,276 INFO - Filling up the DagBag from /home/ravi/analytics_platform/Insurance_analytics/***/dags/check_data_availabilty.py
2025-03-23 11:19:20,744 INFO - Running <TaskInstance: snowflake_data_pipeline.process_new_data manual__2025-03-23T11:19:16.856298+00:00 [queued]> on host LAPTOP-4RSLRQ9T.
2025-03-23 11:19:22,445 INFO - Received executor event with state success for task instance TaskInstanceKey(dag_id='snowflake_data_pipeline', task_id='process_new_data', run_id='manual__2025-03-23T11:19:16.856298+00:00', try_number=1, map_index=-1)
2025-03-23 11:19:22,448 INFO - TaskInstance Finished: dag_id=snowflake_data_pipeline, task_id=process_new_data, run_id=manual__2025-03-23T11:19:16.856298+00:00, map_index=-1, run_start_date=2025-03-23 11:19:20.802038+00:00, run_end_date=2025-03-23 11:19:21.732382+00:00, run_duration=0.930344, state=up_for_retry, executor=LocalExecutor(parallelism=32), executor_state=success, try_number=1, max_tries=1, job_id=167, pool=default_pool, queue=default, priority_weight=1, operator=SqlSensor, queued_dttm=2025-03-23 11:19:20.187232+00:00, queued_by_job_id=47, pid=21198
2025-03-23 11:20:10,913 INFO - Adopting or resetting orphaned tasks for active dag runs
2025-03-23 11:21:20,537 INFO - 1 tasks up for execution:
	<TaskInstance: snowflake_data_pipeline.check_new_data manual__2025-03-23T11:21:20.387989+00:00 [scheduled]>
2025-03-23 11:21:20,539 INFO - DAG snowflake_data_pipeline has 0/16 running and queued tasks
2025-03-23 11:21:20,539 INFO - Setting the following tasks to queued state:
	<TaskInstance: snowflake_data_pipeline.check_new_data manual__2025-03-23T11:21:20.387989+00:00 [scheduled]>
2025-03-23 11:21:20,541 INFO - Trying to enqueue tasks: [<TaskInstance: snowflake_data_pipeline.check_new_data manual__2025-03-23T11:21:20.387989+00:00 [scheduled]>] for executor: LocalExecutor(parallelism=32)
2025-03-23 11:21:20,541 INFO - Sending TaskInstanceKey(dag_id='snowflake_data_pipeline', task_id='check_new_data', run_id='manual__2025-03-23T11:21:20.387989+00:00', try_number=1, map_index=-1) to LocalExecutor with priority 2 and queue default
2025-03-23 11:21:20,541 INFO - Adding to queue: ['airflow', 'tasks', 'run', 'snowflake_data_pipeline', 'check_new_data', 'manual__2025-03-23T11:21:20.387989+00:00', '--local', '--subdir', 'DAGS_FOLDER/check_data_availabilty.py']
2025-03-23 11:21:20,551 INFO - QueuedLocalWorker running ['airflow', 'tasks', 'run', 'snowflake_data_pipeline', 'check_new_data', 'manual__2025-03-23T11:21:20.387989+00:00', '--local', '--subdir', 'DAGS_FOLDER/check_data_availabilty.py']
2025-03-23 11:21:20,607 INFO - Filling up the DagBag from /home/ravi/analytics_platform/Insurance_analytics/***/dags/check_data_availabilty.py
2025-03-23 11:21:21,514 INFO - Running <TaskInstance: snowflake_data_pipeline.check_new_data manual__2025-03-23T11:21:20.387989+00:00 [queued]> on host LAPTOP-4RSLRQ9T.
2025-03-23 11:21:25,900 INFO - 1 tasks up for execution:
	<TaskInstance: snowflake_data_pipeline.process_new_data manual__2025-03-23T11:21:20.387989+00:00 [scheduled]>
2025-03-23 11:21:25,900 INFO - DAG snowflake_data_pipeline has 0/16 running and queued tasks
2025-03-23 11:21:25,900 INFO - Setting the following tasks to queued state:
	<TaskInstance: snowflake_data_pipeline.process_new_data manual__2025-03-23T11:21:20.387989+00:00 [scheduled]>
2025-03-23 11:21:25,901 INFO - Trying to enqueue tasks: [<TaskInstance: snowflake_data_pipeline.process_new_data manual__2025-03-23T11:21:20.387989+00:00 [scheduled]>] for executor: LocalExecutor(parallelism=32)
2025-03-23 11:21:25,901 INFO - Sending TaskInstanceKey(dag_id='snowflake_data_pipeline', task_id='process_new_data', run_id='manual__2025-03-23T11:21:20.387989+00:00', try_number=1, map_index=-1) to LocalExecutor with priority 1 and queue default
2025-03-23 11:21:25,902 INFO - Adding to queue: ['airflow', 'tasks', 'run', 'snowflake_data_pipeline', 'process_new_data', 'manual__2025-03-23T11:21:20.387989+00:00', '--local', '--subdir', 'DAGS_FOLDER/check_data_availabilty.py']
2025-03-23 11:21:25,905 INFO - Received executor event with state success for task instance TaskInstanceKey(dag_id='snowflake_data_pipeline', task_id='check_new_data', run_id='manual__2025-03-23T11:21:20.387989+00:00', try_number=1, map_index=-1)
2025-03-23 11:21:25,908 INFO - TaskInstance Finished: dag_id=snowflake_data_pipeline, task_id=check_new_data, run_id=manual__2025-03-23T11:21:20.387989+00:00, map_index=-1, run_start_date=2025-03-23 11:21:21.567975+00:00, run_end_date=2025-03-23 11:21:25.554921+00:00, run_duration=3.986946, state=success, executor=LocalExecutor(parallelism=32), executor_state=success, try_number=1, max_tries=1, job_id=168, pool=default_pool, queue=default, priority_weight=2, operator=SqlSensor, queued_dttm=2025-03-23 11:21:20.540252+00:00, queued_by_job_id=47, pid=21619
2025-03-23 11:21:25,914 INFO - QueuedLocalWorker running ['airflow', 'tasks', 'run', 'snowflake_data_pipeline', 'process_new_data', 'manual__2025-03-23T11:21:20.387989+00:00', '--local', '--subdir', 'DAGS_FOLDER/check_data_availabilty.py']
2025-03-23 11:21:25,962 INFO - Filling up the DagBag from /home/ravi/analytics_platform/Insurance_analytics/***/dags/check_data_availabilty.py
2025-03-23 11:21:26,477 INFO - Running <TaskInstance: snowflake_data_pipeline.process_new_data manual__2025-03-23T11:21:20.387989+00:00 [queued]> on host LAPTOP-4RSLRQ9T.
2025-03-23 11:21:29,000 INFO - Marking run <DagRun snowflake_data_pipeline @ 2025-03-23 11:21:20.387989+00:00: manual__2025-03-23T11:21:20.387989+00:00, state:running, queued_at: 2025-03-23 11:21:20.420647+00:00. externally triggered: True> successful
2025-03-23 11:21:29,001 INFO - DagRun Finished: dag_id=snowflake_data_pipeline, execution_date=2025-03-23 11:21:20.387989+00:00, run_id=manual__2025-03-23T11:21:20.387989+00:00, run_start_date=2025-03-23 11:21:20.506381+00:00, run_end_date=2025-03-23 11:21:29.000857+00:00, run_duration=8.494476, state=success, external_trigger=True, run_type=manual, data_interval_start=2025-03-23 10:00:00+00:00, data_interval_end=2025-03-23 11:00:00+00:00, dag_hash=bfbf7632056508c88c340ad2d476f394
2025-03-23 11:21:29,025 INFO - Received executor event with state success for task instance TaskInstanceKey(dag_id='snowflake_data_pipeline', task_id='process_new_data', run_id='manual__2025-03-23T11:21:20.387989+00:00', try_number=1, map_index=-1)
2025-03-23 11:21:29,026 INFO - TaskInstance Finished: dag_id=snowflake_data_pipeline, task_id=process_new_data, run_id=manual__2025-03-23T11:21:20.387989+00:00, map_index=-1, run_start_date=2025-03-23 11:21:26.542476+00:00, run_end_date=2025-03-23 11:21:28.325745+00:00, run_duration=1.783269, state=success, executor=LocalExecutor(parallelism=32), executor_state=success, try_number=1, max_tries=1, job_id=169, pool=default_pool, queue=default, priority_weight=1, operator=SqlSensor, queued_dttm=2025-03-23 11:21:25.900803+00:00, queued_by_job_id=47, pid=21666
2025-03-23 11:22:22,049 INFO - 1 tasks up for execution:
	<TaskInstance: snowflake_data_pipeline.check_new_data manual__2025-03-23T11:22:21.835951+00:00 [scheduled]>
2025-03-23 11:22:22,051 INFO - DAG snowflake_data_pipeline has 0/16 running and queued tasks
2025-03-23 11:22:22,052 INFO - Setting the following tasks to queued state:
	<TaskInstance: snowflake_data_pipeline.check_new_data manual__2025-03-23T11:22:21.835951+00:00 [scheduled]>
2025-03-23 11:22:22,053 INFO - Trying to enqueue tasks: [<TaskInstance: snowflake_data_pipeline.check_new_data manual__2025-03-23T11:22:21.835951+00:00 [scheduled]>] for executor: LocalExecutor(parallelism=32)
2025-03-23 11:22:22,053 INFO - Sending TaskInstanceKey(dag_id='snowflake_data_pipeline', task_id='check_new_data', run_id='manual__2025-03-23T11:22:21.835951+00:00', try_number=1, map_index=-1) to LocalExecutor with priority 2 and queue default
2025-03-23 11:22:22,054 INFO - Adding to queue: ['airflow', 'tasks', 'run', 'snowflake_data_pipeline', 'check_new_data', 'manual__2025-03-23T11:22:21.835951+00:00', '--local', '--subdir', 'DAGS_FOLDER/check_data_availabilty.py']
2025-03-23 11:22:22,068 INFO - QueuedLocalWorker running ['airflow', 'tasks', 'run', 'snowflake_data_pipeline', 'check_new_data', 'manual__2025-03-23T11:22:21.835951+00:00', '--local', '--subdir', 'DAGS_FOLDER/check_data_availabilty.py']
2025-03-23 11:22:22,128 INFO - Filling up the DagBag from /home/ravi/analytics_platform/Insurance_analytics/***/dags/check_data_availabilty.py
2025-03-23 11:22:22,969 INFO - Running <TaskInstance: snowflake_data_pipeline.check_new_data manual__2025-03-23T11:22:21.835951+00:00 [queued]> on host LAPTOP-4RSLRQ9T.
2025-03-23 11:22:24,195 INFO - 1 tasks up for execution:
	<TaskInstance: snowflake_data_pipeline.process_new_data manual__2025-03-23T11:22:21.835951+00:00 [scheduled]>
2025-03-23 11:22:24,195 INFO - DAG snowflake_data_pipeline has 0/16 running and queued tasks
2025-03-23 11:22:24,196 INFO - Setting the following tasks to queued state:
	<TaskInstance: snowflake_data_pipeline.process_new_data manual__2025-03-23T11:22:21.835951+00:00 [scheduled]>
2025-03-23 11:22:24,197 INFO - Trying to enqueue tasks: [<TaskInstance: snowflake_data_pipeline.process_new_data manual__2025-03-23T11:22:21.835951+00:00 [scheduled]>] for executor: LocalExecutor(parallelism=32)
2025-03-23 11:22:24,198 INFO - Sending TaskInstanceKey(dag_id='snowflake_data_pipeline', task_id='process_new_data', run_id='manual__2025-03-23T11:22:21.835951+00:00', try_number=1, map_index=-1) to LocalExecutor with priority 1 and queue default
2025-03-23 11:22:24,198 INFO - Adding to queue: ['airflow', 'tasks', 'run', 'snowflake_data_pipeline', 'process_new_data', 'manual__2025-03-23T11:22:21.835951+00:00', '--local', '--subdir', 'DAGS_FOLDER/check_data_availabilty.py']
2025-03-23 11:22:24,203 INFO - Received executor event with state success for task instance TaskInstanceKey(dag_id='snowflake_data_pipeline', task_id='check_new_data', run_id='manual__2025-03-23T11:22:21.835951+00:00', try_number=1, map_index=-1)
2025-03-23 11:22:24,206 INFO - TaskInstance Finished: dag_id=snowflake_data_pipeline, task_id=check_new_data, run_id=manual__2025-03-23T11:22:21.835951+00:00, map_index=-1, run_start_date=2025-03-23 11:22:23.024202+00:00, run_end_date=2025-03-23 11:22:23.999978+00:00, run_duration=0.975776, state=success, executor=LocalExecutor(parallelism=32), executor_state=success, try_number=1, max_tries=1, job_id=170, pool=default_pool, queue=default, priority_weight=2, operator=SqlSensor, queued_dttm=2025-03-23 11:22:22.052545+00:00, queued_by_job_id=47, pid=21873
2025-03-23 11:22:24,212 INFO - QueuedLocalWorker running ['airflow', 'tasks', 'run', 'snowflake_data_pipeline', 'process_new_data', 'manual__2025-03-23T11:22:21.835951+00:00', '--local', '--subdir', 'DAGS_FOLDER/check_data_availabilty.py']
2025-03-23 11:22:24,265 INFO - Filling up the DagBag from /home/ravi/analytics_platform/Insurance_analytics/***/dags/check_data_availabilty.py
2025-03-23 11:22:24,692 INFO - Running <TaskInstance: snowflake_data_pipeline.process_new_data manual__2025-03-23T11:22:21.835951+00:00 [queued]> on host LAPTOP-4RSLRQ9T.
2025-03-23 11:22:27,099 INFO - Marking run <DagRun snowflake_data_pipeline @ 2025-03-23 11:22:21.835951+00:00: manual__2025-03-23T11:22:21.835951+00:00, state:running, queued_at: 2025-03-23 11:22:21.845363+00:00. externally triggered: True> successful
2025-03-23 11:22:27,100 INFO - DagRun Finished: dag_id=snowflake_data_pipeline, execution_date=2025-03-23 11:22:21.835951+00:00, run_id=manual__2025-03-23T11:22:21.835951+00:00, run_start_date=2025-03-23 11:22:22.018501+00:00, run_end_date=2025-03-23 11:22:27.100237+00:00, run_duration=5.081736, state=success, external_trigger=True, run_type=manual, data_interval_start=2025-03-23 10:00:00+00:00, data_interval_end=2025-03-23 11:00:00+00:00, dag_hash=bfbf7632056508c88c340ad2d476f394
2025-03-23 11:22:27,124 INFO - Received executor event with state success for task instance TaskInstanceKey(dag_id='snowflake_data_pipeline', task_id='process_new_data', run_id='manual__2025-03-23T11:22:21.835951+00:00', try_number=1, map_index=-1)
2025-03-23 11:22:27,127 INFO - TaskInstance Finished: dag_id=snowflake_data_pipeline, task_id=process_new_data, run_id=manual__2025-03-23T11:22:21.835951+00:00, map_index=-1, run_start_date=2025-03-23 11:22:24.747246+00:00, run_end_date=2025-03-23 11:22:26.383502+00:00, run_duration=1.636256, state=success, executor=LocalExecutor(parallelism=32), executor_state=success, try_number=1, max_tries=1, job_id=171, pool=default_pool, queue=default, priority_weight=1, operator=SqlSensor, queued_dttm=2025-03-23 11:22:24.196692+00:00, queued_by_job_id=47, pid=21915
2025-03-23 11:24:24,912 INFO - 1 tasks up for execution:
	<TaskInstance: snowflake_data_pipeline.process_new_data manual__2025-03-23T11:19:16.856298+00:00 [scheduled]>
2025-03-23 11:24:24,913 INFO - DAG snowflake_data_pipeline has 0/16 running and queued tasks
2025-03-23 11:24:24,913 INFO - Setting the following tasks to queued state:
	<TaskInstance: snowflake_data_pipeline.process_new_data manual__2025-03-23T11:19:16.856298+00:00 [scheduled]>
2025-03-23 11:24:24,915 INFO - Trying to enqueue tasks: [<TaskInstance: snowflake_data_pipeline.process_new_data manual__2025-03-23T11:19:16.856298+00:00 [scheduled]>] for executor: LocalExecutor(parallelism=32)
2025-03-23 11:24:24,915 INFO - Sending TaskInstanceKey(dag_id='snowflake_data_pipeline', task_id='process_new_data', run_id='manual__2025-03-23T11:19:16.856298+00:00', try_number=2, map_index=-1) to LocalExecutor with priority 1 and queue default
2025-03-23 11:24:24,916 INFO - Adding to queue: ['airflow', 'tasks', 'run', 'snowflake_data_pipeline', 'process_new_data', 'manual__2025-03-23T11:19:16.856298+00:00', '--local', '--subdir', 'DAGS_FOLDER/check_data_availabilty.py']
2025-03-23 11:24:24,928 INFO - QueuedLocalWorker running ['airflow', 'tasks', 'run', 'snowflake_data_pipeline', 'process_new_data', 'manual__2025-03-23T11:19:16.856298+00:00', '--local', '--subdir', 'DAGS_FOLDER/check_data_availabilty.py']
2025-03-23 11:24:24,976 INFO - Filling up the DagBag from /home/ravi/analytics_platform/Insurance_analytics/***/dags/check_data_availabilty.py
2025-03-23 11:24:25,459 INFO - Running <TaskInstance: snowflake_data_pipeline.process_new_data manual__2025-03-23T11:19:16.856298+00:00 [queued]> on host LAPTOP-4RSLRQ9T.
2025-03-23 11:24:28,169 INFO - Marking run <DagRun snowflake_data_pipeline @ 2025-03-23 11:19:16.856298+00:00: manual__2025-03-23T11:19:16.856298+00:00, state:running, queued_at: 2025-03-23 11:19:16.910509+00:00. externally triggered: True> successful
2025-03-23 11:24:28,169 INFO - DagRun Finished: dag_id=snowflake_data_pipeline, execution_date=2025-03-23 11:19:16.856298+00:00, run_id=manual__2025-03-23T11:19:16.856298+00:00, run_start_date=2025-03-23 11:19:16.957277+00:00, run_end_date=2025-03-23 11:24:28.169509+00:00, run_duration=311.212232, state=success, external_trigger=True, run_type=manual, data_interval_start=2025-03-23 10:00:00+00:00, data_interval_end=2025-03-23 11:00:00+00:00, dag_hash=bfbf7632056508c88c340ad2d476f394
2025-03-23 11:24:28,205 INFO - Received executor event with state success for task instance TaskInstanceKey(dag_id='snowflake_data_pipeline', task_id='process_new_data', run_id='manual__2025-03-23T11:19:16.856298+00:00', try_number=2, map_index=-1)
2025-03-23 11:24:28,210 INFO - TaskInstance Finished: dag_id=snowflake_data_pipeline, task_id=process_new_data, run_id=manual__2025-03-23T11:19:16.856298+00:00, map_index=-1, run_start_date=2025-03-23 11:24:25.509090+00:00, run_end_date=2025-03-23 11:24:27.912397+00:00, run_duration=2.403307, state=success, executor=LocalExecutor(parallelism=32), executor_state=success, try_number=2, max_tries=1, job_id=172, pool=default_pool, queue=default, priority_weight=1, operator=SqlSensor, queued_dttm=2025-03-23 11:24:24.913971+00:00, queued_by_job_id=47, pid=22316
2025-03-23 11:24:37,091 INFO - 1 tasks up for execution:
	<TaskInstance: snowflake_data_pipeline.check_new_data manual__2025-03-23T11:24:36.052987+00:00 [scheduled]>
2025-03-23 11:24:37,091 INFO - DAG snowflake_data_pipeline has 0/16 running and queued tasks
2025-03-23 11:24:37,092 INFO - Setting the following tasks to queued state:
	<TaskInstance: snowflake_data_pipeline.check_new_data manual__2025-03-23T11:24:36.052987+00:00 [scheduled]>
2025-03-23 11:24:37,093 INFO - Trying to enqueue tasks: [<TaskInstance: snowflake_data_pipeline.check_new_data manual__2025-03-23T11:24:36.052987+00:00 [scheduled]>] for executor: LocalExecutor(parallelism=32)
2025-03-23 11:24:37,094 INFO - Sending TaskInstanceKey(dag_id='snowflake_data_pipeline', task_id='check_new_data', run_id='manual__2025-03-23T11:24:36.052987+00:00', try_number=1, map_index=-1) to LocalExecutor with priority 2 and queue default
2025-03-23 11:24:37,094 INFO - Adding to queue: ['airflow', 'tasks', 'run', 'snowflake_data_pipeline', 'check_new_data', 'manual__2025-03-23T11:24:36.052987+00:00', '--local', '--subdir', 'DAGS_FOLDER/check_data_availabilty.py']
2025-03-23 11:24:37,113 INFO - QueuedLocalWorker running ['airflow', 'tasks', 'run', 'snowflake_data_pipeline', 'check_new_data', 'manual__2025-03-23T11:24:36.052987+00:00', '--local', '--subdir', 'DAGS_FOLDER/check_data_availabilty.py']
2025-03-23 11:24:37,163 INFO - Filling up the DagBag from /home/ravi/analytics_platform/Insurance_analytics/***/dags/check_data_availabilty.py
2025-03-23 11:24:37,654 INFO - Running <TaskInstance: snowflake_data_pipeline.check_new_data manual__2025-03-23T11:24:36.052987+00:00 [queued]> on host LAPTOP-4RSLRQ9T.
2025-03-23 11:25:44,985 INFO - Adopting or resetting orphaned tasks for active dag runs
2025-03-23 11:30:15,292 INFO - 1 tasks up for execution:
	<TaskInstance: snowflake_data_pipeline.process_new_data manual__2025-03-23T11:24:36.052987+00:00 [scheduled]>
2025-03-23 11:30:15,292 INFO - DAG snowflake_data_pipeline has 0/16 running and queued tasks
2025-03-23 11:30:15,293 INFO - Setting the following tasks to queued state:
	<TaskInstance: snowflake_data_pipeline.process_new_data manual__2025-03-23T11:24:36.052987+00:00 [scheduled]>
2025-03-23 11:30:15,294 INFO - Trying to enqueue tasks: [<TaskInstance: snowflake_data_pipeline.process_new_data manual__2025-03-23T11:24:36.052987+00:00 [scheduled]>] for executor: LocalExecutor(parallelism=32)
2025-03-23 11:30:15,295 INFO - Sending TaskInstanceKey(dag_id='snowflake_data_pipeline', task_id='process_new_data', run_id='manual__2025-03-23T11:24:36.052987+00:00', try_number=1, map_index=-1) to LocalExecutor with priority 1 and queue default
2025-03-23 11:30:15,295 INFO - Adding to queue: ['airflow', 'tasks', 'run', 'snowflake_data_pipeline', 'process_new_data', 'manual__2025-03-23T11:24:36.052987+00:00', '--local', '--subdir', 'DAGS_FOLDER/check_data_availabilty.py']
2025-03-23 11:30:15,301 INFO - Received executor event with state success for task instance TaskInstanceKey(dag_id='snowflake_data_pipeline', task_id='check_new_data', run_id='manual__2025-03-23T11:24:36.052987+00:00', try_number=1, map_index=-1)
2025-03-23 11:30:15,305 INFO - TaskInstance Finished: dag_id=snowflake_data_pipeline, task_id=check_new_data, run_id=manual__2025-03-23T11:24:36.052987+00:00, map_index=-1, run_start_date=2025-03-23 11:24:37.726603+00:00, run_end_date=2025-03-23 11:30:14.424543+00:00, run_duration=336.69794, state=success, executor=LocalExecutor(parallelism=32), executor_state=success, try_number=1, max_tries=1, job_id=173, pool=default_pool, queue=default, priority_weight=2, operator=SqlSensor, queued_dttm=2025-03-23 11:24:37.092665+00:00, queued_by_job_id=47, pid=22398
2025-03-23 11:30:15,311 INFO - QueuedLocalWorker running ['airflow', 'tasks', 'run', 'snowflake_data_pipeline', 'process_new_data', 'manual__2025-03-23T11:24:36.052987+00:00', '--local', '--subdir', 'DAGS_FOLDER/check_data_availabilty.py']
2025-03-23 11:30:15,372 INFO - Filling up the DagBag from /home/ravi/analytics_platform/Insurance_analytics/***/dags/check_data_availabilty.py
2025-03-23 11:30:15,876 INFO - Running <TaskInstance: snowflake_data_pipeline.process_new_data manual__2025-03-23T11:24:36.052987+00:00 [queued]> on host LAPTOP-4RSLRQ9T.
2025-03-23 11:30:19,277 INFO - Marking run <DagRun snowflake_data_pipeline @ 2025-03-23 11:24:36.052987+00:00: manual__2025-03-23T11:24:36.052987+00:00, state:running, queued_at: 2025-03-23 11:24:36.076673+00:00. externally triggered: True> successful
2025-03-23 11:30:19,278 INFO - DagRun Finished: dag_id=snowflake_data_pipeline, execution_date=2025-03-23 11:24:36.052987+00:00, run_id=manual__2025-03-23T11:24:36.052987+00:00, run_start_date=2025-03-23 11:24:37.056547+00:00, run_end_date=2025-03-23 11:30:19.278764+00:00, run_duration=342.222217, state=success, external_trigger=True, run_type=manual, data_interval_start=2025-03-23 10:00:00+00:00, data_interval_end=2025-03-23 11:00:00+00:00, dag_hash=bfbf7632056508c88c340ad2d476f394
2025-03-23 11:30:19,332 INFO - Received executor event with state success for task instance TaskInstanceKey(dag_id='snowflake_data_pipeline', task_id='process_new_data', run_id='manual__2025-03-23T11:24:36.052987+00:00', try_number=1, map_index=-1)
2025-03-23 11:30:19,337 INFO - TaskInstance Finished: dag_id=snowflake_data_pipeline, task_id=process_new_data, run_id=manual__2025-03-23T11:24:36.052987+00:00, map_index=-1, run_start_date=2025-03-23 11:30:15.950361+00:00, run_end_date=2025-03-23 11:30:18.480789+00:00, run_duration=2.530428, state=success, executor=LocalExecutor(parallelism=32), executor_state=success, try_number=1, max_tries=1, job_id=174, pool=default_pool, queue=default, priority_weight=1, operator=SqlSensor, queued_dttm=2025-03-23 11:30:15.293419+00:00, queued_by_job_id=47, pid=23579
2025-03-23 11:31:17,293 INFO - Adopting or resetting orphaned tasks for active dag runs
2025-03-23 11:36:49,881 INFO - Adopting or resetting orphaned tasks for active dag runs
2025-03-23 11:42:25,798 INFO - Adopting or resetting orphaned tasks for active dag runs
2025-03-23 11:44:20,772 INFO - Setting next_dagrun for snowflake_data_pipeline to 2025-03-23 11:05:00+00:00, run_after=2025-03-23 11:10:00+00:00
2025-03-23 11:44:20,807 INFO - 1 tasks up for execution:
	<TaskInstance: snowflake_data_pipeline.check_new_data scheduled__2025-03-23T11:00:00+00:00 [scheduled]>
2025-03-23 11:44:20,807 INFO - DAG snowflake_data_pipeline has 0/16 running and queued tasks
2025-03-23 11:44:20,807 INFO - Setting the following tasks to queued state:
	<TaskInstance: snowflake_data_pipeline.check_new_data scheduled__2025-03-23T11:00:00+00:00 [scheduled]>
2025-03-23 11:44:20,809 INFO - Trying to enqueue tasks: [<TaskInstance: snowflake_data_pipeline.check_new_data scheduled__2025-03-23T11:00:00+00:00 [scheduled]>] for executor: LocalExecutor(parallelism=32)
2025-03-23 11:44:20,810 INFO - Sending TaskInstanceKey(dag_id='snowflake_data_pipeline', task_id='check_new_data', run_id='scheduled__2025-03-23T11:00:00+00:00', try_number=1, map_index=-1) to LocalExecutor with priority 2 and queue default
2025-03-23 11:44:20,810 INFO - Adding to queue: ['airflow', 'tasks', 'run', 'snowflake_data_pipeline', 'check_new_data', 'scheduled__2025-03-23T11:00:00+00:00', '--local', '--subdir', 'DAGS_FOLDER/check_data_availabilty.py']
2025-03-23 11:44:20,833 INFO - Setting next_dagrun for snowflake_data_pipeline to 2025-03-23 11:10:00+00:00, run_after=2025-03-23 11:15:00+00:00
2025-03-23 11:44:20,823 INFO - QueuedLocalWorker running ['airflow', 'tasks', 'run', 'snowflake_data_pipeline', 'check_new_data', 'scheduled__2025-03-23T11:00:00+00:00', '--local', '--subdir', 'DAGS_FOLDER/check_data_availabilty.py']
2025-03-23 11:44:20,863 INFO - 1 tasks up for execution:
	<TaskInstance: snowflake_data_pipeline.check_new_data scheduled__2025-03-23T11:05:00+00:00 [scheduled]>
2025-03-23 11:44:20,863 INFO - DAG snowflake_data_pipeline has 1/16 running and queued tasks
2025-03-23 11:44:20,863 INFO - Setting the following tasks to queued state:
	<TaskInstance: snowflake_data_pipeline.check_new_data scheduled__2025-03-23T11:05:00+00:00 [scheduled]>
2025-03-23 11:44:20,864 INFO - Trying to enqueue tasks: [<TaskInstance: snowflake_data_pipeline.check_new_data scheduled__2025-03-23T11:05:00+00:00 [scheduled]>] for executor: LocalExecutor(parallelism=32)
2025-03-23 11:44:20,865 INFO - Sending TaskInstanceKey(dag_id='snowflake_data_pipeline', task_id='check_new_data', run_id='scheduled__2025-03-23T11:05:00+00:00', try_number=1, map_index=-1) to LocalExecutor with priority 2 and queue default
2025-03-23 11:44:20,865 INFO - Adding to queue: ['airflow', 'tasks', 'run', 'snowflake_data_pipeline', 'check_new_data', 'scheduled__2025-03-23T11:05:00+00:00', '--local', '--subdir', 'DAGS_FOLDER/check_data_availabilty.py']
2025-03-23 11:44:20,877 INFO - QueuedLocalWorker running ['airflow', 'tasks', 'run', 'snowflake_data_pipeline', 'check_new_data', 'scheduled__2025-03-23T11:05:00+00:00', '--local', '--subdir', 'DAGS_FOLDER/check_data_availabilty.py']
2025-03-23 11:44:20,888 INFO - Setting next_dagrun for snowflake_data_pipeline to 2025-03-23 11:15:00+00:00, run_after=2025-03-23 11:20:00+00:00
2025-03-23 11:44:20,921 INFO - Filling up the DagBag from /home/ravi/analytics_platform/Insurance_analytics/***/dags/check_data_availabilty.py
2025-03-23 11:44:20,934 INFO - 1 tasks up for execution:
	<TaskInstance: snowflake_data_pipeline.check_new_data scheduled__2025-03-23T11:10:00+00:00 [scheduled]>
2025-03-23 11:44:20,935 INFO - DAG snowflake_data_pipeline has 2/16 running and queued tasks
2025-03-23 11:44:20,935 INFO - Setting the following tasks to queued state:
	<TaskInstance: snowflake_data_pipeline.check_new_data scheduled__2025-03-23T11:10:00+00:00 [scheduled]>
2025-03-23 11:44:20,936 INFO - Trying to enqueue tasks: [<TaskInstance: snowflake_data_pipeline.check_new_data scheduled__2025-03-23T11:10:00+00:00 [scheduled]>] for executor: LocalExecutor(parallelism=32)
2025-03-23 11:44:20,937 INFO - Sending TaskInstanceKey(dag_id='snowflake_data_pipeline', task_id='check_new_data', run_id='scheduled__2025-03-23T11:10:00+00:00', try_number=1, map_index=-1) to LocalExecutor with priority 2 and queue default
2025-03-23 11:44:20,937 INFO - Adding to queue: ['airflow', 'tasks', 'run', 'snowflake_data_pipeline', 'check_new_data', 'scheduled__2025-03-23T11:10:00+00:00', '--local', '--subdir', 'DAGS_FOLDER/check_data_availabilty.py']
2025-03-23 11:44:20,938 INFO - Filling up the DagBag from /home/ravi/analytics_platform/Insurance_analytics/***/dags/check_data_availabilty.py
2025-03-23 11:44:20,951 INFO - QueuedLocalWorker running ['airflow', 'tasks', 'run', 'snowflake_data_pipeline', 'check_new_data', 'scheduled__2025-03-23T11:10:00+00:00', '--local', '--subdir', 'DAGS_FOLDER/check_data_availabilty.py']
2025-03-23 11:44:20,962 INFO - Setting next_dagrun for snowflake_data_pipeline to 2025-03-23 11:20:00+00:00, run_after=2025-03-23 11:25:00+00:00
2025-03-23 11:44:21,024 INFO - 1 tasks up for execution:
	<TaskInstance: snowflake_data_pipeline.check_new_data scheduled__2025-03-23T11:15:00+00:00 [scheduled]>
2025-03-23 11:44:21,025 INFO - DAG snowflake_data_pipeline has 3/16 running and queued tasks
2025-03-23 11:44:21,026 INFO - Setting the following tasks to queued state:
	<TaskInstance: snowflake_data_pipeline.check_new_data scheduled__2025-03-23T11:15:00+00:00 [scheduled]>
2025-03-23 11:44:21,043 INFO - Trying to enqueue tasks: [<TaskInstance: snowflake_data_pipeline.check_new_data scheduled__2025-03-23T11:15:00+00:00 [scheduled]>] for executor: LocalExecutor(parallelism=32)
2025-03-23 11:44:21,043 INFO - Sending TaskInstanceKey(dag_id='snowflake_data_pipeline', task_id='check_new_data', run_id='scheduled__2025-03-23T11:15:00+00:00', try_number=1, map_index=-1) to LocalExecutor with priority 2 and queue default
2025-03-23 11:44:21,044 INFO - Adding to queue: ['airflow', 'tasks', 'run', 'snowflake_data_pipeline', 'check_new_data', 'scheduled__2025-03-23T11:15:00+00:00', '--local', '--subdir', 'DAGS_FOLDER/check_data_availabilty.py']
2025-03-23 11:44:21,052 INFO - Filling up the DagBag from /home/ravi/analytics_platform/Insurance_analytics/***/dags/check_data_availabilty.py
2025-03-23 11:44:21,075 INFO - Setting next_dagrun for snowflake_data_pipeline to 2025-03-23 11:25:00+00:00, run_after=2025-03-23 11:30:00+00:00
2025-03-23 11:44:21,097 INFO - QueuedLocalWorker running ['airflow', 'tasks', 'run', 'snowflake_data_pipeline', 'check_new_data', 'scheduled__2025-03-23T11:15:00+00:00', '--local', '--subdir', 'DAGS_FOLDER/check_data_availabilty.py']
2025-03-23 11:44:21,172 INFO - 1 tasks up for execution:
	<TaskInstance: snowflake_data_pipeline.check_new_data scheduled__2025-03-23T11:20:00+00:00 [scheduled]>
2025-03-23 11:44:21,172 INFO - DAG snowflake_data_pipeline has 4/16 running and queued tasks
2025-03-23 11:44:21,173 INFO - Setting the following tasks to queued state:
	<TaskInstance: snowflake_data_pipeline.check_new_data scheduled__2025-03-23T11:20:00+00:00 [scheduled]>
2025-03-23 11:44:21,174 INFO - Trying to enqueue tasks: [<TaskInstance: snowflake_data_pipeline.check_new_data scheduled__2025-03-23T11:20:00+00:00 [scheduled]>] for executor: LocalExecutor(parallelism=32)
2025-03-23 11:44:21,175 INFO - Sending TaskInstanceKey(dag_id='snowflake_data_pipeline', task_id='check_new_data', run_id='scheduled__2025-03-23T11:20:00+00:00', try_number=1, map_index=-1) to LocalExecutor with priority 2 and queue default
2025-03-23 11:44:21,175 INFO - Adding to queue: ['airflow', 'tasks', 'run', 'snowflake_data_pipeline', 'check_new_data', 'scheduled__2025-03-23T11:20:00+00:00', '--local', '--subdir', 'DAGS_FOLDER/check_data_availabilty.py']
2025-03-23 11:44:21,205 INFO - Setting next_dagrun for snowflake_data_pipeline to 2025-03-23 11:30:00+00:00, run_after=2025-03-23 11:35:00+00:00
2025-03-23 11:44:21,202 INFO - QueuedLocalWorker running ['airflow', 'tasks', 'run', 'snowflake_data_pipeline', 'check_new_data', 'scheduled__2025-03-23T11:20:00+00:00', '--local', '--subdir', 'DAGS_FOLDER/check_data_availabilty.py']
2025-03-23 11:44:21,283 INFO - 1 tasks up for execution:
	<TaskInstance: snowflake_data_pipeline.check_new_data scheduled__2025-03-23T11:25:00+00:00 [scheduled]>
2025-03-23 11:44:21,284 INFO - DAG snowflake_data_pipeline has 5/16 running and queued tasks
2025-03-23 11:44:21,284 INFO - Setting the following tasks to queued state:
	<TaskInstance: snowflake_data_pipeline.check_new_data scheduled__2025-03-23T11:25:00+00:00 [scheduled]>
2025-03-23 11:44:21,287 INFO - Trying to enqueue tasks: [<TaskInstance: snowflake_data_pipeline.check_new_data scheduled__2025-03-23T11:25:00+00:00 [scheduled]>] for executor: LocalExecutor(parallelism=32)
2025-03-23 11:44:21,288 INFO - Sending TaskInstanceKey(dag_id='snowflake_data_pipeline', task_id='check_new_data', run_id='scheduled__2025-03-23T11:25:00+00:00', try_number=1, map_index=-1) to LocalExecutor with priority 2 and queue default
2025-03-23 11:44:21,289 INFO - Adding to queue: ['airflow', 'tasks', 'run', 'snowflake_data_pipeline', 'check_new_data', 'scheduled__2025-03-23T11:25:00+00:00', '--local', '--subdir', 'DAGS_FOLDER/check_data_availabilty.py']
2025-03-23 11:44:21,283 INFO - Filling up the DagBag from /home/ravi/analytics_platform/Insurance_analytics/***/dags/check_data_availabilty.py
2025-03-23 11:44:21,316 INFO - Setting next_dagrun for snowflake_data_pipeline to 2025-03-23 11:35:00+00:00, run_after=2025-03-23 11:40:00+00:00
2025-03-23 11:44:21,310 INFO - QueuedLocalWorker running ['airflow', 'tasks', 'run', 'snowflake_data_pipeline', 'check_new_data', 'scheduled__2025-03-23T11:25:00+00:00', '--local', '--subdir', 'DAGS_FOLDER/check_data_availabilty.py']
2025-03-23 11:44:21,413 INFO - 1 tasks up for execution:
	<TaskInstance: snowflake_data_pipeline.check_new_data scheduled__2025-03-23T11:30:00+00:00 [scheduled]>
2025-03-23 11:44:21,413 INFO - DAG snowflake_data_pipeline has 6/16 running and queued tasks
2025-03-23 11:44:21,414 INFO - Setting the following tasks to queued state:
	<TaskInstance: snowflake_data_pipeline.check_new_data scheduled__2025-03-23T11:30:00+00:00 [scheduled]>
2025-03-23 11:44:21,416 INFO - Trying to enqueue tasks: [<TaskInstance: snowflake_data_pipeline.check_new_data scheduled__2025-03-23T11:30:00+00:00 [scheduled]>] for executor: LocalExecutor(parallelism=32)
2025-03-23 11:44:21,416 INFO - Sending TaskInstanceKey(dag_id='snowflake_data_pipeline', task_id='check_new_data', run_id='scheduled__2025-03-23T11:30:00+00:00', try_number=1, map_index=-1) to LocalExecutor with priority 2 and queue default
2025-03-23 11:44:21,417 INFO - Adding to queue: ['airflow', 'tasks', 'run', 'snowflake_data_pipeline', 'check_new_data', 'scheduled__2025-03-23T11:30:00+00:00', '--local', '--subdir', 'DAGS_FOLDER/check_data_availabilty.py']
2025-03-23 11:44:21,444 INFO - Setting next_dagrun for snowflake_data_pipeline to 2025-03-23 11:40:00+00:00, run_after=2025-03-23 11:45:00+00:00
2025-03-23 11:44:21,438 INFO - QueuedLocalWorker running ['airflow', 'tasks', 'run', 'snowflake_data_pipeline', 'check_new_data', 'scheduled__2025-03-23T11:30:00+00:00', '--local', '--subdir', 'DAGS_FOLDER/check_data_availabilty.py']
2025-03-23 11:44:21,432 INFO - Filling up the DagBag from /home/ravi/analytics_platform/Insurance_analytics/***/dags/check_data_availabilty.py
2025-03-23 11:44:21,514 INFO - Filling up the DagBag from /home/ravi/analytics_platform/Insurance_analytics/***/dags/check_data_availabilty.py
2025-03-23 11:44:21,567 INFO - 1 tasks up for execution:
	<TaskInstance: snowflake_data_pipeline.check_new_data scheduled__2025-03-23T11:35:00+00:00 [scheduled]>
2025-03-23 11:44:21,568 INFO - DAG snowflake_data_pipeline has 7/16 running and queued tasks
2025-03-23 11:44:21,568 INFO - Setting the following tasks to queued state:
	<TaskInstance: snowflake_data_pipeline.check_new_data scheduled__2025-03-23T11:35:00+00:00 [scheduled]>
2025-03-23 11:44:21,570 INFO - Trying to enqueue tasks: [<TaskInstance: snowflake_data_pipeline.check_new_data scheduled__2025-03-23T11:35:00+00:00 [scheduled]>] for executor: LocalExecutor(parallelism=32)
2025-03-23 11:44:21,571 INFO - Sending TaskInstanceKey(dag_id='snowflake_data_pipeline', task_id='check_new_data', run_id='scheduled__2025-03-23T11:35:00+00:00', try_number=1, map_index=-1) to LocalExecutor with priority 2 and queue default
2025-03-23 11:44:21,571 INFO - Adding to queue: ['airflow', 'tasks', 'run', 'snowflake_data_pipeline', 'check_new_data', 'scheduled__2025-03-23T11:35:00+00:00', '--local', '--subdir', 'DAGS_FOLDER/check_data_availabilty.py']
2025-03-23 11:44:21,593 INFO - QueuedLocalWorker running ['airflow', 'tasks', 'run', 'snowflake_data_pipeline', 'check_new_data', 'scheduled__2025-03-23T11:35:00+00:00', '--local', '--subdir', 'DAGS_FOLDER/check_data_availabilty.py']
2025-03-23 11:44:21,690 INFO - Filling up the DagBag from /home/ravi/analytics_platform/Insurance_analytics/***/dags/check_data_availabilty.py
2025-03-23 11:44:21,782 INFO - Filling up the DagBag from /home/ravi/analytics_platform/Insurance_analytics/***/dags/check_data_availabilty.py
2025-03-23 11:44:23,202 INFO - Running <TaskInstance: snowflake_data_pipeline.check_new_data scheduled__2025-03-23T11:05:00+00:00 [queued]> on host LAPTOP-4RSLRQ9T.
2025-03-23 11:44:23,203 INFO - Running <TaskInstance: snowflake_data_pipeline.check_new_data scheduled__2025-03-23T11:00:00+00:00 [queued]> on host LAPTOP-4RSLRQ9T.
2025-03-23 11:44:23,204 INFO - Running <TaskInstance: snowflake_data_pipeline.check_new_data scheduled__2025-03-23T11:15:00+00:00 [queued]> on host LAPTOP-4RSLRQ9T.
2025-03-23 11:44:23,205 INFO - Running <TaskInstance: snowflake_data_pipeline.check_new_data scheduled__2025-03-23T11:10:00+00:00 [queued]> on host LAPTOP-4RSLRQ9T.
2025-03-23 11:44:23,209 INFO - Running <TaskInstance: snowflake_data_pipeline.check_new_data scheduled__2025-03-23T11:20:00+00:00 [queued]> on host LAPTOP-4RSLRQ9T.
2025-03-23 11:44:23,263 INFO - Running <TaskInstance: snowflake_data_pipeline.check_new_data scheduled__2025-03-23T11:25:00+00:00 [queued]> on host LAPTOP-4RSLRQ9T.
2025-03-23 11:44:23,286 INFO - Running <TaskInstance: snowflake_data_pipeline.check_new_data scheduled__2025-03-23T11:30:00+00:00 [queued]> on host LAPTOP-4RSLRQ9T.
2025-03-23 11:44:23,359 INFO - Running <TaskInstance: snowflake_data_pipeline.check_new_data scheduled__2025-03-23T11:35:00+00:00 [queued]> on host LAPTOP-4RSLRQ9T.
2025-03-23 11:44:27,120 INFO - 8 tasks up for execution:
	<TaskInstance: snowflake_data_pipeline.process_new_data scheduled__2025-03-23T11:00:00+00:00 [scheduled]>
	<TaskInstance: snowflake_data_pipeline.process_new_data scheduled__2025-03-23T11:05:00+00:00 [scheduled]>
	<TaskInstance: snowflake_data_pipeline.process_new_data scheduled__2025-03-23T11:10:00+00:00 [scheduled]>
	<TaskInstance: snowflake_data_pipeline.process_new_data scheduled__2025-03-23T11:15:00+00:00 [scheduled]>
	<TaskInstance: snowflake_data_pipeline.process_new_data scheduled__2025-03-23T11:20:00+00:00 [scheduled]>
	<TaskInstance: snowflake_data_pipeline.process_new_data scheduled__2025-03-23T11:25:00+00:00 [scheduled]>
	<TaskInstance: snowflake_data_pipeline.process_new_data scheduled__2025-03-23T11:30:00+00:00 [scheduled]>
	<TaskInstance: snowflake_data_pipeline.process_new_data scheduled__2025-03-23T11:35:00+00:00 [scheduled]>
2025-03-23 11:44:27,132 INFO - DAG snowflake_data_pipeline has 0/16 running and queued tasks
2025-03-23 11:44:27,133 INFO - DAG snowflake_data_pipeline has 1/16 running and queued tasks
2025-03-23 11:44:27,133 INFO - DAG snowflake_data_pipeline has 2/16 running and queued tasks
2025-03-23 11:44:27,133 INFO - DAG snowflake_data_pipeline has 3/16 running and queued tasks
2025-03-23 11:44:27,134 INFO - DAG snowflake_data_pipeline has 4/16 running and queued tasks
2025-03-23 11:44:27,134 INFO - DAG snowflake_data_pipeline has 5/16 running and queued tasks
2025-03-23 11:44:27,135 INFO - DAG snowflake_data_pipeline has 6/16 running and queued tasks
2025-03-23 11:44:27,135 INFO - DAG snowflake_data_pipeline has 7/16 running and queued tasks
2025-03-23 11:44:27,135 INFO - Setting the following tasks to queued state:
	<TaskInstance: snowflake_data_pipeline.process_new_data scheduled__2025-03-23T11:00:00+00:00 [scheduled]>
	<TaskInstance: snowflake_data_pipeline.process_new_data scheduled__2025-03-23T11:05:00+00:00 [scheduled]>
	<TaskInstance: snowflake_data_pipeline.process_new_data scheduled__2025-03-23T11:10:00+00:00 [scheduled]>
	<TaskInstance: snowflake_data_pipeline.process_new_data scheduled__2025-03-23T11:15:00+00:00 [scheduled]>
	<TaskInstance: snowflake_data_pipeline.process_new_data scheduled__2025-03-23T11:20:00+00:00 [scheduled]>
	<TaskInstance: snowflake_data_pipeline.process_new_data scheduled__2025-03-23T11:25:00+00:00 [scheduled]>
	<TaskInstance: snowflake_data_pipeline.process_new_data scheduled__2025-03-23T11:30:00+00:00 [scheduled]>
	<TaskInstance: snowflake_data_pipeline.process_new_data scheduled__2025-03-23T11:35:00+00:00 [scheduled]>
2025-03-23 11:44:27,142 INFO - Trying to enqueue tasks: [<TaskInstance: snowflake_data_pipeline.process_new_data scheduled__2025-03-23T11:00:00+00:00 [scheduled]>, <TaskInstance: snowflake_data_pipeline.process_new_data scheduled__2025-03-23T11:05:00+00:00 [scheduled]>, <TaskInstance: snowflake_data_pipeline.process_new_data scheduled__2025-03-23T11:10:00+00:00 [scheduled]>, <TaskInstance: snowflake_data_pipeline.process_new_data scheduled__2025-03-23T11:15:00+00:00 [scheduled]>, <TaskInstance: snowflake_data_pipeline.process_new_data scheduled__2025-03-23T11:20:00+00:00 [scheduled]>, <TaskInstance: snowflake_data_pipeline.process_new_data scheduled__2025-03-23T11:25:00+00:00 [scheduled]>, <TaskInstance: snowflake_data_pipeline.process_new_data scheduled__2025-03-23T11:30:00+00:00 [scheduled]>, <TaskInstance: snowflake_data_pipeline.process_new_data scheduled__2025-03-23T11:35:00+00:00 [scheduled]>] for executor: LocalExecutor(parallelism=32)
2025-03-23 11:44:27,147 INFO - Sending TaskInstanceKey(dag_id='snowflake_data_pipeline', task_id='process_new_data', run_id='scheduled__2025-03-23T11:00:00+00:00', try_number=1, map_index=-1) to LocalExecutor with priority 1 and queue default
2025-03-23 11:44:27,148 INFO - Adding to queue: ['airflow', 'tasks', 'run', 'snowflake_data_pipeline', 'process_new_data', 'scheduled__2025-03-23T11:00:00+00:00', '--local', '--subdir', 'DAGS_FOLDER/check_data_availabilty.py']
2025-03-23 11:44:27,148 INFO - Sending TaskInstanceKey(dag_id='snowflake_data_pipeline', task_id='process_new_data', run_id='scheduled__2025-03-23T11:05:00+00:00', try_number=1, map_index=-1) to LocalExecutor with priority 1 and queue default
2025-03-23 11:44:27,148 INFO - Adding to queue: ['airflow', 'tasks', 'run', 'snowflake_data_pipeline', 'process_new_data', 'scheduled__2025-03-23T11:05:00+00:00', '--local', '--subdir', 'DAGS_FOLDER/check_data_availabilty.py']
2025-03-23 11:44:27,149 INFO - Sending TaskInstanceKey(dag_id='snowflake_data_pipeline', task_id='process_new_data', run_id='scheduled__2025-03-23T11:10:00+00:00', try_number=1, map_index=-1) to LocalExecutor with priority 1 and queue default
2025-03-23 11:44:27,149 INFO - Adding to queue: ['airflow', 'tasks', 'run', 'snowflake_data_pipeline', 'process_new_data', 'scheduled__2025-03-23T11:10:00+00:00', '--local', '--subdir', 'DAGS_FOLDER/check_data_availabilty.py']
2025-03-23 11:44:27,149 INFO - Sending TaskInstanceKey(dag_id='snowflake_data_pipeline', task_id='process_new_data', run_id='scheduled__2025-03-23T11:15:00+00:00', try_number=1, map_index=-1) to LocalExecutor with priority 1 and queue default
2025-03-23 11:44:27,149 INFO - Adding to queue: ['airflow', 'tasks', 'run', 'snowflake_data_pipeline', 'process_new_data', 'scheduled__2025-03-23T11:15:00+00:00', '--local', '--subdir', 'DAGS_FOLDER/check_data_availabilty.py']
2025-03-23 11:44:27,150 INFO - Sending TaskInstanceKey(dag_id='snowflake_data_pipeline', task_id='process_new_data', run_id='scheduled__2025-03-23T11:20:00+00:00', try_number=1, map_index=-1) to LocalExecutor with priority 1 and queue default
2025-03-23 11:44:27,150 INFO - Adding to queue: ['airflow', 'tasks', 'run', 'snowflake_data_pipeline', 'process_new_data', 'scheduled__2025-03-23T11:20:00+00:00', '--local', '--subdir', 'DAGS_FOLDER/check_data_availabilty.py']
2025-03-23 11:44:27,150 INFO - Sending TaskInstanceKey(dag_id='snowflake_data_pipeline', task_id='process_new_data', run_id='scheduled__2025-03-23T11:25:00+00:00', try_number=1, map_index=-1) to LocalExecutor with priority 1 and queue default
2025-03-23 11:44:27,150 INFO - Adding to queue: ['airflow', 'tasks', 'run', 'snowflake_data_pipeline', 'process_new_data', 'scheduled__2025-03-23T11:25:00+00:00', '--local', '--subdir', 'DAGS_FOLDER/check_data_availabilty.py']
2025-03-23 11:44:27,151 INFO - Sending TaskInstanceKey(dag_id='snowflake_data_pipeline', task_id='process_new_data', run_id='scheduled__2025-03-23T11:30:00+00:00', try_number=1, map_index=-1) to LocalExecutor with priority 1 and queue default
2025-03-23 11:44:27,151 INFO - Adding to queue: ['airflow', 'tasks', 'run', 'snowflake_data_pipeline', 'process_new_data', 'scheduled__2025-03-23T11:30:00+00:00', '--local', '--subdir', 'DAGS_FOLDER/check_data_availabilty.py']
2025-03-23 11:44:27,151 INFO - Sending TaskInstanceKey(dag_id='snowflake_data_pipeline', task_id='process_new_data', run_id='scheduled__2025-03-23T11:35:00+00:00', try_number=1, map_index=-1) to LocalExecutor with priority 1 and queue default
2025-03-23 11:44:27,151 INFO - Adding to queue: ['airflow', 'tasks', 'run', 'snowflake_data_pipeline', 'process_new_data', 'scheduled__2025-03-23T11:35:00+00:00', '--local', '--subdir', 'DAGS_FOLDER/check_data_availabilty.py']
2025-03-23 11:44:27,196 INFO - Received executor event with state success for task instance TaskInstanceKey(dag_id='snowflake_data_pipeline', task_id='check_new_data', run_id='scheduled__2025-03-23T11:30:00+00:00', try_number=1, map_index=-1)
2025-03-23 11:44:27,197 INFO - Received executor event with state success for task instance TaskInstanceKey(dag_id='snowflake_data_pipeline', task_id='check_new_data', run_id='scheduled__2025-03-23T11:05:00+00:00', try_number=1, map_index=-1)
2025-03-23 11:44:27,197 INFO - Received executor event with state success for task instance TaskInstanceKey(dag_id='snowflake_data_pipeline', task_id='check_new_data', run_id='scheduled__2025-03-23T11:15:00+00:00', try_number=1, map_index=-1)
2025-03-23 11:44:27,198 INFO - Received executor event with state success for task instance TaskInstanceKey(dag_id='snowflake_data_pipeline', task_id='check_new_data', run_id='scheduled__2025-03-23T11:10:00+00:00', try_number=1, map_index=-1)
2025-03-23 11:44:27,198 INFO - Received executor event with state success for task instance TaskInstanceKey(dag_id='snowflake_data_pipeline', task_id='check_new_data', run_id='scheduled__2025-03-23T11:25:00+00:00', try_number=1, map_index=-1)
2025-03-23 11:44:27,198 INFO - Received executor event with state success for task instance TaskInstanceKey(dag_id='snowflake_data_pipeline', task_id='check_new_data', run_id='scheduled__2025-03-23T11:20:00+00:00', try_number=1, map_index=-1)
2025-03-23 11:44:27,199 INFO - Received executor event with state success for task instance TaskInstanceKey(dag_id='snowflake_data_pipeline', task_id='check_new_data', run_id='scheduled__2025-03-23T11:00:00+00:00', try_number=1, map_index=-1)
2025-03-23 11:44:27,199 INFO - Received executor event with state success for task instance TaskInstanceKey(dag_id='snowflake_data_pipeline', task_id='check_new_data', run_id='scheduled__2025-03-23T11:35:00+00:00', try_number=1, map_index=-1)
2025-03-23 11:44:27,209 INFO - TaskInstance Finished: dag_id=snowflake_data_pipeline, task_id=check_new_data, run_id=scheduled__2025-03-23T11:05:00+00:00, map_index=-1, run_start_date=2025-03-23 11:44:23.471253+00:00, run_end_date=2025-03-23 11:44:26.385324+00:00, run_duration=2.914071, state=success, executor=LocalExecutor(parallelism=32), executor_state=success, try_number=1, max_tries=1, job_id=176, pool=default_pool, queue=default, priority_weight=2, operator=SqlSensor, queued_dttm=2025-03-23 11:44:20.863889+00:00, queued_by_job_id=47, pid=26388
2025-03-23 11:44:27,221 INFO - TaskInstance Finished: dag_id=snowflake_data_pipeline, task_id=check_new_data, run_id=scheduled__2025-03-23T11:10:00+00:00, map_index=-1, run_start_date=2025-03-23 11:44:23.484957+00:00, run_end_date=2025-03-23 11:44:26.387640+00:00, run_duration=2.902683, state=success, executor=LocalExecutor(parallelism=32), executor_state=success, try_number=1, max_tries=1, job_id=179, pool=default_pool, queue=default, priority_weight=2, operator=SqlSensor, queued_dttm=2025-03-23 11:44:20.935959+00:00, queued_by_job_id=47, pid=26389
2025-03-23 11:44:27,222 INFO - TaskInstance Finished: dag_id=snowflake_data_pipeline, task_id=check_new_data, run_id=scheduled__2025-03-23T11:15:00+00:00, map_index=-1, run_start_date=2025-03-23 11:44:23.482690+00:00, run_end_date=2025-03-23 11:44:26.395574+00:00, run_duration=2.912884, state=success, executor=LocalExecutor(parallelism=32), executor_state=success, try_number=1, max_tries=1, job_id=177, pool=default_pool, queue=default, priority_weight=2, operator=SqlSensor, queued_dttm=2025-03-23 11:44:21.041845+00:00, queued_by_job_id=47, pid=26393
2025-03-23 11:44:27,223 INFO - TaskInstance Finished: dag_id=snowflake_data_pipeline, task_id=check_new_data, run_id=scheduled__2025-03-23T11:20:00+00:00, map_index=-1, run_start_date=2025-03-23 11:44:23.473851+00:00, run_end_date=2025-03-23 11:44:26.384759+00:00, run_duration=2.910908, state=success, executor=LocalExecutor(parallelism=32), executor_state=success, try_number=1, max_tries=1, job_id=178, pool=default_pool, queue=default, priority_weight=2, operator=SqlSensor, queued_dttm=2025-03-23 11:44:21.173503+00:00, queued_by_job_id=47, pid=26385
2025-03-23 11:44:27,224 INFO - TaskInstance Finished: dag_id=snowflake_data_pipeline, task_id=check_new_data, run_id=scheduled__2025-03-23T11:25:00+00:00, map_index=-1, run_start_date=2025-03-23 11:44:23.477567+00:00, run_end_date=2025-03-23 11:44:26.402371+00:00, run_duration=2.924804, state=success, executor=LocalExecutor(parallelism=32), executor_state=success, try_number=1, max_tries=1, job_id=180, pool=default_pool, queue=default, priority_weight=2, operator=SqlSensor, queued_dttm=2025-03-23 11:44:21.285706+00:00, queued_by_job_id=47, pid=26386
2025-03-23 11:44:27,224 INFO - TaskInstance Finished: dag_id=snowflake_data_pipeline, task_id=check_new_data, run_id=scheduled__2025-03-23T11:30:00+00:00, map_index=-1, run_start_date=2025-03-23 11:44:23.493381+00:00, run_end_date=2025-03-23 11:44:26.385592+00:00, run_duration=2.892211, state=success, executor=LocalExecutor(parallelism=32), executor_state=success, try_number=1, max_tries=1, job_id=181, pool=default_pool, queue=default, priority_weight=2, operator=SqlSensor, queued_dttm=2025-03-23 11:44:21.414797+00:00, queued_by_job_id=47, pid=26392
2025-03-23 11:44:27,225 INFO - TaskInstance Finished: dag_id=snowflake_data_pipeline, task_id=check_new_data, run_id=scheduled__2025-03-23T11:35:00+00:00, map_index=-1, run_start_date=2025-03-23 11:44:23.530580+00:00, run_end_date=2025-03-23 11:44:26.397572+00:00, run_duration=2.866992, state=success, executor=LocalExecutor(parallelism=32), executor_state=success, try_number=1, max_tries=1, job_id=182, pool=default_pool, queue=default, priority_weight=2, operator=SqlSensor, queued_dttm=2025-03-23 11:44:21.569441+00:00, queued_by_job_id=47, pid=26409
2025-03-23 11:44:27,225 INFO - TaskInstance Finished: dag_id=snowflake_data_pipeline, task_id=check_new_data, run_id=scheduled__2025-03-23T11:00:00+00:00, map_index=-1, run_start_date=2025-03-23 11:44:23.472266+00:00, run_end_date=2025-03-23 11:44:26.385620+00:00, run_duration=2.913354, state=success, executor=LocalExecutor(parallelism=32), executor_state=success, try_number=1, max_tries=1, job_id=175, pool=default_pool, queue=default, priority_weight=2, operator=SqlSensor, queued_dttm=2025-03-23 11:44:20.808217+00:00, queued_by_job_id=47, pid=26387
2025-03-23 11:44:27,253 INFO - QueuedLocalWorker running ['airflow', 'tasks', 'run', 'snowflake_data_pipeline', 'process_new_data', 'scheduled__2025-03-23T11:15:00+00:00', '--local', '--subdir', 'DAGS_FOLDER/check_data_availabilty.py']
2025-03-23 11:44:27,248 INFO - QueuedLocalWorker running ['airflow', 'tasks', 'run', 'snowflake_data_pipeline', 'process_new_data', 'scheduled__2025-03-23T11:00:00+00:00', '--local', '--subdir', 'DAGS_FOLDER/check_data_availabilty.py']
2025-03-23 11:44:27,256 INFO - QueuedLocalWorker running ['airflow', 'tasks', 'run', 'snowflake_data_pipeline', 'process_new_data', 'scheduled__2025-03-23T11:30:00+00:00', '--local', '--subdir', 'DAGS_FOLDER/check_data_availabilty.py']
2025-03-23 11:44:27,253 INFO - QueuedLocalWorker running ['airflow', 'tasks', 'run', 'snowflake_data_pipeline', 'process_new_data', 'scheduled__2025-03-23T11:20:00+00:00', '--local', '--subdir', 'DAGS_FOLDER/check_data_availabilty.py']
2025-03-23 11:44:27,257 INFO - QueuedLocalWorker running ['airflow', 'tasks', 'run', 'snowflake_data_pipeline', 'process_new_data', 'scheduled__2025-03-23T11:10:00+00:00', '--local', '--subdir', 'DAGS_FOLDER/check_data_availabilty.py']
2025-03-23 11:44:27,249 INFO - QueuedLocalWorker running ['airflow', 'tasks', 'run', 'snowflake_data_pipeline', 'process_new_data', 'scheduled__2025-03-23T11:25:00+00:00', '--local', '--subdir', 'DAGS_FOLDER/check_data_availabilty.py']
2025-03-23 11:44:27,257 INFO - QueuedLocalWorker running ['airflow', 'tasks', 'run', 'snowflake_data_pipeline', 'process_new_data', 'scheduled__2025-03-23T11:35:00+00:00', '--local', '--subdir', 'DAGS_FOLDER/check_data_availabilty.py']
2025-03-23 11:44:27,258 INFO - QueuedLocalWorker running ['airflow', 'tasks', 'run', 'snowflake_data_pipeline', 'process_new_data', 'scheduled__2025-03-23T11:05:00+00:00', '--local', '--subdir', 'DAGS_FOLDER/check_data_availabilty.py']
2025-03-23 11:44:27,473 INFO - Filling up the DagBag from /home/ravi/analytics_platform/Insurance_analytics/***/dags/check_data_availabilty.py
2025-03-23 11:44:27,473 INFO - Filling up the DagBag from /home/ravi/analytics_platform/Insurance_analytics/***/dags/check_data_availabilty.py
2025-03-23 11:44:27,473 INFO - Filling up the DagBag from /home/ravi/analytics_platform/Insurance_analytics/***/dags/check_data_availabilty.py
2025-03-23 11:44:27,473 INFO - Filling up the DagBag from /home/ravi/analytics_platform/Insurance_analytics/***/dags/check_data_availabilty.py
2025-03-23 11:44:27,475 INFO - Filling up the DagBag from /home/ravi/analytics_platform/Insurance_analytics/***/dags/check_data_availabilty.py
2025-03-23 11:44:27,532 INFO - Filling up the DagBag from /home/ravi/analytics_platform/Insurance_analytics/***/dags/check_data_availabilty.py
2025-03-23 11:44:27,476 INFO - Filling up the DagBag from /home/ravi/analytics_platform/Insurance_analytics/***/dags/check_data_availabilty.py
2025-03-23 11:44:27,699 INFO - Filling up the DagBag from /home/ravi/analytics_platform/Insurance_analytics/***/dags/check_data_availabilty.py
2025-03-23 11:44:30,326 INFO - Running <TaskInstance: snowflake_data_pipeline.process_new_data scheduled__2025-03-23T11:20:00+00:00 [queued]> on host LAPTOP-4RSLRQ9T.
2025-03-23 11:44:30,327 INFO - Running <TaskInstance: snowflake_data_pipeline.process_new_data scheduled__2025-03-23T11:30:00+00:00 [queued]> on host LAPTOP-4RSLRQ9T.
2025-03-23 11:44:30,329 INFO - Running <TaskInstance: snowflake_data_pipeline.process_new_data scheduled__2025-03-23T11:35:00+00:00 [queued]> on host LAPTOP-4RSLRQ9T.
2025-03-23 11:44:30,329 INFO - Running <TaskInstance: snowflake_data_pipeline.process_new_data scheduled__2025-03-23T11:05:00+00:00 [queued]> on host LAPTOP-4RSLRQ9T.
2025-03-23 11:44:30,371 INFO - Running <TaskInstance: snowflake_data_pipeline.process_new_data scheduled__2025-03-23T11:00:00+00:00 [queued]> on host LAPTOP-4RSLRQ9T.
2025-03-23 11:44:30,371 INFO - Running <TaskInstance: snowflake_data_pipeline.process_new_data scheduled__2025-03-23T11:15:00+00:00 [queued]> on host LAPTOP-4RSLRQ9T.
2025-03-23 11:44:30,414 INFO - Running <TaskInstance: snowflake_data_pipeline.process_new_data scheduled__2025-03-23T11:25:00+00:00 [queued]> on host LAPTOP-4RSLRQ9T.
2025-03-23 11:44:30,421 INFO - Running <TaskInstance: snowflake_data_pipeline.process_new_data scheduled__2025-03-23T11:10:00+00:00 [queued]> on host LAPTOP-4RSLRQ9T.
2025-03-23 11:44:34,959 INFO - Marking run <DagRun snowflake_data_pipeline @ 2025-03-23 11:25:00+00:00: scheduled__2025-03-23T11:25:00+00:00, state:running, queued_at: 2025-03-23 11:44:21.197064+00:00. externally triggered: False> successful
2025-03-23 11:44:34,961 INFO - DagRun Finished: dag_id=snowflake_data_pipeline, execution_date=2025-03-23 11:25:00+00:00, run_id=scheduled__2025-03-23T11:25:00+00:00, run_start_date=2025-03-23 11:44:21.213272+00:00, run_end_date=2025-03-23 11:44:34.960428+00:00, run_duration=13.747156, state=success, external_trigger=False, run_type=scheduled, data_interval_start=2025-03-23 11:25:00+00:00, data_interval_end=2025-03-23 11:30:00+00:00, dag_hash=ccebdc23b26a3b824826dab6ac3ac47e
2025-03-23 11:44:34,969 INFO - Setting next_dagrun for snowflake_data_pipeline to 2025-03-23 11:30:00+00:00, run_after=2025-03-23 11:35:00+00:00
2025-03-23 11:44:35,016 INFO - Received executor event with state success for task instance TaskInstanceKey(dag_id='snowflake_data_pipeline', task_id='process_new_data', run_id='scheduled__2025-03-23T11:25:00+00:00', try_number=1, map_index=-1)
2025-03-23 11:44:35,020 INFO - TaskInstance Finished: dag_id=snowflake_data_pipeline, task_id=process_new_data, run_id=scheduled__2025-03-23T11:25:00+00:00, map_index=-1, run_start_date=2025-03-23 11:44:30.613630+00:00, run_end_date=2025-03-23 11:44:34.302320+00:00, run_duration=3.68869, state=success, executor=LocalExecutor(parallelism=32), executor_state=success, try_number=1, max_tries=1, job_id=190, pool=default_pool, queue=default, priority_weight=1, operator=SqlSensor, queued_dttm=2025-03-23 11:44:27.136232+00:00, queued_by_job_id=47, pid=26700
2025-03-23 11:44:36,041 INFO - Setting next_dagrun for snowflake_data_pipeline to 2025-03-23 11:35:00+00:00, run_after=2025-03-23 11:40:00+00:00
2025-03-23 11:44:37,129 INFO - Setting next_dagrun for snowflake_data_pipeline to 2025-03-23 11:40:00+00:00, run_after=2025-03-23 11:45:00+00:00
2025-03-23 11:44:37,147 INFO - Marking run <DagRun snowflake_data_pipeline @ 2025-03-23 11:10:00+00:00: scheduled__2025-03-23T11:10:00+00:00, state:running, queued_at: 2025-03-23 11:44:20.883418+00:00. externally triggered: False> successful
2025-03-23 11:44:37,148 INFO - DagRun Finished: dag_id=snowflake_data_pipeline, execution_date=2025-03-23 11:10:00+00:00, run_id=scheduled__2025-03-23T11:10:00+00:00, run_start_date=2025-03-23 11:44:20.895976+00:00, run_end_date=2025-03-23 11:44:37.148216+00:00, run_duration=16.25224, state=success, external_trigger=False, run_type=scheduled, data_interval_start=2025-03-23 11:10:00+00:00, data_interval_end=2025-03-23 11:15:00+00:00, dag_hash=ccebdc23b26a3b824826dab6ac3ac47e
2025-03-23 11:44:37,151 INFO - Setting next_dagrun for snowflake_data_pipeline to 2025-03-23 11:15:00+00:00, run_after=2025-03-23 11:20:00+00:00
2025-03-23 11:44:37,155 INFO - Marking run <DagRun snowflake_data_pipeline @ 2025-03-23 11:35:00+00:00: scheduled__2025-03-23T11:35:00+00:00, state:running, queued_at: 2025-03-23 11:44:21.438928+00:00. externally triggered: False> successful
2025-03-23 11:44:37,155 INFO - DagRun Finished: dag_id=snowflake_data_pipeline, execution_date=2025-03-23 11:35:00+00:00, run_id=scheduled__2025-03-23T11:35:00+00:00, run_start_date=2025-03-23 11:44:21.452321+00:00, run_end_date=2025-03-23 11:44:37.155359+00:00, run_duration=15.703038, state=success, external_trigger=False, run_type=scheduled, data_interval_start=2025-03-23 11:35:00+00:00, data_interval_end=2025-03-23 11:40:00+00:00, dag_hash=ccebdc23b26a3b824826dab6ac3ac47e
2025-03-23 11:44:37,159 INFO - Setting next_dagrun for snowflake_data_pipeline to 2025-03-23 11:40:00+00:00, run_after=2025-03-23 11:45:00+00:00
2025-03-23 11:44:37,163 INFO - Marking run <DagRun snowflake_data_pipeline @ 2025-03-23 11:30:00+00:00: scheduled__2025-03-23T11:30:00+00:00, state:running, queued_at: 2025-03-23 11:44:21.311468+00:00. externally triggered: False> successful
2025-03-23 11:44:37,164 INFO - DagRun Finished: dag_id=snowflake_data_pipeline, execution_date=2025-03-23 11:30:00+00:00, run_id=scheduled__2025-03-23T11:30:00+00:00, run_start_date=2025-03-23 11:44:21.326485+00:00, run_end_date=2025-03-23 11:44:37.164389+00:00, run_duration=15.837904, state=success, external_trigger=False, run_type=scheduled, data_interval_start=2025-03-23 11:30:00+00:00, data_interval_end=2025-03-23 11:35:00+00:00, dag_hash=ccebdc23b26a3b824826dab6ac3ac47e
2025-03-23 11:44:37,169 INFO - Setting next_dagrun for snowflake_data_pipeline to 2025-03-23 11:35:00+00:00, run_after=2025-03-23 11:40:00+00:00
2025-03-23 11:44:37,172 INFO - Marking run <DagRun snowflake_data_pipeline @ 2025-03-23 11:20:00+00:00: scheduled__2025-03-23T11:20:00+00:00, state:running, queued_at: 2025-03-23 11:44:21.070844+00:00. externally triggered: False> successful
2025-03-23 11:44:37,173 INFO - DagRun Finished: dag_id=snowflake_data_pipeline, execution_date=2025-03-23 11:20:00+00:00, run_id=scheduled__2025-03-23T11:20:00+00:00, run_start_date=2025-03-23 11:44:21.087785+00:00, run_end_date=2025-03-23 11:44:37.173026+00:00, run_duration=16.085241, state=success, external_trigger=False, run_type=scheduled, data_interval_start=2025-03-23 11:20:00+00:00, data_interval_end=2025-03-23 11:25:00+00:00, dag_hash=ccebdc23b26a3b824826dab6ac3ac47e
2025-03-23 11:44:37,177 INFO - Setting next_dagrun for snowflake_data_pipeline to 2025-03-23 11:25:00+00:00, run_after=2025-03-23 11:30:00+00:00
2025-03-23 11:44:37,180 INFO - Marking run <DagRun snowflake_data_pipeline @ 2025-03-23 11:15:00+00:00: scheduled__2025-03-23T11:15:00+00:00, state:running, queued_at: 2025-03-23 11:44:20.956322+00:00. externally triggered: False> successful
2025-03-23 11:44:37,180 INFO - DagRun Finished: dag_id=snowflake_data_pipeline, execution_date=2025-03-23 11:15:00+00:00, run_id=scheduled__2025-03-23T11:15:00+00:00, run_start_date=2025-03-23 11:44:20.971642+00:00, run_end_date=2025-03-23 11:44:37.180715+00:00, run_duration=16.209073, state=success, external_trigger=False, run_type=scheduled, data_interval_start=2025-03-23 11:15:00+00:00, data_interval_end=2025-03-23 11:20:00+00:00, dag_hash=ccebdc23b26a3b824826dab6ac3ac47e
2025-03-23 11:44:37,183 INFO - Setting next_dagrun for snowflake_data_pipeline to 2025-03-23 11:20:00+00:00, run_after=2025-03-23 11:25:00+00:00
2025-03-23 11:44:37,186 INFO - Marking run <DagRun snowflake_data_pipeline @ 2025-03-23 11:05:00+00:00: scheduled__2025-03-23T11:05:00+00:00, state:running, queued_at: 2025-03-23 11:44:20.830157+00:00. externally triggered: False> successful
2025-03-23 11:44:37,186 INFO - DagRun Finished: dag_id=snowflake_data_pipeline, execution_date=2025-03-23 11:05:00+00:00, run_id=scheduled__2025-03-23T11:05:00+00:00, run_start_date=2025-03-23 11:44:20.839501+00:00, run_end_date=2025-03-23 11:44:37.186312+00:00, run_duration=16.346811, state=success, external_trigger=False, run_type=scheduled, data_interval_start=2025-03-23 11:05:00+00:00, data_interval_end=2025-03-23 11:10:00+00:00, dag_hash=ccebdc23b26a3b824826dab6ac3ac47e
2025-03-23 11:44:37,188 INFO - Setting next_dagrun for snowflake_data_pipeline to 2025-03-23 11:10:00+00:00, run_after=2025-03-23 11:15:00+00:00
2025-03-23 11:44:37,192 INFO - Marking run <DagRun snowflake_data_pipeline @ 2025-03-23 11:00:00+00:00: scheduled__2025-03-23T11:00:00+00:00, state:running, queued_at: 2025-03-23 11:44:20.759681+00:00. externally triggered: False> successful
2025-03-23 11:44:37,192 INFO - DagRun Finished: dag_id=snowflake_data_pipeline, execution_date=2025-03-23 11:00:00+00:00, run_id=scheduled__2025-03-23T11:00:00+00:00, run_start_date=2025-03-23 11:44:20.780168+00:00, run_end_date=2025-03-23 11:44:37.192907+00:00, run_duration=16.412739, state=success, external_trigger=False, run_type=scheduled, data_interval_start=2025-03-23 11:00:00+00:00, data_interval_end=2025-03-23 11:05:00+00:00, dag_hash=ccebdc23b26a3b824826dab6ac3ac47e
2025-03-23 11:44:37,195 INFO - Setting next_dagrun for snowflake_data_pipeline to 2025-03-23 11:05:00+00:00, run_after=2025-03-23 11:10:00+00:00
2025-03-23 11:44:37,213 INFO - Received executor event with state success for task instance TaskInstanceKey(dag_id='snowflake_data_pipeline', task_id='process_new_data', run_id='scheduled__2025-03-23T11:05:00+00:00', try_number=1, map_index=-1)
2025-03-23 11:44:37,213 INFO - Received executor event with state success for task instance TaskInstanceKey(dag_id='snowflake_data_pipeline', task_id='process_new_data', run_id='scheduled__2025-03-23T11:10:00+00:00', try_number=1, map_index=-1)
2025-03-23 11:44:37,214 INFO - Received executor event with state success for task instance TaskInstanceKey(dag_id='snowflake_data_pipeline', task_id='process_new_data', run_id='scheduled__2025-03-23T11:30:00+00:00', try_number=1, map_index=-1)
2025-03-23 11:44:37,214 INFO - Received executor event with state success for task instance TaskInstanceKey(dag_id='snowflake_data_pipeline', task_id='process_new_data', run_id='scheduled__2025-03-23T11:35:00+00:00', try_number=1, map_index=-1)
2025-03-23 11:44:37,214 INFO - Received executor event with state success for task instance TaskInstanceKey(dag_id='snowflake_data_pipeline', task_id='process_new_data', run_id='scheduled__2025-03-23T11:20:00+00:00', try_number=1, map_index=-1)
2025-03-23 11:44:37,214 INFO - Received executor event with state success for task instance TaskInstanceKey(dag_id='snowflake_data_pipeline', task_id='process_new_data', run_id='scheduled__2025-03-23T11:00:00+00:00', try_number=1, map_index=-1)
2025-03-23 11:44:37,214 INFO - Received executor event with state success for task instance TaskInstanceKey(dag_id='snowflake_data_pipeline', task_id='process_new_data', run_id='scheduled__2025-03-23T11:15:00+00:00', try_number=1, map_index=-1)
2025-03-23 11:44:37,218 INFO - TaskInstance Finished: dag_id=snowflake_data_pipeline, task_id=process_new_data, run_id=scheduled__2025-03-23T11:10:00+00:00, map_index=-1, run_start_date=2025-03-23 11:44:30.636990+00:00, run_end_date=2025-03-23 11:44:36.326598+00:00, run_duration=5.689608, state=success, executor=LocalExecutor(parallelism=32), executor_state=success, try_number=1, max_tries=1, job_id=188, pool=default_pool, queue=default, priority_weight=1, operator=SqlSensor, queued_dttm=2025-03-23 11:44:27.136232+00:00, queued_by_job_id=47, pid=26703
2025-03-23 11:44:37,219 INFO - TaskInstance Finished: dag_id=snowflake_data_pipeline, task_id=process_new_data, run_id=scheduled__2025-03-23T11:15:00+00:00, map_index=-1, run_start_date=2025-03-23 11:44:30.584660+00:00, run_end_date=2025-03-23 11:44:37.060493+00:00, run_duration=6.475833, state=success, executor=LocalExecutor(parallelism=32), executor_state=success, try_number=1, max_tries=1, job_id=189, pool=default_pool, queue=default, priority_weight=1, operator=SqlSensor, queued_dttm=2025-03-23 11:44:27.136232+00:00, queued_by_job_id=47, pid=26694
2025-03-23 11:44:37,220 INFO - TaskInstance Finished: dag_id=snowflake_data_pipeline, task_id=process_new_data, run_id=scheduled__2025-03-23T11:00:00+00:00, map_index=-1, run_start_date=2025-03-23 11:44:30.581858+00:00, run_end_date=2025-03-23 11:44:36.891056+00:00, run_duration=6.309198, state=success, executor=LocalExecutor(parallelism=32), executor_state=success, try_number=1, max_tries=1, job_id=187, pool=default_pool, queue=default, priority_weight=1, operator=SqlSensor, queued_dttm=2025-03-23 11:44:27.136232+00:00, queued_by_job_id=47, pid=26689
2025-03-23 11:44:37,220 INFO - TaskInstance Finished: dag_id=snowflake_data_pipeline, task_id=process_new_data, run_id=scheduled__2025-03-23T11:35:00+00:00, map_index=-1, run_start_date=2025-03-23 11:44:30.545976+00:00, run_end_date=2025-03-23 11:44:36.326053+00:00, run_duration=5.780077, state=success, executor=LocalExecutor(parallelism=32), executor_state=success, try_number=1, max_tries=1, job_id=183, pool=default_pool, queue=default, priority_weight=1, operator=SqlSensor, queued_dttm=2025-03-23 11:44:27.136232+00:00, queued_by_job_id=47, pid=26685
2025-03-23 11:44:37,221 INFO - TaskInstance Finished: dag_id=snowflake_data_pipeline, task_id=process_new_data, run_id=scheduled__2025-03-23T11:30:00+00:00, map_index=-1, run_start_date=2025-03-23 11:44:30.565502+00:00, run_end_date=2025-03-23 11:44:36.325971+00:00, run_duration=5.760469, state=success, executor=LocalExecutor(parallelism=32), executor_state=success, try_number=1, max_tries=1, job_id=185, pool=default_pool, queue=default, priority_weight=1, operator=SqlSensor, queued_dttm=2025-03-23 11:44:27.136232+00:00, queued_by_job_id=47, pid=26686
2025-03-23 11:44:37,221 INFO - TaskInstance Finished: dag_id=snowflake_data_pipeline, task_id=process_new_data, run_id=scheduled__2025-03-23T11:20:00+00:00, map_index=-1, run_start_date=2025-03-23 11:44:30.587087+00:00, run_end_date=2025-03-23 11:44:36.891212+00:00, run_duration=6.304125, state=success, executor=LocalExecutor(parallelism=32), executor_state=success, try_number=1, max_tries=1, job_id=186, pool=default_pool, queue=default, priority_weight=1, operator=SqlSensor, queued_dttm=2025-03-23 11:44:27.136232+00:00, queued_by_job_id=47, pid=26693
2025-03-23 11:44:37,222 INFO - TaskInstance Finished: dag_id=snowflake_data_pipeline, task_id=process_new_data, run_id=scheduled__2025-03-23T11:05:00+00:00, map_index=-1, run_start_date=2025-03-23 11:44:30.558427+00:00, run_end_date=2025-03-23 11:44:36.047375+00:00, run_duration=5.488948, state=success, executor=LocalExecutor(parallelism=32), executor_state=success, try_number=1, max_tries=1, job_id=184, pool=default_pool, queue=default, priority_weight=1, operator=SqlSensor, queued_dttm=2025-03-23 11:44:27.136232+00:00, queued_by_job_id=47, pid=26687
2025-03-23 11:44:38,243 INFO - Setting next_dagrun for snowflake_data_pipeline to 2025-03-23 11:10:00+00:00, run_after=2025-03-23 11:15:00+00:00
2025-03-23 11:44:38,809 INFO - Setting next_dagrun for snowflake_data_pipeline to 2025-03-23 11:15:00+00:00, run_after=2025-03-23 11:20:00+00:00
2025-03-23 11:44:39,855 INFO - Setting next_dagrun for snowflake_data_pipeline to 2025-03-23 11:20:00+00:00, run_after=2025-03-23 11:25:00+00:00
2025-03-23 11:44:40,049 INFO - Setting next_dagrun for snowflake_data_pipeline to 2025-03-23 11:25:00+00:00, run_after=2025-03-23 11:30:00+00:00
2025-03-23 11:44:41,131 INFO - Setting next_dagrun for snowflake_data_pipeline to 2025-03-23 11:30:00+00:00, run_after=2025-03-23 11:35:00+00:00
2025-03-23 11:44:42,174 INFO - Setting next_dagrun for snowflake_data_pipeline to 2025-03-23 11:35:00+00:00, run_after=2025-03-23 11:40:00+00:00
2025-03-23 11:44:46,893 INFO - Setting next_dagrun for snowflake_data_pipeline to 2025-03-23 11:40:00+00:00, run_after=2025-03-23 11:45:00+00:00
2025-03-23 11:45:00,942 INFO - Setting next_dagrun for snowflake_data_pipeline to 2025-03-23 11:45:00+00:00, run_after=2025-03-23 11:50:00+00:00
2025-03-23 11:45:01,024 INFO - 1 tasks up for execution:
	<TaskInstance: snowflake_data_pipeline.check_new_data scheduled__2025-03-23T11:40:00+00:00 [scheduled]>
2025-03-23 11:45:01,024 INFO - DAG snowflake_data_pipeline has 0/16 running and queued tasks
2025-03-23 11:45:01,025 INFO - Setting the following tasks to queued state:
	<TaskInstance: snowflake_data_pipeline.check_new_data scheduled__2025-03-23T11:40:00+00:00 [scheduled]>
2025-03-23 11:45:01,027 INFO - Trying to enqueue tasks: [<TaskInstance: snowflake_data_pipeline.check_new_data scheduled__2025-03-23T11:40:00+00:00 [scheduled]>] for executor: LocalExecutor(parallelism=32)
2025-03-23 11:45:01,027 INFO - Sending TaskInstanceKey(dag_id='snowflake_data_pipeline', task_id='check_new_data', run_id='scheduled__2025-03-23T11:40:00+00:00', try_number=1, map_index=-1) to LocalExecutor with priority 2 and queue default
2025-03-23 11:45:01,027 INFO - Adding to queue: ['airflow', 'tasks', 'run', 'snowflake_data_pipeline', 'check_new_data', 'scheduled__2025-03-23T11:40:00+00:00', '--local', '--subdir', 'DAGS_FOLDER/check_data_availabilty.py']
2025-03-23 11:45:01,070 INFO - QueuedLocalWorker running ['airflow', 'tasks', 'run', 'snowflake_data_pipeline', 'check_new_data', 'scheduled__2025-03-23T11:40:00+00:00', '--local', '--subdir', 'DAGS_FOLDER/check_data_availabilty.py']
2025-03-23 11:45:01,183 INFO - Filling up the DagBag from /home/ravi/analytics_platform/Insurance_analytics/***/dags/check_data_availabilty.py
2025-03-23 11:45:01,627 INFO - Running <TaskInstance: snowflake_data_pipeline.check_new_data scheduled__2025-03-23T11:40:00+00:00 [queued]> on host LAPTOP-4RSLRQ9T.
2025-03-23 11:45:03,685 INFO - 1 tasks up for execution:
	<TaskInstance: snowflake_data_pipeline.process_new_data scheduled__2025-03-23T11:40:00+00:00 [scheduled]>
2025-03-23 11:45:03,685 INFO - DAG snowflake_data_pipeline has 0/16 running and queued tasks
2025-03-23 11:45:03,686 INFO - Setting the following tasks to queued state:
	<TaskInstance: snowflake_data_pipeline.process_new_data scheduled__2025-03-23T11:40:00+00:00 [scheduled]>
2025-03-23 11:45:03,687 INFO - Trying to enqueue tasks: [<TaskInstance: snowflake_data_pipeline.process_new_data scheduled__2025-03-23T11:40:00+00:00 [scheduled]>] for executor: LocalExecutor(parallelism=32)
2025-03-23 11:45:03,688 INFO - Sending TaskInstanceKey(dag_id='snowflake_data_pipeline', task_id='process_new_data', run_id='scheduled__2025-03-23T11:40:00+00:00', try_number=1, map_index=-1) to LocalExecutor with priority 1 and queue default
2025-03-23 11:45:03,688 INFO - Adding to queue: ['airflow', 'tasks', 'run', 'snowflake_data_pipeline', 'process_new_data', 'scheduled__2025-03-23T11:40:00+00:00', '--local', '--subdir', 'DAGS_FOLDER/check_data_availabilty.py']
2025-03-23 11:45:03,692 INFO - Received executor event with state success for task instance TaskInstanceKey(dag_id='snowflake_data_pipeline', task_id='check_new_data', run_id='scheduled__2025-03-23T11:40:00+00:00', try_number=1, map_index=-1)
2025-03-23 11:45:03,695 INFO - TaskInstance Finished: dag_id=snowflake_data_pipeline, task_id=check_new_data, run_id=scheduled__2025-03-23T11:40:00+00:00, map_index=-1, run_start_date=2025-03-23 11:45:01.735887+00:00, run_end_date=2025-03-23 11:45:03.195375+00:00, run_duration=1.459488, state=success, executor=LocalExecutor(parallelism=32), executor_state=success, try_number=1, max_tries=1, job_id=191, pool=default_pool, queue=default, priority_weight=2, operator=SqlSensor, queued_dttm=2025-03-23 11:45:01.025732+00:00, queued_by_job_id=47, pid=26938
2025-03-23 11:45:03,707 INFO - QueuedLocalWorker running ['airflow', 'tasks', 'run', 'snowflake_data_pipeline', 'process_new_data', 'scheduled__2025-03-23T11:40:00+00:00', '--local', '--subdir', 'DAGS_FOLDER/check_data_availabilty.py']
2025-03-23 11:45:03,783 INFO - Filling up the DagBag from /home/ravi/analytics_platform/Insurance_analytics/***/dags/check_data_availabilty.py
2025-03-23 11:45:04,197 INFO - Running <TaskInstance: snowflake_data_pipeline.process_new_data scheduled__2025-03-23T11:40:00+00:00 [queued]> on host LAPTOP-4RSLRQ9T.
2025-03-23 11:45:07,514 INFO - Marking run <DagRun snowflake_data_pipeline @ 2025-03-23 11:40:00+00:00: scheduled__2025-03-23T11:40:00+00:00, state:running, queued_at: 2025-03-23 11:45:00.931690+00:00. externally triggered: False> successful
2025-03-23 11:45:07,515 INFO - DagRun Finished: dag_id=snowflake_data_pipeline, execution_date=2025-03-23 11:40:00+00:00, run_id=scheduled__2025-03-23T11:40:00+00:00, run_start_date=2025-03-23 11:45:00.989785+00:00, run_end_date=2025-03-23 11:45:07.515285+00:00, run_duration=6.5255, state=success, external_trigger=False, run_type=scheduled, data_interval_start=2025-03-23 11:40:00+00:00, data_interval_end=2025-03-23 11:45:00+00:00, dag_hash=ccebdc23b26a3b824826dab6ac3ac47e
2025-03-23 11:45:07,518 INFO - Setting next_dagrun for snowflake_data_pipeline to 2025-03-23 11:45:00+00:00, run_after=2025-03-23 11:50:00+00:00
2025-03-23 11:45:07,571 INFO - Received executor event with state success for task instance TaskInstanceKey(dag_id='snowflake_data_pipeline', task_id='process_new_data', run_id='scheduled__2025-03-23T11:40:00+00:00', try_number=1, map_index=-1)
2025-03-23 11:45:07,576 INFO - TaskInstance Finished: dag_id=snowflake_data_pipeline, task_id=process_new_data, run_id=scheduled__2025-03-23T11:40:00+00:00, map_index=-1, run_start_date=2025-03-23 11:45:04.292958+00:00, run_end_date=2025-03-23 11:45:06.418961+00:00, run_duration=2.126003, state=success, executor=LocalExecutor(parallelism=32), executor_state=success, try_number=1, max_tries=1, job_id=192, pool=default_pool, queue=default, priority_weight=1, operator=SqlSensor, queued_dttm=2025-03-23 11:45:03.686556+00:00, queued_by_job_id=47, pid=26985
2025-03-23 11:47:20,939 INFO - Setting next_dagrun for snowflake_data_pipeline to 2025-03-23 11:46:00+00:00, run_after=2025-03-23 11:47:00+00:00
2025-03-23 11:47:20,967 INFO - 1 tasks up for execution:
	<TaskInstance: snowflake_data_pipeline.check_new_data scheduled__2025-03-23T11:45:00+00:00 [scheduled]>
2025-03-23 11:47:20,967 INFO - DAG snowflake_data_pipeline has 0/16 running and queued tasks
2025-03-23 11:47:20,968 INFO - Setting the following tasks to queued state:
	<TaskInstance: snowflake_data_pipeline.check_new_data scheduled__2025-03-23T11:45:00+00:00 [scheduled]>
2025-03-23 11:47:20,969 INFO - Trying to enqueue tasks: [<TaskInstance: snowflake_data_pipeline.check_new_data scheduled__2025-03-23T11:45:00+00:00 [scheduled]>] for executor: LocalExecutor(parallelism=32)
2025-03-23 11:47:20,969 INFO - Sending TaskInstanceKey(dag_id='snowflake_data_pipeline', task_id='check_new_data', run_id='scheduled__2025-03-23T11:45:00+00:00', try_number=1, map_index=-1) to LocalExecutor with priority 2 and queue default
2025-03-23 11:47:20,969 INFO - Adding to queue: ['airflow', 'tasks', 'run', 'snowflake_data_pipeline', 'check_new_data', 'scheduled__2025-03-23T11:45:00+00:00', '--local', '--subdir', 'DAGS_FOLDER/check_data_availabilty.py']
2025-03-23 11:47:20,992 INFO - Setting next_dagrun for snowflake_data_pipeline to 2025-03-23 11:47:00+00:00, run_after=2025-03-23 11:48:00+00:00
2025-03-23 11:47:21,028 INFO - 1 tasks up for execution:
	<TaskInstance: snowflake_data_pipeline.check_new_data scheduled__2025-03-23T11:46:00+00:00 [scheduled]>
2025-03-23 11:47:21,028 INFO - DAG snowflake_data_pipeline has 1/16 running and queued tasks
2025-03-23 11:47:21,028 INFO - Setting the following tasks to queued state:
	<TaskInstance: snowflake_data_pipeline.check_new_data scheduled__2025-03-23T11:46:00+00:00 [scheduled]>
2025-03-23 11:47:21,030 INFO - Trying to enqueue tasks: [<TaskInstance: snowflake_data_pipeline.check_new_data scheduled__2025-03-23T11:46:00+00:00 [scheduled]>] for executor: LocalExecutor(parallelism=32)
2025-03-23 11:47:21,030 INFO - Sending TaskInstanceKey(dag_id='snowflake_data_pipeline', task_id='check_new_data', run_id='scheduled__2025-03-23T11:46:00+00:00', try_number=1, map_index=-1) to LocalExecutor with priority 2 and queue default
2025-03-23 11:47:21,030 INFO - Adding to queue: ['airflow', 'tasks', 'run', 'snowflake_data_pipeline', 'check_new_data', 'scheduled__2025-03-23T11:46:00+00:00', '--local', '--subdir', 'DAGS_FOLDER/check_data_availabilty.py']
2025-03-23 11:47:21,007 INFO - QueuedLocalWorker running ['airflow', 'tasks', 'run', 'snowflake_data_pipeline', 'check_new_data', 'scheduled__2025-03-23T11:45:00+00:00', '--local', '--subdir', 'DAGS_FOLDER/check_data_availabilty.py']
2025-03-23 11:47:21,056 INFO - QueuedLocalWorker running ['airflow', 'tasks', 'run', 'snowflake_data_pipeline', 'check_new_data', 'scheduled__2025-03-23T11:46:00+00:00', '--local', '--subdir', 'DAGS_FOLDER/check_data_availabilty.py']
2025-03-23 11:47:21,114 INFO - Filling up the DagBag from /home/ravi/analytics_platform/Insurance_analytics/***/dags/check_data_availabilty.py
2025-03-23 11:47:21,121 INFO - Filling up the DagBag from /home/ravi/analytics_platform/Insurance_analytics/***/dags/check_data_availabilty.py
2025-03-23 11:47:21,721 INFO - Running <TaskInstance: snowflake_data_pipeline.check_new_data scheduled__2025-03-23T11:45:00+00:00 [queued]> on host LAPTOP-4RSLRQ9T.
2025-03-23 11:47:21,725 INFO - Running <TaskInstance: snowflake_data_pipeline.check_new_data scheduled__2025-03-23T11:46:00+00:00 [queued]> on host LAPTOP-4RSLRQ9T.
2025-03-23 11:47:24,270 INFO - 2 tasks up for execution:
	<TaskInstance: snowflake_data_pipeline.process_new_data scheduled__2025-03-23T11:45:00+00:00 [scheduled]>
	<TaskInstance: snowflake_data_pipeline.process_new_data scheduled__2025-03-23T11:46:00+00:00 [scheduled]>
2025-03-23 11:47:24,271 INFO - DAG snowflake_data_pipeline has 0/16 running and queued tasks
2025-03-23 11:47:24,271 INFO - DAG snowflake_data_pipeline has 1/16 running and queued tasks
2025-03-23 11:47:24,272 INFO - Setting the following tasks to queued state:
	<TaskInstance: snowflake_data_pipeline.process_new_data scheduled__2025-03-23T11:45:00+00:00 [scheduled]>
	<TaskInstance: snowflake_data_pipeline.process_new_data scheduled__2025-03-23T11:46:00+00:00 [scheduled]>
2025-03-23 11:47:24,274 INFO - Trying to enqueue tasks: [<TaskInstance: snowflake_data_pipeline.process_new_data scheduled__2025-03-23T11:45:00+00:00 [scheduled]>, <TaskInstance: snowflake_data_pipeline.process_new_data scheduled__2025-03-23T11:46:00+00:00 [scheduled]>] for executor: LocalExecutor(parallelism=32)
2025-03-23 11:47:24,275 INFO - Sending TaskInstanceKey(dag_id='snowflake_data_pipeline', task_id='process_new_data', run_id='scheduled__2025-03-23T11:45:00+00:00', try_number=1, map_index=-1) to LocalExecutor with priority 1 and queue default
2025-03-23 11:47:24,275 INFO - Adding to queue: ['airflow', 'tasks', 'run', 'snowflake_data_pipeline', 'process_new_data', 'scheduled__2025-03-23T11:45:00+00:00', '--local', '--subdir', 'DAGS_FOLDER/check_data_availabilty.py']
2025-03-23 11:47:24,275 INFO - Sending TaskInstanceKey(dag_id='snowflake_data_pipeline', task_id='process_new_data', run_id='scheduled__2025-03-23T11:46:00+00:00', try_number=1, map_index=-1) to LocalExecutor with priority 1 and queue default
2025-03-23 11:47:24,276 INFO - Adding to queue: ['airflow', 'tasks', 'run', 'snowflake_data_pipeline', 'process_new_data', 'scheduled__2025-03-23T11:46:00+00:00', '--local', '--subdir', 'DAGS_FOLDER/check_data_availabilty.py']
2025-03-23 11:47:24,281 INFO - Received executor event with state success for task instance TaskInstanceKey(dag_id='snowflake_data_pipeline', task_id='check_new_data', run_id='scheduled__2025-03-23T11:46:00+00:00', try_number=1, map_index=-1)
2025-03-23 11:47:24,281 INFO - Received executor event with state success for task instance TaskInstanceKey(dag_id='snowflake_data_pipeline', task_id='check_new_data', run_id='scheduled__2025-03-23T11:45:00+00:00', try_number=1, map_index=-1)
2025-03-23 11:47:24,284 INFO - TaskInstance Finished: dag_id=snowflake_data_pipeline, task_id=check_new_data, run_id=scheduled__2025-03-23T11:45:00+00:00, map_index=-1, run_start_date=2025-03-23 11:47:21.783516+00:00, run_end_date=2025-03-23 11:47:23.376633+00:00, run_duration=1.593117, state=success, executor=LocalExecutor(parallelism=32), executor_state=success, try_number=1, max_tries=1, job_id=193, pool=default_pool, queue=default, priority_weight=2, operator=SqlSensor, queued_dttm=2025-03-23 11:47:20.968422+00:00, queued_by_job_id=47, pid=27465
2025-03-23 11:47:24,284 INFO - TaskInstance Finished: dag_id=snowflake_data_pipeline, task_id=check_new_data, run_id=scheduled__2025-03-23T11:46:00+00:00, map_index=-1, run_start_date=2025-03-23 11:47:21.784028+00:00, run_end_date=2025-03-23 11:47:23.375699+00:00, run_duration=1.591671, state=success, executor=LocalExecutor(parallelism=32), executor_state=success, try_number=1, max_tries=1, job_id=194, pool=default_pool, queue=default, priority_weight=2, operator=SqlSensor, queued_dttm=2025-03-23 11:47:21.029299+00:00, queued_by_job_id=47, pid=27466
2025-03-23 11:47:24,295 INFO - QueuedLocalWorker running ['airflow', 'tasks', 'run', 'snowflake_data_pipeline', 'process_new_data', 'scheduled__2025-03-23T11:46:00+00:00', '--local', '--subdir', 'DAGS_FOLDER/check_data_availabilty.py']
2025-03-23 11:47:24,295 INFO - QueuedLocalWorker running ['airflow', 'tasks', 'run', 'snowflake_data_pipeline', 'process_new_data', 'scheduled__2025-03-23T11:45:00+00:00', '--local', '--subdir', 'DAGS_FOLDER/check_data_availabilty.py']
2025-03-23 11:47:24,367 INFO - Filling up the DagBag from /home/ravi/analytics_platform/Insurance_analytics/***/dags/check_data_availabilty.py
2025-03-23 11:47:24,375 INFO - Filling up the DagBag from /home/ravi/analytics_platform/Insurance_analytics/***/dags/check_data_availabilty.py
2025-03-23 11:47:24,885 INFO - Running <TaskInstance: snowflake_data_pipeline.process_new_data scheduled__2025-03-23T11:45:00+00:00 [queued]> on host LAPTOP-4RSLRQ9T.
2025-03-23 11:47:24,917 INFO - Running <TaskInstance: snowflake_data_pipeline.process_new_data scheduled__2025-03-23T11:46:00+00:00 [queued]> on host LAPTOP-4RSLRQ9T.
2025-03-23 11:47:27,076 INFO - Marking run <DagRun snowflake_data_pipeline @ 2025-03-23 11:45:00+00:00: scheduled__2025-03-23T11:45:00+00:00, state:running, queued_at: 2025-03-23 11:47:20.934004+00:00. externally triggered: False> successful
2025-03-23 11:47:27,077 INFO - DagRun Finished: dag_id=snowflake_data_pipeline, execution_date=2025-03-23 11:45:00+00:00, run_id=scheduled__2025-03-23T11:45:00+00:00, run_start_date=2025-03-23 11:47:20.946130+00:00, run_end_date=2025-03-23 11:47:27.077174+00:00, run_duration=6.131044, state=success, external_trigger=False, run_type=scheduled, data_interval_start=2025-03-23 11:45:00+00:00, data_interval_end=2025-03-23 11:46:00+00:00, dag_hash=80e1966499e526dd56d36fdf30c34c76
2025-03-23 11:47:27,079 INFO - Setting next_dagrun for snowflake_data_pipeline to 2025-03-23 11:46:00+00:00, run_after=2025-03-23 11:47:00+00:00
2025-03-23 11:47:27,688 INFO - Setting next_dagrun for snowflake_data_pipeline to 2025-03-23 11:47:00+00:00, run_after=2025-03-23 11:48:00+00:00
2025-03-23 11:47:27,733 INFO - Received executor event with state success for task instance TaskInstanceKey(dag_id='snowflake_data_pipeline', task_id='process_new_data', run_id='scheduled__2025-03-23T11:45:00+00:00', try_number=1, map_index=-1)
2025-03-23 11:47:27,736 INFO - TaskInstance Finished: dag_id=snowflake_data_pipeline, task_id=process_new_data, run_id=scheduled__2025-03-23T11:45:00+00:00, map_index=-1, run_start_date=2025-03-23 11:47:24.972534+00:00, run_end_date=2025-03-23 11:47:27.000353+00:00, run_duration=2.027819, state=success, executor=LocalExecutor(parallelism=32), executor_state=success, try_number=1, max_tries=1, job_id=195, pool=default_pool, queue=default, priority_weight=1, operator=SqlSensor, queued_dttm=2025-03-23 11:47:24.273368+00:00, queued_by_job_id=47, pid=27547
2025-03-23 11:47:29,853 INFO - Marking run <DagRun snowflake_data_pipeline @ 2025-03-23 11:46:00+00:00: scheduled__2025-03-23T11:46:00+00:00, state:running, queued_at: 2025-03-23 11:47:20.989284+00:00. externally triggered: False> successful
2025-03-23 11:47:29,853 INFO - DagRun Finished: dag_id=snowflake_data_pipeline, execution_date=2025-03-23 11:46:00+00:00, run_id=scheduled__2025-03-23T11:46:00+00:00, run_start_date=2025-03-23 11:47:21.000444+00:00, run_end_date=2025-03-23 11:47:29.853688+00:00, run_duration=8.853244, state=success, external_trigger=False, run_type=scheduled, data_interval_start=2025-03-23 11:46:00+00:00, data_interval_end=2025-03-23 11:47:00+00:00, dag_hash=80e1966499e526dd56d36fdf30c34c76
2025-03-23 11:47:29,856 INFO - Setting next_dagrun for snowflake_data_pipeline to 2025-03-23 11:47:00+00:00, run_after=2025-03-23 11:48:00+00:00
2025-03-23 11:47:29,918 INFO - Received executor event with state success for task instance TaskInstanceKey(dag_id='snowflake_data_pipeline', task_id='process_new_data', run_id='scheduled__2025-03-23T11:46:00+00:00', try_number=1, map_index=-1)
2025-03-23 11:47:29,923 INFO - TaskInstance Finished: dag_id=snowflake_data_pipeline, task_id=process_new_data, run_id=scheduled__2025-03-23T11:46:00+00:00, map_index=-1, run_start_date=2025-03-23 11:47:24.973618+00:00, run_end_date=2025-03-23 11:47:28.940386+00:00, run_duration=3.966768, state=success, executor=LocalExecutor(parallelism=32), executor_state=success, try_number=1, max_tries=1, job_id=196, pool=default_pool, queue=default, priority_weight=1, operator=SqlSensor, queued_dttm=2025-03-23 11:47:24.273368+00:00, queued_by_job_id=47, pid=27548
2025-03-23 11:47:58,211 INFO - Adopting or resetting orphaned tasks for active dag runs
2025-03-23 11:48:00,875 INFO - Setting next_dagrun for snowflake_data_pipeline to 2025-03-23 11:48:00+00:00, run_after=2025-03-23 11:49:00+00:00
2025-03-23 11:48:00,900 INFO - 1 tasks up for execution:
	<TaskInstance: snowflake_data_pipeline.check_new_data scheduled__2025-03-23T11:47:00+00:00 [scheduled]>
2025-03-23 11:48:00,900 INFO - DAG snowflake_data_pipeline has 0/16 running and queued tasks
2025-03-23 11:48:00,901 INFO - Setting the following tasks to queued state:
	<TaskInstance: snowflake_data_pipeline.check_new_data scheduled__2025-03-23T11:47:00+00:00 [scheduled]>
2025-03-23 11:48:00,902 INFO - Trying to enqueue tasks: [<TaskInstance: snowflake_data_pipeline.check_new_data scheduled__2025-03-23T11:47:00+00:00 [scheduled]>] for executor: LocalExecutor(parallelism=32)
2025-03-23 11:48:00,902 INFO - Sending TaskInstanceKey(dag_id='snowflake_data_pipeline', task_id='check_new_data', run_id='scheduled__2025-03-23T11:47:00+00:00', try_number=1, map_index=-1) to LocalExecutor with priority 2 and queue default
2025-03-23 11:48:00,903 INFO - Adding to queue: ['airflow', 'tasks', 'run', 'snowflake_data_pipeline', 'check_new_data', 'scheduled__2025-03-23T11:47:00+00:00', '--local', '--subdir', 'DAGS_FOLDER/check_data_availabilty.py']
2025-03-23 11:48:00,916 INFO - QueuedLocalWorker running ['airflow', 'tasks', 'run', 'snowflake_data_pipeline', 'check_new_data', 'scheduled__2025-03-23T11:47:00+00:00', '--local', '--subdir', 'DAGS_FOLDER/check_data_availabilty.py']
2025-03-23 11:48:00,970 INFO - Filling up the DagBag from /home/ravi/analytics_platform/Insurance_analytics/***/dags/check_data_availabilty.py
2025-03-23 11:48:01,549 INFO - Running <TaskInstance: snowflake_data_pipeline.check_new_data scheduled__2025-03-23T11:47:00+00:00 [queued]> on host LAPTOP-4RSLRQ9T.
2025-03-23 11:48:03,748 INFO - 1 tasks up for execution:
	<TaskInstance: snowflake_data_pipeline.process_new_data scheduled__2025-03-23T11:47:00+00:00 [scheduled]>
2025-03-23 11:48:03,749 INFO - DAG snowflake_data_pipeline has 0/16 running and queued tasks
2025-03-23 11:48:03,749 INFO - Setting the following tasks to queued state:
	<TaskInstance: snowflake_data_pipeline.process_new_data scheduled__2025-03-23T11:47:00+00:00 [scheduled]>
2025-03-23 11:48:03,751 INFO - Trying to enqueue tasks: [<TaskInstance: snowflake_data_pipeline.process_new_data scheduled__2025-03-23T11:47:00+00:00 [scheduled]>] for executor: LocalExecutor(parallelism=32)
2025-03-23 11:48:03,751 INFO - Sending TaskInstanceKey(dag_id='snowflake_data_pipeline', task_id='process_new_data', run_id='scheduled__2025-03-23T11:47:00+00:00', try_number=1, map_index=-1) to LocalExecutor with priority 1 and queue default
2025-03-23 11:48:03,751 INFO - Adding to queue: ['airflow', 'tasks', 'run', 'snowflake_data_pipeline', 'process_new_data', 'scheduled__2025-03-23T11:47:00+00:00', '--local', '--subdir', 'DAGS_FOLDER/check_data_availabilty.py']
2025-03-23 11:48:03,755 INFO - Received executor event with state success for task instance TaskInstanceKey(dag_id='snowflake_data_pipeline', task_id='check_new_data', run_id='scheduled__2025-03-23T11:47:00+00:00', try_number=1, map_index=-1)
2025-03-23 11:48:03,759 INFO - TaskInstance Finished: dag_id=snowflake_data_pipeline, task_id=check_new_data, run_id=scheduled__2025-03-23T11:47:00+00:00, map_index=-1, run_start_date=2025-03-23 11:48:01.611541+00:00, run_end_date=2025-03-23 11:48:03.212450+00:00, run_duration=1.600909, state=success, executor=LocalExecutor(parallelism=32), executor_state=success, try_number=1, max_tries=1, job_id=197, pool=default_pool, queue=default, priority_weight=2, operator=SqlSensor, queued_dttm=2025-03-23 11:48:00.901507+00:00, queued_by_job_id=47, pid=27714
2025-03-23 11:48:03,769 INFO - QueuedLocalWorker running ['airflow', 'tasks', 'run', 'snowflake_data_pipeline', 'process_new_data', 'scheduled__2025-03-23T11:47:00+00:00', '--local', '--subdir', 'DAGS_FOLDER/check_data_availabilty.py']
2025-03-23 11:48:03,825 INFO - Filling up the DagBag from /home/ravi/analytics_platform/Insurance_analytics/***/dags/check_data_availabilty.py
2025-03-23 11:48:04,235 INFO - Running <TaskInstance: snowflake_data_pipeline.process_new_data scheduled__2025-03-23T11:47:00+00:00 [queued]> on host LAPTOP-4RSLRQ9T.
2025-03-23 11:48:07,281 INFO - Marking run <DagRun snowflake_data_pipeline @ 2025-03-23 11:47:00+00:00: scheduled__2025-03-23T11:47:00+00:00, state:running, queued_at: 2025-03-23 11:48:00.871466+00:00. externally triggered: False> successful
2025-03-23 11:48:07,281 INFO - DagRun Finished: dag_id=snowflake_data_pipeline, execution_date=2025-03-23 11:47:00+00:00, run_id=scheduled__2025-03-23T11:47:00+00:00, run_start_date=2025-03-23 11:48:00.882070+00:00, run_end_date=2025-03-23 11:48:07.281924+00:00, run_duration=6.399854, state=success, external_trigger=False, run_type=scheduled, data_interval_start=2025-03-23 11:47:00+00:00, data_interval_end=2025-03-23 11:48:00+00:00, dag_hash=80e1966499e526dd56d36fdf30c34c76
2025-03-23 11:48:07,285 INFO - Setting next_dagrun for snowflake_data_pipeline to 2025-03-23 11:48:00+00:00, run_after=2025-03-23 11:49:00+00:00
2025-03-23 11:48:07,384 INFO - Received executor event with state success for task instance TaskInstanceKey(dag_id='snowflake_data_pipeline', task_id='process_new_data', run_id='scheduled__2025-03-23T11:47:00+00:00', try_number=1, map_index=-1)
2025-03-23 11:48:07,389 INFO - TaskInstance Finished: dag_id=snowflake_data_pipeline, task_id=process_new_data, run_id=scheduled__2025-03-23T11:47:00+00:00, map_index=-1, run_start_date=2025-03-23 11:48:04.289908+00:00, run_end_date=2025-03-23 11:48:06.619044+00:00, run_duration=2.329136, state=success, executor=LocalExecutor(parallelism=32), executor_state=success, try_number=1, max_tries=1, job_id=198, pool=default_pool, queue=default, priority_weight=1, operator=SqlSensor, queued_dttm=2025-03-23 11:48:03.750242+00:00, queued_by_job_id=47, pid=27755
2025-03-23 11:49:00,085 INFO - Setting next_dagrun for snowflake_data_pipeline to 2025-03-23 11:49:00+00:00, run_after=2025-03-23 11:50:00+00:00
2025-03-23 11:49:00,152 INFO - 1 tasks up for execution:
	<TaskInstance: snowflake_data_pipeline.check_new_data scheduled__2025-03-23T11:48:00+00:00 [scheduled]>
2025-03-23 11:49:00,152 INFO - DAG snowflake_data_pipeline has 0/16 running and queued tasks
2025-03-23 11:49:00,152 INFO - Setting the following tasks to queued state:
	<TaskInstance: snowflake_data_pipeline.check_new_data scheduled__2025-03-23T11:48:00+00:00 [scheduled]>
2025-03-23 11:49:00,153 INFO - Trying to enqueue tasks: [<TaskInstance: snowflake_data_pipeline.check_new_data scheduled__2025-03-23T11:48:00+00:00 [scheduled]>] for executor: LocalExecutor(parallelism=32)
2025-03-23 11:49:00,154 INFO - Sending TaskInstanceKey(dag_id='snowflake_data_pipeline', task_id='check_new_data', run_id='scheduled__2025-03-23T11:48:00+00:00', try_number=1, map_index=-1) to LocalExecutor with priority 2 and queue default
2025-03-23 11:49:00,154 INFO - Adding to queue: ['airflow', 'tasks', 'run', 'snowflake_data_pipeline', 'check_new_data', 'scheduled__2025-03-23T11:48:00+00:00', '--local', '--subdir', 'DAGS_FOLDER/check_data_availabilty.py']
2025-03-23 11:49:00,170 INFO - QueuedLocalWorker running ['airflow', 'tasks', 'run', 'snowflake_data_pipeline', 'check_new_data', 'scheduled__2025-03-23T11:48:00+00:00', '--local', '--subdir', 'DAGS_FOLDER/check_data_availabilty.py']
2025-03-23 11:49:00,230 INFO - Filling up the DagBag from /home/ravi/analytics_platform/Insurance_analytics/***/dags/check_data_availabilty.py
2025-03-23 11:49:00,709 INFO - Running <TaskInstance: snowflake_data_pipeline.check_new_data scheduled__2025-03-23T11:48:00+00:00 [queued]> on host LAPTOP-4RSLRQ9T.
2025-03-23 11:49:03,087 INFO - 1 tasks up for execution:
	<TaskInstance: snowflake_data_pipeline.process_new_data scheduled__2025-03-23T11:48:00+00:00 [scheduled]>
2025-03-23 11:49:03,088 INFO - DAG snowflake_data_pipeline has 0/16 running and queued tasks
2025-03-23 11:49:03,088 INFO - Setting the following tasks to queued state:
	<TaskInstance: snowflake_data_pipeline.process_new_data scheduled__2025-03-23T11:48:00+00:00 [scheduled]>
2025-03-23 11:49:03,090 INFO - Trying to enqueue tasks: [<TaskInstance: snowflake_data_pipeline.process_new_data scheduled__2025-03-23T11:48:00+00:00 [scheduled]>] for executor: LocalExecutor(parallelism=32)
2025-03-23 11:49:03,091 INFO - Sending TaskInstanceKey(dag_id='snowflake_data_pipeline', task_id='process_new_data', run_id='scheduled__2025-03-23T11:48:00+00:00', try_number=1, map_index=-1) to LocalExecutor with priority 1 and queue default
2025-03-23 11:49:03,091 INFO - Adding to queue: ['airflow', 'tasks', 'run', 'snowflake_data_pipeline', 'process_new_data', 'scheduled__2025-03-23T11:48:00+00:00', '--local', '--subdir', 'DAGS_FOLDER/check_data_availabilty.py']
2025-03-23 11:49:03,096 INFO - Received executor event with state success for task instance TaskInstanceKey(dag_id='snowflake_data_pipeline', task_id='check_new_data', run_id='scheduled__2025-03-23T11:48:00+00:00', try_number=1, map_index=-1)
2025-03-23 11:49:03,100 INFO - TaskInstance Finished: dag_id=snowflake_data_pipeline, task_id=check_new_data, run_id=scheduled__2025-03-23T11:48:00+00:00, map_index=-1, run_start_date=2025-03-23 11:49:00.783939+00:00, run_end_date=2025-03-23 11:49:02.439598+00:00, run_duration=1.655659, state=success, executor=LocalExecutor(parallelism=32), executor_state=success, try_number=1, max_tries=1, job_id=199, pool=default_pool, queue=default, priority_weight=2, operator=SqlSensor, queued_dttm=2025-03-23 11:49:00.153051+00:00, queued_by_job_id=47, pid=27972
2025-03-23 11:49:03,107 INFO - QueuedLocalWorker running ['airflow', 'tasks', 'run', 'snowflake_data_pipeline', 'process_new_data', 'scheduled__2025-03-23T11:48:00+00:00', '--local', '--subdir', 'DAGS_FOLDER/check_data_availabilty.py']
2025-03-23 11:49:03,159 INFO - Filling up the DagBag from /home/ravi/analytics_platform/Insurance_analytics/***/dags/check_data_availabilty.py
2025-03-23 11:49:03,571 INFO - Running <TaskInstance: snowflake_data_pipeline.process_new_data scheduled__2025-03-23T11:48:00+00:00 [queued]> on host LAPTOP-4RSLRQ9T.
2025-03-23 11:49:06,320 INFO - Marking run <DagRun snowflake_data_pipeline @ 2025-03-23 11:48:00+00:00: scheduled__2025-03-23T11:48:00+00:00, state:running, queued_at: 2025-03-23 11:49:00.080526+00:00. externally triggered: False> successful
2025-03-23 11:49:06,320 INFO - DagRun Finished: dag_id=snowflake_data_pipeline, execution_date=2025-03-23 11:48:00+00:00, run_id=scheduled__2025-03-23T11:48:00+00:00, run_start_date=2025-03-23 11:49:00.133017+00:00, run_end_date=2025-03-23 11:49:06.320493+00:00, run_duration=6.187476, state=success, external_trigger=False, run_type=scheduled, data_interval_start=2025-03-23 11:48:00+00:00, data_interval_end=2025-03-23 11:49:00+00:00, dag_hash=80e1966499e526dd56d36fdf30c34c76
2025-03-23 11:49:06,323 INFO - Setting next_dagrun for snowflake_data_pipeline to 2025-03-23 11:49:00+00:00, run_after=2025-03-23 11:50:00+00:00
2025-03-23 11:49:06,379 INFO - Received executor event with state success for task instance TaskInstanceKey(dag_id='snowflake_data_pipeline', task_id='process_new_data', run_id='scheduled__2025-03-23T11:48:00+00:00', try_number=1, map_index=-1)
2025-03-23 11:49:06,385 INFO - TaskInstance Finished: dag_id=snowflake_data_pipeline, task_id=process_new_data, run_id=scheduled__2025-03-23T11:48:00+00:00, map_index=-1, run_start_date=2025-03-23 11:49:03.660217+00:00, run_end_date=2025-03-23 11:49:05.860871+00:00, run_duration=2.200654, state=success, executor=LocalExecutor(parallelism=32), executor_state=success, try_number=1, max_tries=1, job_id=200, pool=default_pool, queue=default, priority_weight=1, operator=SqlSensor, queued_dttm=2025-03-23 11:49:03.089289+00:00, queued_by_job_id=47, pid=28013
2025-03-23 11:50:00,446 INFO - Setting next_dagrun for snowflake_data_pipeline to 2025-03-23 11:50:00+00:00, run_after=2025-03-23 11:51:00+00:00
2025-03-23 11:50:00,477 INFO - 1 tasks up for execution:
	<TaskInstance: snowflake_data_pipeline.check_new_data scheduled__2025-03-23T11:49:00+00:00 [scheduled]>
2025-03-23 11:50:00,477 INFO - DAG snowflake_data_pipeline has 0/16 running and queued tasks
2025-03-23 11:50:00,477 INFO - Setting the following tasks to queued state:
	<TaskInstance: snowflake_data_pipeline.check_new_data scheduled__2025-03-23T11:49:00+00:00 [scheduled]>
2025-03-23 11:50:00,479 INFO - Trying to enqueue tasks: [<TaskInstance: snowflake_data_pipeline.check_new_data scheduled__2025-03-23T11:49:00+00:00 [scheduled]>] for executor: LocalExecutor(parallelism=32)
2025-03-23 11:50:00,479 INFO - Sending TaskInstanceKey(dag_id='snowflake_data_pipeline', task_id='check_new_data', run_id='scheduled__2025-03-23T11:49:00+00:00', try_number=1, map_index=-1) to LocalExecutor with priority 2 and queue default
2025-03-23 11:50:00,479 INFO - Adding to queue: ['airflow', 'tasks', 'run', 'snowflake_data_pipeline', 'check_new_data', 'scheduled__2025-03-23T11:49:00+00:00', '--local', '--subdir', 'DAGS_FOLDER/check_data_availabilty.py']
2025-03-23 11:50:00,495 INFO - QueuedLocalWorker running ['airflow', 'tasks', 'run', 'snowflake_data_pipeline', 'check_new_data', 'scheduled__2025-03-23T11:49:00+00:00', '--local', '--subdir', 'DAGS_FOLDER/check_data_availabilty.py']
2025-03-23 11:50:00,560 INFO - Filling up the DagBag from /home/ravi/analytics_platform/Insurance_analytics/***/dags/check_data_availabilty.py
2025-03-23 11:50:00,988 INFO - Running <TaskInstance: snowflake_data_pipeline.check_new_data scheduled__2025-03-23T11:49:00+00:00 [queued]> on host LAPTOP-4RSLRQ9T.
2025-03-23 11:50:02,942 INFO - 1 tasks up for execution:
	<TaskInstance: snowflake_data_pipeline.process_new_data scheduled__2025-03-23T11:49:00+00:00 [scheduled]>
2025-03-23 11:50:02,943 INFO - DAG snowflake_data_pipeline has 0/16 running and queued tasks
2025-03-23 11:50:02,943 INFO - Setting the following tasks to queued state:
	<TaskInstance: snowflake_data_pipeline.process_new_data scheduled__2025-03-23T11:49:00+00:00 [scheduled]>
2025-03-23 11:50:02,945 INFO - Trying to enqueue tasks: [<TaskInstance: snowflake_data_pipeline.process_new_data scheduled__2025-03-23T11:49:00+00:00 [scheduled]>] for executor: LocalExecutor(parallelism=32)
2025-03-23 11:50:02,945 INFO - Sending TaskInstanceKey(dag_id='snowflake_data_pipeline', task_id='process_new_data', run_id='scheduled__2025-03-23T11:49:00+00:00', try_number=1, map_index=-1) to LocalExecutor with priority 1 and queue default
2025-03-23 11:50:02,946 INFO - Adding to queue: ['airflow', 'tasks', 'run', 'snowflake_data_pipeline', 'process_new_data', 'scheduled__2025-03-23T11:49:00+00:00', '--local', '--subdir', 'DAGS_FOLDER/check_data_availabilty.py']
2025-03-23 11:50:02,950 INFO - Received executor event with state success for task instance TaskInstanceKey(dag_id='snowflake_data_pipeline', task_id='check_new_data', run_id='scheduled__2025-03-23T11:49:00+00:00', try_number=1, map_index=-1)
2025-03-23 11:50:02,953 INFO - TaskInstance Finished: dag_id=snowflake_data_pipeline, task_id=check_new_data, run_id=scheduled__2025-03-23T11:49:00+00:00, map_index=-1, run_start_date=2025-03-23 11:50:01.046580+00:00, run_end_date=2025-03-23 11:50:02.706939+00:00, run_duration=1.660359, state=success, executor=LocalExecutor(parallelism=32), executor_state=success, try_number=1, max_tries=1, job_id=201, pool=default_pool, queue=default, priority_weight=2, operator=SqlSensor, queued_dttm=2025-03-23 11:50:00.478249+00:00, queued_by_job_id=47, pid=28236
2025-03-23 11:50:02,968 INFO - QueuedLocalWorker running ['airflow', 'tasks', 'run', 'snowflake_data_pipeline', 'process_new_data', 'scheduled__2025-03-23T11:49:00+00:00', '--local', '--subdir', 'DAGS_FOLDER/check_data_availabilty.py']
2025-03-23 11:50:03,038 INFO - Filling up the DagBag from /home/ravi/analytics_platform/Insurance_analytics/***/dags/check_data_availabilty.py
2025-03-23 11:50:03,518 INFO - Running <TaskInstance: snowflake_data_pipeline.process_new_data scheduled__2025-03-23T11:49:00+00:00 [queued]> on host LAPTOP-4RSLRQ9T.
2025-03-23 11:50:10,939 INFO - Marking run <DagRun snowflake_data_pipeline @ 2025-03-23 11:49:00+00:00: scheduled__2025-03-23T11:49:00+00:00, state:running, queued_at: 2025-03-23 11:50:00.439427+00:00. externally triggered: False> successful
2025-03-23 11:50:10,940 INFO - DagRun Finished: dag_id=snowflake_data_pipeline, execution_date=2025-03-23 11:49:00+00:00, run_id=scheduled__2025-03-23T11:49:00+00:00, run_start_date=2025-03-23 11:50:00.455485+00:00, run_end_date=2025-03-23 11:50:10.939963+00:00, run_duration=10.484478, state=success, external_trigger=False, run_type=scheduled, data_interval_start=2025-03-23 11:49:00+00:00, data_interval_end=2025-03-23 11:50:00+00:00, dag_hash=80e1966499e526dd56d36fdf30c34c76
2025-03-23 11:50:10,942 INFO - Setting next_dagrun for snowflake_data_pipeline to 2025-03-23 11:50:00+00:00, run_after=2025-03-23 11:51:00+00:00
2025-03-23 11:50:10,992 INFO - Received executor event with state success for task instance TaskInstanceKey(dag_id='snowflake_data_pipeline', task_id='process_new_data', run_id='scheduled__2025-03-23T11:49:00+00:00', try_number=1, map_index=-1)
2025-03-23 11:50:10,995 INFO - TaskInstance Finished: dag_id=snowflake_data_pipeline, task_id=process_new_data, run_id=scheduled__2025-03-23T11:49:00+00:00, map_index=-1, run_start_date=2025-03-23 11:50:03.580707+00:00, run_end_date=2025-03-23 11:50:09.868941+00:00, run_duration=6.288234, state=success, executor=LocalExecutor(parallelism=32), executor_state=success, try_number=1, max_tries=1, job_id=202, pool=default_pool, queue=default, priority_weight=1, operator=SqlSensor, queued_dttm=2025-03-23 11:50:02.944048+00:00, queued_by_job_id=47, pid=28277
2025-03-23 11:53:30,525 INFO - Adopting or resetting orphaned tasks for active dag runs
2025-03-23 15:58:57,313 INFO - Setting next_dagrun for snowflake_data_pipeline to 2025-03-23 12:50:00+00:00, run_after=2025-03-23 13:50:00+00:00
2025-03-23 15:58:57,659 INFO - 1 tasks up for execution:
	<TaskInstance: snowflake_data_pipeline.check_new_data scheduled__2025-03-23T11:50:00+00:00 [scheduled]>
2025-03-23 15:58:57,661 INFO - DAG snowflake_data_pipeline has 0/16 running and queued tasks
2025-03-23 15:58:57,663 INFO - Setting the following tasks to queued state:
	<TaskInstance: snowflake_data_pipeline.check_new_data scheduled__2025-03-23T11:50:00+00:00 [scheduled]>
2025-03-23 15:58:57,684 INFO - Trying to enqueue tasks: [<TaskInstance: snowflake_data_pipeline.check_new_data scheduled__2025-03-23T11:50:00+00:00 [scheduled]>] for executor: LocalExecutor(parallelism=32)
2025-03-23 15:58:57,698 INFO - Sending TaskInstanceKey(dag_id='snowflake_data_pipeline', task_id='check_new_data', run_id='scheduled__2025-03-23T11:50:00+00:00', try_number=1, map_index=-1) to LocalExecutor with priority 2 and queue default
2025-03-23 15:58:57,701 INFO - Adding to queue: ['airflow', 'tasks', 'run', 'snowflake_data_pipeline', 'check_new_data', 'scheduled__2025-03-23T11:50:00+00:00', '--local', '--subdir', 'DAGS_FOLDER/check_data_availabilty.py']
2025-03-23 15:58:57,755 INFO - Heartbeat recovered after 14521.85 seconds
2025-03-23 15:58:57,844 INFO - Setting next_dagrun for snowflake_data_pipeline to 2025-03-23 13:50:00+00:00, run_after=2025-03-23 14:50:00+00:00
2025-03-23 15:58:57,963 INFO - 1 tasks up for execution:
	<TaskInstance: snowflake_data_pipeline.check_new_data scheduled__2025-03-23T12:50:00+00:00 [scheduled]>
2025-03-23 15:58:57,964 INFO - DAG snowflake_data_pipeline has 1/16 running and queued tasks
2025-03-23 15:58:57,964 INFO - Setting the following tasks to queued state:
	<TaskInstance: snowflake_data_pipeline.check_new_data scheduled__2025-03-23T12:50:00+00:00 [scheduled]>
2025-03-23 15:58:57,968 INFO - Trying to enqueue tasks: [<TaskInstance: snowflake_data_pipeline.check_new_data scheduled__2025-03-23T12:50:00+00:00 [scheduled]>] for executor: LocalExecutor(parallelism=32)
2025-03-23 15:58:57,975 INFO - Sending TaskInstanceKey(dag_id='snowflake_data_pipeline', task_id='check_new_data', run_id='scheduled__2025-03-23T12:50:00+00:00', try_number=1, map_index=-1) to LocalExecutor with priority 2 and queue default
2025-03-23 15:58:57,976 INFO - Adding to queue: ['airflow', 'tasks', 'run', 'snowflake_data_pipeline', 'check_new_data', 'scheduled__2025-03-23T12:50:00+00:00', '--local', '--subdir', 'DAGS_FOLDER/check_data_availabilty.py']
2025-03-23 15:58:58,040 INFO - Setting next_dagrun for snowflake_data_pipeline to 2025-03-23 14:50:00+00:00, run_after=2025-03-23 15:50:00+00:00
2025-03-23 15:58:58,171 INFO - 1 tasks up for execution:
	<TaskInstance: snowflake_data_pipeline.check_new_data scheduled__2025-03-23T13:50:00+00:00 [scheduled]>
2025-03-23 15:58:58,172 INFO - DAG snowflake_data_pipeline has 2/16 running and queued tasks
2025-03-23 15:58:58,172 INFO - Setting the following tasks to queued state:
	<TaskInstance: snowflake_data_pipeline.check_new_data scheduled__2025-03-23T13:50:00+00:00 [scheduled]>
2025-03-23 15:58:58,175 INFO - Trying to enqueue tasks: [<TaskInstance: snowflake_data_pipeline.check_new_data scheduled__2025-03-23T13:50:00+00:00 [scheduled]>] for executor: LocalExecutor(parallelism=32)
2025-03-23 15:58:58,176 INFO - Sending TaskInstanceKey(dag_id='snowflake_data_pipeline', task_id='check_new_data', run_id='scheduled__2025-03-23T13:50:00+00:00', try_number=1, map_index=-1) to LocalExecutor with priority 2 and queue default
2025-03-23 15:58:58,176 INFO - Adding to queue: ['airflow', 'tasks', 'run', 'snowflake_data_pipeline', 'check_new_data', 'scheduled__2025-03-23T13:50:00+00:00', '--local', '--subdir', 'DAGS_FOLDER/check_data_availabilty.py']
2025-03-23 15:58:58,225 INFO - Setting next_dagrun for snowflake_data_pipeline to 2025-03-23 15:50:00+00:00, run_after=2025-03-23 16:50:00+00:00
2025-03-23 15:58:57,976 INFO - QueuedLocalWorker running ['airflow', 'tasks', 'run', 'snowflake_data_pipeline', 'check_new_data', 'scheduled__2025-03-23T11:50:00+00:00', '--local', '--subdir', 'DAGS_FOLDER/check_data_availabilty.py']
2025-03-23 15:58:58,375 INFO - 1 tasks up for execution:
	<TaskInstance: snowflake_data_pipeline.check_new_data scheduled__2025-03-23T14:50:00+00:00 [scheduled]>
2025-03-23 15:58:58,377 INFO - DAG snowflake_data_pipeline has 3/16 running and queued tasks
2025-03-23 15:58:58,377 INFO - Setting the following tasks to queued state:
	<TaskInstance: snowflake_data_pipeline.check_new_data scheduled__2025-03-23T14:50:00+00:00 [scheduled]>
2025-03-23 15:58:58,382 INFO - Trying to enqueue tasks: [<TaskInstance: snowflake_data_pipeline.check_new_data scheduled__2025-03-23T14:50:00+00:00 [scheduled]>] for executor: LocalExecutor(parallelism=32)
2025-03-23 15:58:58,383 INFO - Sending TaskInstanceKey(dag_id='snowflake_data_pipeline', task_id='check_new_data', run_id='scheduled__2025-03-23T14:50:00+00:00', try_number=1, map_index=-1) to LocalExecutor with priority 2 and queue default
2025-03-23 15:58:58,383 INFO - Adding to queue: ['airflow', 'tasks', 'run', 'snowflake_data_pipeline', 'check_new_data', 'scheduled__2025-03-23T14:50:00+00:00', '--local', '--subdir', 'DAGS_FOLDER/check_data_availabilty.py']
2025-03-23 15:58:58,403 INFO - QueuedLocalWorker running ['airflow', 'tasks', 'run', 'snowflake_data_pipeline', 'check_new_data', 'scheduled__2025-03-23T12:50:00+00:00', '--local', '--subdir', 'DAGS_FOLDER/check_data_availabilty.py']
2025-03-23 15:58:58,580 INFO - QueuedLocalWorker running ['airflow', 'tasks', 'run', 'snowflake_data_pipeline', 'check_new_data', 'scheduled__2025-03-23T13:50:00+00:00', '--local', '--subdir', 'DAGS_FOLDER/check_data_availabilty.py']
2025-03-23 15:58:58,719 INFO - QueuedLocalWorker running ['airflow', 'tasks', 'run', 'snowflake_data_pipeline', 'check_new_data', 'scheduled__2025-03-23T14:50:00+00:00', '--local', '--subdir', 'DAGS_FOLDER/check_data_availabilty.py']
2025-03-23 15:58:59,619 INFO - Filling up the DagBag from /home/ravi/analytics_platform/Insurance_analytics/***/dags/check_data_availabilty.py
2025-03-23 15:58:59,618 INFO - Filling up the DagBag from /home/ravi/analytics_platform/Insurance_analytics/***/dags/check_data_availabilty.py
2025-03-23 15:58:59,619 INFO - Filling up the DagBag from /home/ravi/analytics_platform/Insurance_analytics/***/dags/check_data_availabilty.py
2025-03-23 15:58:59,618 INFO - Filling up the DagBag from /home/ravi/analytics_platform/Insurance_analytics/***/dags/check_data_availabilty.py
2025-03-23 15:59:08,215 INFO - Running <TaskInstance: snowflake_data_pipeline.check_new_data scheduled__2025-03-23T11:50:00+00:00 [queued]> on host LAPTOP-4RSLRQ9T.
2025-03-23 15:59:08,216 INFO - Running <TaskInstance: snowflake_data_pipeline.check_new_data scheduled__2025-03-23T14:50:00+00:00 [queued]> on host LAPTOP-4RSLRQ9T.
2025-03-23 15:59:08,212 INFO - Running <TaskInstance: snowflake_data_pipeline.check_new_data scheduled__2025-03-23T12:50:00+00:00 [queued]> on host LAPTOP-4RSLRQ9T.
2025-03-23 15:59:08,506 INFO - Running <TaskInstance: snowflake_data_pipeline.check_new_data scheduled__2025-03-23T13:50:00+00:00 [queued]> on host LAPTOP-4RSLRQ9T.
2025-03-23 15:59:12,848 INFO - 4 tasks up for execution:
	<TaskInstance: snowflake_data_pipeline.process_new_data scheduled__2025-03-23T11:50:00+00:00 [scheduled]>
	<TaskInstance: snowflake_data_pipeline.process_new_data scheduled__2025-03-23T12:50:00+00:00 [scheduled]>
	<TaskInstance: snowflake_data_pipeline.process_new_data scheduled__2025-03-23T13:50:00+00:00 [scheduled]>
	<TaskInstance: snowflake_data_pipeline.process_new_data scheduled__2025-03-23T14:50:00+00:00 [scheduled]>
2025-03-23 15:59:12,882 INFO - DAG snowflake_data_pipeline has 0/16 running and queued tasks
2025-03-23 15:59:12,882 INFO - DAG snowflake_data_pipeline has 1/16 running and queued tasks
2025-03-23 15:59:12,883 INFO - DAG snowflake_data_pipeline has 2/16 running and queued tasks
2025-03-23 15:59:12,883 INFO - DAG snowflake_data_pipeline has 3/16 running and queued tasks
2025-03-23 15:59:12,883 INFO - Setting the following tasks to queued state:
	<TaskInstance: snowflake_data_pipeline.process_new_data scheduled__2025-03-23T11:50:00+00:00 [scheduled]>
	<TaskInstance: snowflake_data_pipeline.process_new_data scheduled__2025-03-23T12:50:00+00:00 [scheduled]>
	<TaskInstance: snowflake_data_pipeline.process_new_data scheduled__2025-03-23T13:50:00+00:00 [scheduled]>
	<TaskInstance: snowflake_data_pipeline.process_new_data scheduled__2025-03-23T14:50:00+00:00 [scheduled]>
2025-03-23 15:59:12,897 INFO - Trying to enqueue tasks: [<TaskInstance: snowflake_data_pipeline.process_new_data scheduled__2025-03-23T11:50:00+00:00 [scheduled]>, <TaskInstance: snowflake_data_pipeline.process_new_data scheduled__2025-03-23T12:50:00+00:00 [scheduled]>, <TaskInstance: snowflake_data_pipeline.process_new_data scheduled__2025-03-23T13:50:00+00:00 [scheduled]>, <TaskInstance: snowflake_data_pipeline.process_new_data scheduled__2025-03-23T14:50:00+00:00 [scheduled]>] for executor: LocalExecutor(parallelism=32)
2025-03-23 15:59:12,905 INFO - Sending TaskInstanceKey(dag_id='snowflake_data_pipeline', task_id='process_new_data', run_id='scheduled__2025-03-23T11:50:00+00:00', try_number=1, map_index=-1) to LocalExecutor with priority 1 and queue default
2025-03-23 15:59:12,906 INFO - Adding to queue: ['airflow', 'tasks', 'run', 'snowflake_data_pipeline', 'process_new_data', 'scheduled__2025-03-23T11:50:00+00:00', '--local', '--subdir', 'DAGS_FOLDER/check_data_availabilty.py']
2025-03-23 15:59:12,906 INFO - Sending TaskInstanceKey(dag_id='snowflake_data_pipeline', task_id='process_new_data', run_id='scheduled__2025-03-23T12:50:00+00:00', try_number=1, map_index=-1) to LocalExecutor with priority 1 and queue default
2025-03-23 15:59:12,906 INFO - Adding to queue: ['airflow', 'tasks', 'run', 'snowflake_data_pipeline', 'process_new_data', 'scheduled__2025-03-23T12:50:00+00:00', '--local', '--subdir', 'DAGS_FOLDER/check_data_availabilty.py']
2025-03-23 15:59:12,907 INFO - Sending TaskInstanceKey(dag_id='snowflake_data_pipeline', task_id='process_new_data', run_id='scheduled__2025-03-23T13:50:00+00:00', try_number=1, map_index=-1) to LocalExecutor with priority 1 and queue default
2025-03-23 15:59:12,907 INFO - Adding to queue: ['airflow', 'tasks', 'run', 'snowflake_data_pipeline', 'process_new_data', 'scheduled__2025-03-23T13:50:00+00:00', '--local', '--subdir', 'DAGS_FOLDER/check_data_availabilty.py']
2025-03-23 15:59:12,907 INFO - Sending TaskInstanceKey(dag_id='snowflake_data_pipeline', task_id='process_new_data', run_id='scheduled__2025-03-23T14:50:00+00:00', try_number=1, map_index=-1) to LocalExecutor with priority 1 and queue default
2025-03-23 15:59:12,907 INFO - Adding to queue: ['airflow', 'tasks', 'run', 'snowflake_data_pipeline', 'process_new_data', 'scheduled__2025-03-23T14:50:00+00:00', '--local', '--subdir', 'DAGS_FOLDER/check_data_availabilty.py']
2025-03-23 15:59:12,921 INFO - Received executor event with state success for task instance TaskInstanceKey(dag_id='snowflake_data_pipeline', task_id='check_new_data', run_id='scheduled__2025-03-23T12:50:00+00:00', try_number=1, map_index=-1)
2025-03-23 15:59:12,922 INFO - Received executor event with state success for task instance TaskInstanceKey(dag_id='snowflake_data_pipeline', task_id='check_new_data', run_id='scheduled__2025-03-23T13:50:00+00:00', try_number=1, map_index=-1)
2025-03-23 15:59:12,922 INFO - Received executor event with state success for task instance TaskInstanceKey(dag_id='snowflake_data_pipeline', task_id='check_new_data', run_id='scheduled__2025-03-23T14:50:00+00:00', try_number=1, map_index=-1)
2025-03-23 15:59:12,922 INFO - Received executor event with state success for task instance TaskInstanceKey(dag_id='snowflake_data_pipeline', task_id='check_new_data', run_id='scheduled__2025-03-23T11:50:00+00:00', try_number=1, map_index=-1)
2025-03-23 15:59:12,928 INFO - TaskInstance Finished: dag_id=snowflake_data_pipeline, task_id=check_new_data, run_id=scheduled__2025-03-23T13:50:00+00:00, map_index=-1, run_start_date=2025-03-23 15:59:08.697759+00:00, run_end_date=2025-03-23 15:59:12.018461+00:00, run_duration=3.320702, state=success, executor=LocalExecutor(parallelism=32), executor_state=success, try_number=1, max_tries=1, job_id=206, pool=default_pool, queue=default, priority_weight=2, operator=SqlSensor, queued_dttm=2025-03-23 15:58:58.173421+00:00, queued_by_job_id=47, pid=29749
2025-03-23 15:59:12,935 INFO - TaskInstance Finished: dag_id=snowflake_data_pipeline, task_id=check_new_data, run_id=scheduled__2025-03-23T12:50:00+00:00, map_index=-1, run_start_date=2025-03-23 15:59:08.550335+00:00, run_end_date=2025-03-23 15:59:12.018083+00:00, run_duration=3.467748, state=success, executor=LocalExecutor(parallelism=32), executor_state=success, try_number=1, max_tries=1, job_id=205, pool=default_pool, queue=default, priority_weight=2, operator=SqlSensor, queued_dttm=2025-03-23 15:58:57.965366+00:00, queued_by_job_id=47, pid=29747
2025-03-23 15:59:12,935 INFO - TaskInstance Finished: dag_id=snowflake_data_pipeline, task_id=check_new_data, run_id=scheduled__2025-03-23T14:50:00+00:00, map_index=-1, run_start_date=2025-03-23 15:59:08.544234+00:00, run_end_date=2025-03-23 15:59:12.181098+00:00, run_duration=3.636864, state=success, executor=LocalExecutor(parallelism=32), executor_state=success, try_number=1, max_tries=1, job_id=204, pool=default_pool, queue=default, priority_weight=2, operator=SqlSensor, queued_dttm=2025-03-23 15:58:58.378730+00:00, queued_by_job_id=47, pid=29746
2025-03-23 15:59:12,936 INFO - TaskInstance Finished: dag_id=snowflake_data_pipeline, task_id=check_new_data, run_id=scheduled__2025-03-23T11:50:00+00:00, map_index=-1, run_start_date=2025-03-23 15:59:08.550341+00:00, run_end_date=2025-03-23 15:59:12.183000+00:00, run_duration=3.632659, state=success, executor=LocalExecutor(parallelism=32), executor_state=success, try_number=1, max_tries=1, job_id=203, pool=default_pool, queue=default, priority_weight=2, operator=SqlSensor, queued_dttm=2025-03-23 15:58:57.665142+00:00, queued_by_job_id=47, pid=29745
2025-03-23 15:59:12,946 INFO - QueuedLocalWorker running ['airflow', 'tasks', 'run', 'snowflake_data_pipeline', 'process_new_data', 'scheduled__2025-03-23T13:50:00+00:00', '--local', '--subdir', 'DAGS_FOLDER/check_data_availabilty.py']
2025-03-23 15:59:12,946 INFO - QueuedLocalWorker running ['airflow', 'tasks', 'run', 'snowflake_data_pipeline', 'process_new_data', 'scheduled__2025-03-23T14:50:00+00:00', '--local', '--subdir', 'DAGS_FOLDER/check_data_availabilty.py']
2025-03-23 15:59:12,946 INFO - QueuedLocalWorker running ['airflow', 'tasks', 'run', 'snowflake_data_pipeline', 'process_new_data', 'scheduled__2025-03-23T12:50:00+00:00', '--local', '--subdir', 'DAGS_FOLDER/check_data_availabilty.py']
2025-03-23 15:59:12,948 INFO - QueuedLocalWorker running ['airflow', 'tasks', 'run', 'snowflake_data_pipeline', 'process_new_data', 'scheduled__2025-03-23T11:50:00+00:00', '--local', '--subdir', 'DAGS_FOLDER/check_data_availabilty.py']
2025-03-23 15:59:13,241 INFO - Filling up the DagBag from /home/ravi/analytics_platform/Insurance_analytics/***/dags/check_data_availabilty.py
2025-03-23 15:59:13,241 INFO - Filling up the DagBag from /home/ravi/analytics_platform/Insurance_analytics/***/dags/check_data_availabilty.py
2025-03-23 15:59:13,241 INFO - Filling up the DagBag from /home/ravi/analytics_platform/Insurance_analytics/***/dags/check_data_availabilty.py
2025-03-23 15:59:13,241 INFO - Filling up the DagBag from /home/ravi/analytics_platform/Insurance_analytics/***/dags/check_data_availabilty.py
2025-03-23 15:59:16,398 INFO - Running <TaskInstance: snowflake_data_pipeline.process_new_data scheduled__2025-03-23T13:50:00+00:00 [queued]> on host LAPTOP-4RSLRQ9T.
2025-03-23 15:59:16,399 INFO - Running <TaskInstance: snowflake_data_pipeline.process_new_data scheduled__2025-03-23T12:50:00+00:00 [queued]> on host LAPTOP-4RSLRQ9T.
2025-03-23 15:59:16,399 INFO - Running <TaskInstance: snowflake_data_pipeline.process_new_data scheduled__2025-03-23T11:50:00+00:00 [queued]> on host LAPTOP-4RSLRQ9T.
2025-03-23 15:59:16,410 INFO - Running <TaskInstance: snowflake_data_pipeline.process_new_data scheduled__2025-03-23T14:50:00+00:00 [queued]> on host LAPTOP-4RSLRQ9T.
2025-03-23 15:59:19,298 INFO - Marking run <DagRun snowflake_data_pipeline @ 2025-03-23 14:50:00+00:00: scheduled__2025-03-23T14:50:00+00:00, state:running, queued_at: 2025-03-23 15:58:58.214568+00:00. externally triggered: False> successful
2025-03-23 15:59:19,323 INFO - DagRun Finished: dag_id=snowflake_data_pipeline, execution_date=2025-03-23 14:50:00+00:00, run_id=scheduled__2025-03-23T14:50:00+00:00, run_start_date=2025-03-23 15:58:58.244997+00:00, run_end_date=2025-03-23 15:59:19.316877+00:00, run_duration=21.07188, state=success, external_trigger=False, run_type=scheduled, data_interval_start=2025-03-23 14:50:00+00:00, data_interval_end=2025-03-23 15:50:00+00:00, dag_hash=9d4501b798e5aff6d31a613134dc3750
2025-03-23 15:59:19,356 INFO - Setting next_dagrun for snowflake_data_pipeline to 2025-03-23 15:50:00+00:00, run_after=2025-03-23 16:50:00+00:00
2025-03-23 15:59:19,390 INFO - Received executor event with state success for task instance TaskInstanceKey(dag_id='snowflake_data_pipeline', task_id='process_new_data', run_id='scheduled__2025-03-23T13:50:00+00:00', try_number=1, map_index=-1)
2025-03-23 15:59:19,399 INFO - TaskInstance Finished: dag_id=snowflake_data_pipeline, task_id=process_new_data, run_id=scheduled__2025-03-23T13:50:00+00:00, map_index=-1, run_start_date=2025-03-23 15:59:16.541522+00:00, run_end_date=2025-03-23 15:59:19.190980+00:00, run_duration=2.649458, state=success, executor=LocalExecutor(parallelism=32), executor_state=success, try_number=1, max_tries=1, job_id=209, pool=default_pool, queue=default, priority_weight=1, operator=SqlSensor, queued_dttm=2025-03-23 15:59:12.888616+00:00, queued_by_job_id=47, pid=29910
2025-03-23 15:59:19,623 INFO - Marking run <DagRun snowflake_data_pipeline @ 2025-03-23 13:50:00+00:00: scheduled__2025-03-23T13:50:00+00:00, state:running, queued_at: 2025-03-23 15:58:58.028780+00:00. externally triggered: False> successful
2025-03-23 15:59:19,625 INFO - DagRun Finished: dag_id=snowflake_data_pipeline, execution_date=2025-03-23 13:50:00+00:00, run_id=scheduled__2025-03-23T13:50:00+00:00, run_start_date=2025-03-23 15:58:58.061321+00:00, run_end_date=2025-03-23 15:59:19.625034+00:00, run_duration=21.563713, state=success, external_trigger=False, run_type=scheduled, data_interval_start=2025-03-23 13:50:00+00:00, data_interval_end=2025-03-23 14:50:00+00:00, dag_hash=9d4501b798e5aff6d31a613134dc3750
2025-03-23 15:59:19,627 INFO - Setting next_dagrun for snowflake_data_pipeline to 2025-03-23 14:50:00+00:00, run_after=2025-03-23 15:50:00+00:00
2025-03-23 15:59:19,630 INFO - Marking run <DagRun snowflake_data_pipeline @ 2025-03-23 12:50:00+00:00: scheduled__2025-03-23T12:50:00+00:00, state:running, queued_at: 2025-03-23 15:58:57.833867+00:00. externally triggered: False> successful
2025-03-23 15:59:19,630 INFO - DagRun Finished: dag_id=snowflake_data_pipeline, execution_date=2025-03-23 12:50:00+00:00, run_id=scheduled__2025-03-23T12:50:00+00:00, run_start_date=2025-03-23 15:58:57.864073+00:00, run_end_date=2025-03-23 15:59:19.630941+00:00, run_duration=21.766868, state=success, external_trigger=False, run_type=scheduled, data_interval_start=2025-03-23 12:50:00+00:00, data_interval_end=2025-03-23 13:50:00+00:00, dag_hash=9d4501b798e5aff6d31a613134dc3750
2025-03-23 15:59:19,634 INFO - Setting next_dagrun for snowflake_data_pipeline to 2025-03-23 13:50:00+00:00, run_after=2025-03-23 14:50:00+00:00
2025-03-23 15:59:19,636 INFO - Marking run <DagRun snowflake_data_pipeline @ 2025-03-23 11:50:00+00:00: scheduled__2025-03-23T11:50:00+00:00, state:running, queued_at: 2025-03-23 15:58:57.209092+00:00. externally triggered: False> successful
2025-03-23 15:59:19,637 INFO - DagRun Finished: dag_id=snowflake_data_pipeline, execution_date=2025-03-23 11:50:00+00:00, run_id=scheduled__2025-03-23T11:50:00+00:00, run_start_date=2025-03-23 15:58:57.343150+00:00, run_end_date=2025-03-23 15:59:19.637092+00:00, run_duration=22.293942, state=success, external_trigger=False, run_type=scheduled, data_interval_start=2025-03-23 11:50:00+00:00, data_interval_end=2025-03-23 12:50:00+00:00, dag_hash=9d4501b798e5aff6d31a613134dc3750
2025-03-23 15:59:19,641 INFO - Setting next_dagrun for snowflake_data_pipeline to 2025-03-23 12:50:00+00:00, run_after=2025-03-23 13:50:00+00:00
2025-03-23 15:59:19,650 INFO - Received executor event with state success for task instance TaskInstanceKey(dag_id='snowflake_data_pipeline', task_id='process_new_data', run_id='scheduled__2025-03-23T14:50:00+00:00', try_number=1, map_index=-1)
2025-03-23 15:59:19,650 INFO - Received executor event with state success for task instance TaskInstanceKey(dag_id='snowflake_data_pipeline', task_id='process_new_data', run_id='scheduled__2025-03-23T11:50:00+00:00', try_number=1, map_index=-1)
2025-03-23 15:59:19,650 INFO - Received executor event with state success for task instance TaskInstanceKey(dag_id='snowflake_data_pipeline', task_id='process_new_data', run_id='scheduled__2025-03-23T12:50:00+00:00', try_number=1, map_index=-1)
2025-03-23 15:59:19,655 INFO - TaskInstance Finished: dag_id=snowflake_data_pipeline, task_id=process_new_data, run_id=scheduled__2025-03-23T14:50:00+00:00, map_index=-1, run_start_date=2025-03-23 15:59:16.571724+00:00, run_end_date=2025-03-23 15:59:19.248184+00:00, run_duration=2.67646, state=success, executor=LocalExecutor(parallelism=32), executor_state=success, try_number=1, max_tries=1, job_id=210, pool=default_pool, queue=default, priority_weight=1, operator=SqlSensor, queued_dttm=2025-03-23 15:59:12.888616+00:00, queued_by_job_id=47, pid=29913
2025-03-23 15:59:19,656 INFO - TaskInstance Finished: dag_id=snowflake_data_pipeline, task_id=process_new_data, run_id=scheduled__2025-03-23T12:50:00+00:00, map_index=-1, run_start_date=2025-03-23 15:59:16.535587+00:00, run_end_date=2025-03-23 15:59:19.333481+00:00, run_duration=2.797894, state=success, executor=LocalExecutor(parallelism=32), executor_state=success, try_number=1, max_tries=1, job_id=208, pool=default_pool, queue=default, priority_weight=1, operator=SqlSensor, queued_dttm=2025-03-23 15:59:12.888616+00:00, queued_by_job_id=47, pid=29907
2025-03-23 15:59:19,656 INFO - TaskInstance Finished: dag_id=snowflake_data_pipeline, task_id=process_new_data, run_id=scheduled__2025-03-23T11:50:00+00:00, map_index=-1, run_start_date=2025-03-23 15:59:16.547273+00:00, run_end_date=2025-03-23 15:59:19.310595+00:00, run_duration=2.763322, state=success, executor=LocalExecutor(parallelism=32), executor_state=success, try_number=1, max_tries=1, job_id=207, pool=default_pool, queue=default, priority_weight=1, operator=SqlSensor, queued_dttm=2025-03-23 15:59:12.888616+00:00, queued_by_job_id=47, pid=29908
2025-03-23 15:59:20,687 INFO - Setting next_dagrun for snowflake_data_pipeline to 2025-03-23 13:50:00+00:00, run_after=2025-03-23 14:50:00+00:00
2025-03-23 15:59:21,721 INFO - Setting next_dagrun for snowflake_data_pipeline to 2025-03-23 14:50:00+00:00, run_after=2025-03-23 15:50:00+00:00
2025-03-23 15:59:22,875 INFO - Setting next_dagrun for snowflake_data_pipeline to 2025-03-23 15:50:00+00:00, run_after=2025-03-23 16:50:00+00:00
2025-03-23 16:00:57,536 INFO - Adopting or resetting orphaned tasks for active dag runs
2025-03-23 16:06:27,764 INFO - Adopting or resetting orphaned tasks for active dag runs
2025-03-23 16:12:03,633 INFO - Adopting or resetting orphaned tasks for active dag runs
2025-03-23 16:17:35,916 INFO - Adopting or resetting orphaned tasks for active dag runs
2025-03-23 16:23:08,157 INFO - Adopting or resetting orphaned tasks for active dag runs
2025-03-23 16:28:40,504 INFO - Adopting or resetting orphaned tasks for active dag runs
2025-03-23 16:40:47,453 INFO - Heartbeat recovered after 444.94 seconds
2025-03-23 16:41:30,017 INFO - Adopting or resetting orphaned tasks for active dag runs
2025-03-23 16:41:39,305 INFO - Exiting gracefully upon receiving signal 15
2025-03-23 16:41:40,340 INFO - Sending 15 to group 3151. PIDs of all processes in the group: [3151]
2025-03-23 16:41:40,341 INFO - Sending the signal 15 to group 3151
2025-03-23 16:41:40,344 INFO - Process psutil.Process(pid=3151, status='terminated', exitcode=0, started='14:31:28') (3151) terminated with exit code 0
2025-03-23 16:41:40,350 INFO - Shutting down LocalExecutor; waiting for running tasks to finish.  Signal again if you don't want to wait.
2025-03-23 16:41:41,047 INFO - Sending 15 to group 3151. PIDs of all processes in the group: []
2025-03-23 16:41:41,049 INFO - Sending the signal 15 to group 3151
2025-03-23 16:41:41,051 INFO - Sending the signal 15 to process 3151 as process group is missing.
2025-03-23 16:41:41,052 INFO - Exited execute loop
2025-03-28 17:35:41,010 INFO - Loaded executor: SequentialExecutor
2025-03-28 17:35:41,055 INFO - Starting the scheduler
2025-03-28 17:35:41,056 INFO - Processing each file at most -1 times
2025-03-28 17:35:41,063 INFO - Launched DagFileProcessorManager with pid: 54152
2025-03-28 17:35:41,066 INFO - Adopting or resetting orphaned tasks for active dag runs
2025-03-28 17:35:41,067 INFO - Configured default timezone UTC
2025-03-28 17:41:10,694 INFO - Adopting or resetting orphaned tasks for active dag runs
2025-03-28 17:44:53,996 INFO - Exiting gracefully upon receiving signal 15
2025-03-28 17:44:54,193 INFO - Sending 15 to group 54152. PIDs of all processes in the group: []
2025-03-28 17:44:54,193 INFO - Sending the signal 15 to group 54152
2025-03-28 17:44:54,193 INFO - Sending the signal 15 to process 54152 as process group is missing.
2025-03-28 17:44:54,194 INFO - Sending 15 to group 54152. PIDs of all processes in the group: []
2025-03-28 17:44:54,194 INFO - Sending the signal 15 to group 54152
2025-03-28 17:44:54,194 INFO - Sending the signal 15 to process 54152 as process group is missing.
2025-03-28 17:44:54,195 INFO - Exited execute loop
2025-03-28 17:45:47,844 INFO - Loaded executor: SequentialExecutor
2025-03-28 17:45:47,881 INFO - Starting the scheduler
2025-03-28 17:45:47,881 INFO - Processing each file at most -1 times
2025-03-28 17:45:47,886 INFO - Launched DagFileProcessorManager with pid: 56416
2025-03-28 17:45:47,888 INFO - Adopting or resetting orphaned tasks for active dag runs
2025-03-28 17:45:47,890 INFO - Configured default timezone UTC
2025-03-28 17:51:23,972 INFO - Adopting or resetting orphaned tasks for active dag runs
2025-03-28 17:56:54,429 INFO - Adopting or resetting orphaned tasks for active dag runs
2025-03-28 18:02:30,685 INFO - Adopting or resetting orphaned tasks for active dag runs
2025-03-28 18:02:34,392 INFO - Exiting gracefully upon receiving signal 15
2025-03-28 18:02:34,545 INFO - Sending 15 to group 56416. PIDs of all processes in the group: []
2025-03-28 18:02:34,546 INFO - Sending the signal 15 to group 56416
2025-03-28 18:02:34,546 INFO - Sending the signal 15 to process 56416 as process group is missing.
2025-03-28 18:02:34,547 INFO - Sending 15 to group 56416. PIDs of all processes in the group: []
2025-03-28 18:02:34,547 INFO - Sending the signal 15 to group 56416
2025-03-28 18:02:34,548 INFO - Sending the signal 15 to process 56416 as process group is missing.
2025-03-28 18:02:34,548 INFO - Exited execute loop
2025-03-28 18:03:19,105 INFO - Loaded executor: LocalExecutor
2025-03-28 18:43:19,592 INFO - Loaded executor: LocalExecutor
2025-03-28 18:43:24,680 INFO - Starting the scheduler
2025-03-28 18:43:24,681 INFO - Processing each file at most -1 times
2025-03-28 18:43:24,968 INFO - Launched DagFileProcessorManager with pid: 78644
2025-03-28 18:43:24,987 INFO - Adopting or resetting orphaned tasks for active dag runs
2025-03-28 18:43:24,995 INFO - Configured default timezone UTC
